# Alias OBJ Model File
# Exported from SketchUp, (c) 2000-2012 Trimble Navigation Limited
# File units = meters
# Stripped to "average_male" meshes only
mtllib patient_human.mtl
v 2.80717 0.805462 -1.51921
v 2.80777 0.800636 -1.52259
v 2.79887 0.805554 -1.52223
v 2.81613 0.803363 -1.51671
v 2.81431 0.803182 -1.51071
v 2.80332 0.806085 -1.51537
v 2.79653 0.805605 -1.51903
v 2.79765 0.802692 -1.52337
v 2.80428 0.794566 -1.52011
v 2.81202 0.792101 -1.51846
v 2.80187 0.795233 -1.51564
v 2.81181 0.791644 -1.51242
v 2.82165 0.789479 -1.51596
v 2.82102 0.796799 -1.51899
v 2.81586 0.798516 -1.52035
v 2.82208 0.802087 -1.51578
v 2.82858 0.801265 -1.51994
v 2.82353 0.802495 -1.51006
v 2.81298 0.797955 -1.50811
v 2.80204 0.801557 -1.51297
v 2.79314 0.798072 -1.5187
v 2.79474 0.804237 -1.51602
v 2.79462 0.799054 -1.52194
v 2.82189 0.789734 -1.51034
v 2.83166 0.788195 -1.51356
v 2.82505 0.795562 -1.50645
v 2.83351 0.802323 -1.51607
v 2.83655 0.795095 -1.51135
v 2.83864 0.788999 -1.51976
v 2.83272 0.788644 -1.52365
v 2.82759 0.788361 -1.51893
v 2.82648 0.795635 -1.5225
v 2.8289 0.796234 -1.52513
v 2.83005 0.796654 -1.52897
v 2.83222 0.802317 -1.52638
v 2.83122 0.795697 -1.5339
v 2.8345 0.7896 -1.53087
v 2.83673 0.789776 -1.53483
v 2.82735 0.791474 -1.54049
v 2.82911 0.805223 -1.53603
v 2.83316 0.806234 -1.52847
v 2.83885 0.806989 -1.5237
v 2.83431 0.81019 -1.51559
v 2.8362 0.807275 -1.51722
v 2.85147 0.808414 -1.51549
v 2.83908 0.806128 -1.50715
v 2.8454 0.807432 -1.50042
v 2.85226 0.817803 -1.51073
v 2.85404 0.82576 -1.52077
v 2.84731 0.825398 -1.51426
v 2.8463 0.830062 -1.50937
v 2.85663 0.836893 -1.51016
v 2.85385 0.850251 -1.52177
v 2.85685 0.848882 -1.53085
v 2.85792 0.827188 -1.53187
v 2.85292 0.804947 -1.52706
v 2.84801 0.797281 -1.52388
v 2.83869 0.803413 -1.52238
v 2.83108 0.801343 -1.52372
v 2.83779 0.803038 -1.51975
v 2.8417 0.795911 -1.51663
v 2.84359 0.789446 -1.52937
v 2.84868 0.791969 -1.53431
v 2.84716 0.793569 -1.54302
v 2.85565 0.807833 -1.54013
v 2.85517 0.808497 -1.55526
v 2.84617 0.794463 -1.55531
v 2.83575 0.787774 -1.54117
v 2.83246 0.786569 -1.55674
v 2.83686 0.794559 -1.59745
v 2.85083 0.807414 -1.59737
v 2.84745 0.80655 -1.61218
v 2.82726 0.793368 -1.61245
v 2.82498 0.790982 -1.59647
v 2.8178 0.793822 -1.58059
v 2.81281 0.81067 -1.59424
v 2.81921 0.810225 -1.57026
v 2.82106 0.788799 -1.55829
v 2.82493 0.805076 -1.55096
v 2.83168 0.826696 -1.54283
v 2.82751 0.82422 -1.56107
v 2.82449 0.841281 -1.56181
v 2.82922 0.847173 -1.54199
v 2.83407 0.825321 -1.52822
v 2.83525 0.824466 -1.52004
v 2.83394 0.848973 -1.51995
v 2.83468 0.834193 -1.51147
v 2.83364 0.818706 -1.51401
v 2.83489 0.809793 -1.5091
v 2.83134 0.808953 -1.5058
v 2.83463 0.804272 -1.50123
v 2.83843 0.806918 -1.49429
v 2.84634 0.816928 -1.49696
v 2.84701 0.824646 -1.50871
v 2.83454 0.817895 -1.5077
v 2.82993 0.816134 -1.50468
v 2.8198 0.80755 -1.49878
v 2.81868 0.804322 -1.49306
v 2.81851 0.806437 -1.48747
v 2.83799 0.816162 -1.49124
v 2.84237 0.824045 -1.50034
v 2.83445 0.822464 -1.49365
v 2.81856 0.814623 -1.4987
v 2.8089 0.808153 -1.4995
v 2.80792 0.804739 -1.49486
v 2.80683 0.80758 -1.48832
v 2.80801 0.814452 -1.48651
v 2.79764 0.814015 -1.48853
v 2.7988 0.819226 -1.49263
v 2.79078 0.813194 -1.48907
v 2.79649 0.808128 -1.48985
v 2.79128 0.808505 -1.48961
v 2.78732 0.808459 -1.49452
v 2.7986 0.80493 -1.49495
v 2.79148 0.809516 -1.49851
v 2.79111 0.813753 -1.49766
v 2.80029 0.813919 -1.50034
v 2.78757 0.815719 -1.49309
v 2.80971 0.82073 -1.4899
v 2.81751 0.813928 -1.48354
v 2.82037 0.820856 -1.48919
v 2.80075 0.809775 -1.50038
v 2.83523 0.835745 -1.50007
v 2.84494 0.830466 -1.49677
v 2.85241 0.837719 -1.49482
v 2.8506 0.844811 -1.4952
v 2.84264 0.838866 -1.48179
v 2.84207 0.844527 -1.48254
v 2.84459 0.850475 -1.49779
v 2.84613 0.850573 -1.50871
v 2.83439 0.845117 -1.50036
v 2.8373 0.85014 -1.48644
v 2.82575 0.843993 -1.47116
v 2.82256 0.848519 -1.47455
v 2.81616 0.845429 -1.4805
v 2.828 0.83566 -1.49241
v 2.81498 0.834337 -1.47918
v 2.8355 0.83073 -1.48516
v 2.83422 0.845195 -1.50858
v 2.8405 0.851348 -1.51476
v 2.8538 0.845831 -1.51142
v 2.84423 0.857917 -1.51191
v 2.85455 0.863671 -1.51461
v 2.85401 0.872178 -1.52358
v 2.85301 0.873888 -1.51816
v 2.84424 0.878376 -1.51819
v 2.84179 0.874757 -1.52853
v 2.85217 0.868262 -1.53614
v 2.8582 0.844793 -1.55137
v 2.85807 0.827008 -1.55301
v 2.85465 0.82214 -1.59701
v 2.85054 0.820632 -1.61496
v 2.80906 0.771757 -1.78848
v 2.84689 0.835595 -1.61865
v 2.80338 0.803793 -1.79266
v 2.7835 0.770374 -1.87835
v 2.76146 0.736563 -1.8769
v 2.78324 0.745804 -1.77345
v 2.75033 0.765506 -1.76259
v 2.73456 0.731762 -1.85857
v 2.71497 0.748271 -1.85512
v 2.7112 0.770142 -1.85539
v 2.68891 0.773837 -1.94108
v 2.7203 0.789468 -1.85505
v 2.74498 0.791114 -1.75887
v 2.81847 0.798389 -1.6092
v 2.81331 0.817831 -1.61258
v 2.81348 0.828605 -1.59771
v 2.81765 0.827146 -1.58074
v 2.81506 0.839918 -1.57866
v 2.82227 0.856288 -1.56078
v 2.8292 0.869504 -1.55483
v 2.83406 0.867392 -1.53249
v 2.83178 0.849626 -1.52667
v 2.83679 0.869156 -1.52424
v 2.83681 0.858474 -1.51734
v 2.84 0.865109 -1.50488
v 2.84528 0.86177 -1.50474
v 2.85443 0.867236 -1.50517
v 2.8534 0.88032 -1.49726
v 2.85425 0.871081 -1.4937
v 2.84964 0.876169 -1.48395
v 2.84294 0.868409 -1.48271
v 2.84564 0.878629 -1.47285
v 2.84476 0.885802 -1.47543
v 2.83726 0.889074 -1.46199
v 2.83626 0.890259 -1.4755
v 2.84027 0.887352 -1.48788
v 2.83157 0.880754 -1.48453
v 2.8368 0.874848 -1.49982
v 2.84368 0.883755 -1.50246
v 2.84452 0.881136 -1.51054
v 2.83677 0.872364 -1.50853
v 2.83606 0.869478 -1.51796
v 2.84073 0.872765 -1.5399
v 2.85012 0.867395 -1.55536
v 2.85183 0.841508 -1.59818
v 2.8357 0.857925 -1.60261
v 2.83492 0.875403 -1.57168
v 2.83908 0.872823 -1.55356
v 2.8311 0.878399 -1.56297
v 2.82058 0.88101 -1.56902
v 2.82516 0.872124 -1.58796
v 2.81163 0.868305 -1.58872
v 2.82659 0.845203 -1.6203
v 2.78438 0.814847 -1.78457
v 2.75358 0.806981 -1.8745
v 2.75794 0.77498 -1.97357
v 2.74189 0.73044 -1.97387
v 2.7196 0.720231 -1.95318
v 2.69527 0.727309 -2.06533
v 2.66457 0.766889 -2.02282
v 2.67411 0.733389 -2.0814
v 2.6677 0.780474 -2.00368
v 2.67784 0.840912 -2.01065
v 2.68429 0.743582 -1.94321
v 2.69951 0.793668 -1.95102
v 2.73252 0.799202 -1.86204
v 2.76643 0.815893 -1.77109
v 2.75154 0.809262 -1.76327
v 2.81608 0.834537 -1.61762
v 2.8111 0.847965 -1.5913
v 2.80549 0.859714 -1.57478
v 2.80706 0.86484 -1.56127
v 2.81959 0.866198 -1.54989
v 2.82568 0.870367 -1.54862
v 2.82785 0.878904 -1.55391
v 2.81845 0.884002 -1.55632
v 2.8085 0.881344 -1.55315
v 2.81658 0.888348 -1.54531
v 2.80765 0.885652 -1.54476
v 2.80834 0.87284 -1.54615
v 2.80674 0.87689 -1.53402
v 2.81676 0.872204 -1.53761
v 2.81534 0.874862 -1.527
v 2.82399 0.877987 -1.53453
v 2.82768 0.880289 -1.54515
v 2.8252 0.88482 -1.53272
v 2.81712 0.890711 -1.53412
v 2.80719 0.888864 -1.53424
v 2.80786 0.890018 -1.5261
v 2.80499 0.879831 -1.52458
v 2.80557 0.881759 -1.51637
v 2.81346 0.87982 -1.51597
v 2.81219 0.885159 -1.51071
v 2.81629 0.888117 -1.51045
v 2.80877 0.893649 -1.50987
v 2.80609 0.887846 -1.50937
v 2.80884 0.891483 -1.5169
v 2.8133 0.89538 -1.51045
v 2.81876 0.891588 -1.51148
v 2.82213 0.885217 -1.51717
v 2.82373 0.880807 -1.52818
v 2.82486 0.886003 -1.52706
v 2.81679 0.891904 -1.52646
v 2.81633 0.894562 -1.51867
v 2.82357 0.88863 -1.51792
v 2.80637 0.874758 -1.56932
v 2.71539 0.809546 -1.96064
v 2.68391 0.854544 -2.03626
v 2.67687 0.868654 -2.01855
v 2.66642 0.886779 -2.03704
v 2.66251 0.896713 -2.01691
v 2.67311 0.870686 -1.9943
v 2.65189 0.907942 -1.97676
v 2.63476 0.916622 -2.01043
v 2.63658 0.906287 -2.03693
v 2.56744 0.907302 -2.03786
v 2.56814 0.915155 -2.01127
v 2.5324 0.909777 -2.01122
v 2.57009 0.922333 -1.97049
v 2.62012 0.923264 -1.97861
v 2.60659 0.925503 -1.96451
v 2.56983 0.918706 -1.94442
v 2.5324 0.914309 -1.94794
v 2.53418 0.911031 -1.901
v 2.49497 0.918698 -1.94443
v 2.49471 0.922332 -1.97048
v 2.45821 0.925503 -1.96451
v 2.44468 0.923264 -1.97861
v 2.43934 0.910892 -1.93447
v 2.44481 0.903421 -1.88801
v 2.40681 0.861831 -1.89716
v 2.40028 0.864589 -1.9439
v 2.39691 0.829774 -1.92239
v 2.3888 0.839666 -1.96532
v 2.39225 0.8709 -1.99456
v 2.41293 0.907946 -1.97679
v 2.43017 0.916668 -2.01063
v 2.49663 0.915149 -2.0113
v 2.49733 0.907291 -2.03799
v 2.5324 0.906501 -2.03585
v 2.49095 0.886765 -2.08752
v 2.57385 0.886756 -2.08739
v 2.63405 0.895132 -2.05914
v 2.63964 0.867682 -2.09694
v 2.67708 0.869114 -2.05701
v 2.7016 0.83874 -2.04236
v 2.73517 0.810594 -1.97229
v 2.74724 0.802672 -2.06684
v 2.73217 0.746213 -2.07874
v 2.70299 0.753283 -2.12654
v 2.65752 0.729843 -2.07916
v 2.67256 0.784998 -1.9599
v 2.67627 0.839563 -1.96518
v 2.66789 0.829774 -1.92239
v 2.66461 0.864563 -1.94385
v 2.65799 0.861831 -1.89716
v 2.62546 0.910892 -1.93447
v 2.61999 0.903421 -1.88801
v 2.57285 0.911742 -1.9037
v 2.57729 0.904662 -1.85685
v 2.616 0.89378 -1.85018
v 2.58299 0.891235 -1.80483
v 2.48751 0.904662 -1.85685
v 2.48181 0.891235 -1.80483
v 2.4488 0.89378 -1.85018
v 2.41232 0.868648 -1.8711
v 2.4088 0.842626 -1.84058
v 2.44848 0.878308 -1.80338
v 2.48337 0.883709 -1.74045
v 2.5324 0.885978 -1.73523
v 2.482 0.871306 -1.6848
v 2.4286 0.854317 -1.69942
v 2.43811 0.866982 -1.7518
v 2.40917 0.836582 -1.80025
v 2.40868 0.800304 -1.84559
v 2.40375 0.791868 -1.88349
v 2.42442 0.751044 -1.85623
v 2.41038 0.786714 -1.80073
v 2.40202 0.801271 -1.74641
v 2.3948 0.789758 -1.70415
v 2.41225 0.844824 -1.65379
v 2.38556 0.778193 -1.66065
v 2.41498 0.728719 -1.71294
v 2.41239 0.752652 -1.75736
v 2.43352 0.746108 -1.80978
v 2.45824 0.729452 -1.85831
v 2.4731 0.725414 -1.81524
v 2.5324 0.721999 -1.856
v 2.46253 0.723278 -1.89572
v 2.42418 0.744322 -1.89298
v 2.42686 0.731274 -1.94763
v 2.39267 0.785157 -1.9601
v 2.39883 0.781134 -2.00414
v 2.40157 0.764925 -2.02788
v 2.40746 0.729938 -2.0791
v 2.40252 0.76778 -2.02306
v 2.37117 0.728071 -2.06323
v 2.39118 0.733647 -2.08084
v 2.33384 0.746833 -2.07521
v 2.32916 0.732835 -1.96936
v 2.35241 0.72295 -1.94959
v 2.38816 0.746424 -1.94172
v 2.34236 0.736495 -1.85492
v 2.36179 0.753328 -1.8526
v 2.38359 0.776817 -1.93984
v 2.38846 0.841489 -2.01105
v 2.3725 0.796471 -1.94959
v 2.35597 0.794134 -1.85252
v 2.34338 0.803581 -1.859
v 2.31235 0.819749 -1.76588
v 2.29376 0.817653 -1.77819
v 2.25696 0.846049 -1.61195
v 2.27495 0.805639 -1.78507
v 2.32168 0.810979 -1.87045
v 2.35615 0.812183 -1.95868
v 2.38276 0.855302 -2.03648
v 2.38899 0.869069 -2.01892
v 2.38842 0.84552 -1.99931
v 2.40278 0.896908 -2.01725
v 2.4285 0.906404 -2.03744
v 2.43097 0.895221 -2.05978
v 2.42516 0.867715 -2.09738
v 2.38871 0.869544 -2.05728
v 2.37404 0.850396 -2.0878
v 2.40928 0.847733 -2.11946
v 2.37007 0.837273 -2.10563
v 2.40152 0.809934 -2.14961
v 2.45476 0.845144 -2.13803
v 2.47552 0.859926 -2.13175
v 2.47331 0.845637 -2.16383
v 2.43887 0.815926 -2.16793
v 2.46804 0.82965 -2.18298
v 2.48579 0.857839 -2.18121
v 2.48992 0.863106 -2.15185
v 2.50265 0.870987 -2.1266
v 2.50842 0.877796 -2.11306
v 2.53245 0.874357 -2.12281
v 2.53234 0.875774 -2.13725
v 2.56213 0.870915 -2.12656
v 2.55633 0.877779 -2.11294
v 2.58903 0.860009 -2.13148
v 2.57483 0.863127 -2.1518
v 2.59146 0.84566 -2.16378
v 2.60958 0.845413 -2.13769
v 2.65517 0.847613 -2.11934
v 2.66232 0.810219 -2.14998
v 2.62524 0.816149 -2.16786
v 2.6556 0.77727 -2.16207
v 2.70894 0.8064 -2.12945
v 2.69473 0.837148 -2.10641
v 2.60485 0.748451 -2.14795
v 2.63055 0.716236 -2.06266
v 2.64147 0.724205 -1.99807
v 2.63798 0.731261 -1.94761
v 2.64062 0.744322 -1.89298
v 2.66105 0.791877 -1.88349
v 2.64038 0.751044 -1.85623
v 2.60656 0.729452 -1.85831
v 2.60227 0.723278 -1.89572
v 2.59169 0.725414 -1.81524
v 2.63128 0.746108 -1.80978
v 2.61825 0.72084 -1.76199
v 2.65251 0.752539 -1.75742
v 2.65442 0.786714 -1.80073
v 2.65612 0.800304 -1.84559
v 2.656 0.842626 -1.84058
v 2.65248 0.868649 -1.8711
v 2.61631 0.878308 -1.80338
v 2.58149 0.883933 -1.74038
v 2.5828 0.871306 -1.6848
v 2.6362 0.854317 -1.69942
v 2.65255 0.844824 -1.65379
v 2.57592 0.859683 -1.6357
v 2.5324 0.861946 -1.62802
v 2.53211 0.840602 -1.5942
v 2.48888 0.859683 -1.6357
v 2.4122 0.840163 -1.61717
v 2.37453 0.7717 -1.62104
v 2.36642 0.775844 -1.59232
v 2.38185 0.714102 -1.58926
v 2.3893 0.711836 -1.61492
v 2.40123 0.708955 -1.65597
v 2.44428 0.681237 -1.69837
v 2.44655 0.72084 -1.76199
v 2.49623 0.691325 -1.73996
v 2.50348 0.659292 -1.67124
v 2.42638 0.670872 -1.63845
v 2.48827 0.660127 -1.61517
v 2.53386 0.688625 -1.61327
v 2.49105 0.682861 -1.589
v 2.53763 0.704228 -1.59792
v 2.57375 0.682861 -1.589
v 2.57653 0.660127 -1.61517
v 2.56132 0.659292 -1.67124
v 2.53178 0.68155 -1.67019
v 2.5285 0.693736 -1.74027
v 2.56857 0.691325 -1.73996
v 2.53232 0.724668 -1.81967
v 2.62052 0.681237 -1.69837
v 2.64982 0.728719 -1.71294
v 2.67 0.789758 -1.70415
v 2.66299 0.801181 -1.74609
v 2.65563 0.836582 -1.80025
v 2.62666 0.866917 -1.7518
v 2.67924 0.778193 -1.66065
v 2.6526 0.840163 -1.61717
v 2.57157 0.832399 -1.58776
v 2.65983 0.836352 -1.57419
v 2.69838 0.775844 -1.59232
v 2.7125 0.785874 -1.50839
v 2.70352 0.71843 -1.51363
v 2.71092 0.717104 -1.41894
v 2.66295 0.680323 -1.50325
v 2.67123 0.678315 -1.36059
v 2.70737 0.701043 -1.34122
v 2.70954 0.735313 -1.32979
v 2.71923 0.762207 -1.40845
v 2.67854 0.811262 -1.4015
v 2.66602 0.835042 -1.50267
v 2.5804 0.818259 -1.54633
v 2.54473 0.764081 -1.55969
v 2.5324 0.769514 -1.57499
v 2.49323 0.832399 -1.58776
v 2.40497 0.836352 -1.57419
v 2.3523 0.785874 -1.50839
v 2.36128 0.71843 -1.51363
v 2.35388 0.717104 -1.41894
v 2.40185 0.680323 -1.50325
v 2.42086 0.678597 -1.57688
v 2.46798 0.693677 -1.4979
v 2.39357 0.678315 -1.36059
v 2.43503 0.684945 -1.34588
v 2.48058 0.726007 -1.41403
v 2.46046 0.711246 -1.33279
v 2.43058 0.688937 -1.24484
v 2.45399 0.74254 -1.33195
v 2.4786 0.756357 -1.40357
v 2.50374 0.765555 -1.49096
v 2.50185 0.730962 -1.49073
v 2.50725 0.713043 -1.5524
v 2.47816 0.689557 -1.56133
v 2.51854 0.716961 -1.58058
v 2.52885 0.733233 -1.58819
v 2.54626 0.716961 -1.58058
v 2.55755 0.713043 -1.5524
v 2.58663 0.689557 -1.56133
v 2.64394 0.678597 -1.57688
v 2.59682 0.693677 -1.4979
v 2.68295 0.714102 -1.58926
v 2.64454 0.675973 -1.6058
v 2.63842 0.670872 -1.63845
v 2.6755 0.711836 -1.61492
v 2.69026 0.7717 -1.62104
v 2.66357 0.708955 -1.65597
v 2.62977 0.684945 -1.34588
v 2.65741 0.658921 -1.25871
v 2.63422 0.688937 -1.24484
v 2.66724 0.629634 -1.16194
v 2.70619 0.623467 -1.17306
v 2.72213 0.672014 -1.26136
v 2.72742 0.710493 -1.24499
v 2.73542 0.643668 -1.17842
v 2.74175 0.642794 -0.990453
v 2.74761 0.68317 -1.16391
v 2.7166 0.726089 -1.14453
v 2.70171 0.750472 -1.23734
v 2.68577 0.786485 -1.32333
v 2.64666 0.785546 -1.3298
v 2.67611 0.7522 -1.23709
v 2.65106 0.732324 -1.23468
v 2.68035 0.722082 -1.13319
v 2.64864 0.700441 -1.13478
v 2.64054 0.664063 -1.14843
v 2.61081 0.74254 -1.33195
v 2.61356 0.80006 -1.39952
v 2.58764 0.810529 -1.49485
v 2.5862 0.756357 -1.40357
v 2.60434 0.711246 -1.33279
v 2.58421 0.726007 -1.41403
v 2.56106 0.765555 -1.49096
v 2.55339 0.765463 -1.53242
v 2.56295 0.730962 -1.49073
v 2.52007 0.764081 -1.55969
v 2.4844 0.818259 -1.54633
v 2.39878 0.835042 -1.50267
v 2.38626 0.811262 -1.4015
v 2.45124 0.80006 -1.39952
v 2.41814 0.785546 -1.3298
v 2.41374 0.732324 -1.23468
v 2.38869 0.7522 -1.23709
v 2.37903 0.786485 -1.32333
v 2.34557 0.762207 -1.40845
v 2.35526 0.735313 -1.32979
v 2.36309 0.750472 -1.23734
v 2.3482 0.726089 -1.14453
v 2.33738 0.710493 -1.24499
v 2.34267 0.672014 -1.26136
v 2.32938 0.643668 -1.17842
v 2.35861 0.623467 -1.17306
v 2.35743 0.701043 -1.34122
v 2.40739 0.658921 -1.25871
v 2.39756 0.629634 -1.16194
v 2.42426 0.664063 -1.14843
v 2.37825 0.634134 -0.982667
v 2.35269 0.620821 -0.990798
v 2.34253 0.613861 -0.89307
v 2.36373 0.62856 -0.887469
v 2.38502 0.652095 -0.980818
v 2.41615 0.700441 -1.13478
v 2.38445 0.722073 -1.13319
v 2.34642 0.69901 -0.987817
v 2.32187 0.67517 -0.990156
v 2.32476 0.681833 -0.885056
v 2.35303 0.69769 -0.887265
v 2.3247 0.719252 -0.843102
v 2.31133 0.662923 -0.841232
v 2.31652 0.652103 -0.888025
v 2.32358 0.643169 -0.990532
v 2.32482 0.629366 -0.889716
v 2.32984 0.607067 -0.848945
v 2.318 0.632391 -0.841506
v 2.31885 0.626879 -0.824091
v 2.31483 0.646251 -0.818168
v 2.32818 0.633108 -0.807573
v 2.32131 0.693258 -0.799693
v 2.34943 0.62894 -0.804674
v 2.33017 0.608043 -0.815872
v 2.34301 0.59367 -0.850422
v 2.36643 0.610632 -0.845206
v 2.3469 0.602949 -0.81215
v 2.36717 0.608474 -0.816623
v 2.36913 0.637148 -0.812029
v 2.34974 0.700836 -0.805792
v 2.32378 0.74107 -0.789367
v 2.29963 0.737844 -0.79414
v 2.30088 0.770383 -0.795629
v 2.29688 0.743325 -0.803001
v 2.30055 0.773995 -0.802241
v 2.30159 0.783043 -0.799988
v 2.30286 0.793346 -0.790252
v 2.32079 0.782274 -0.789411
v 2.35849 0.751119 -0.787012
v 2.36846 0.706343 -0.814845
v 2.3735 0.652434 -0.838809
v 2.36984 0.662868 -0.88545
v 2.36538 0.676912 -0.888358
v 2.38344 0.669952 -0.978219
v 2.37225 0.692121 -0.98345
v 2.37272 0.713611 -0.842561
v 2.37766 0.775069 -0.819452
v 2.35144 0.727419 -0.852243
v 2.34751 0.77055 -0.819137
v 2.35942 0.799448 -0.79553
v 2.38245 0.761137 -0.791076
v 2.36848 0.799996 -0.781805
v 2.3645 0.805299 -0.781592
v 2.34614 0.799306 -0.788931
v 2.31735 0.794128 -0.786619
v 2.3141 0.796946 -0.793621
v 2.33713 0.814683 -0.7862
v 2.35991 0.81752 -0.784268
v 2.3335 0.819471 -0.794906
v 2.33848 0.8011 -0.803002
v 2.31535 0.785965 -0.803778
v 2.31398 0.768185 -0.811094
v 2.30545 0.706576 -0.823912
v 2.30602 0.695242 -0.810093
v 2.31719 0.68317 -1.16391
v 2.47716 0.810529 -1.49485
v 2.51141 0.765463 -1.53242
v 2.68662 0.63421 -0.982675
v 2.71209 0.620679 -0.990781
v 2.72227 0.61386 -0.893061
v 2.70107 0.62856 -0.887469
v 2.67978 0.652095 -0.980818
v 2.68132 0.669987 -0.978205
v 2.69254 0.692063 -0.983439
v 2.69942 0.676912 -0.888358
v 2.69496 0.662868 -0.88545
v 2.6913 0.652434 -0.838809
v 2.69208 0.713611 -0.842561
v 2.71177 0.69769 -0.887265
v 2.71336 0.727419 -0.852243
v 2.68714 0.775069 -0.819452
v 2.69634 0.706343 -0.814845
v 2.69567 0.637148 -0.812029
v 2.71506 0.700836 -0.805792
v 2.70631 0.751119 -0.787012
v 2.74102 0.74107 -0.789367
v 2.74401 0.782274 -0.789411
v 2.76392 0.770383 -0.795629
v 2.76194 0.793355 -0.790251
v 2.76321 0.783043 -0.799988
v 2.76425 0.773995 -0.802241
v 2.76792 0.743325 -0.803001
v 2.75082 0.768185 -0.811094
v 2.7401 0.719252 -0.843102
v 2.71729 0.77055 -0.819137
v 2.74004 0.681833 -0.885056
v 2.75347 0.662923 -0.841232
v 2.74828 0.652103 -0.888025
v 2.7468 0.632391 -0.841506
v 2.74997 0.646251 -0.818168
v 2.75878 0.695242 -0.810093
v 2.75935 0.706577 -0.823922
v 2.76517 0.737844 -0.79414
v 2.74349 0.693258 -0.799693
v 2.71537 0.62894 -0.804674
v 2.69763 0.608474 -0.816623
v 2.69837 0.610632 -0.845206
v 2.72179 0.59367 -0.850422
v 2.71789 0.602949 -0.81215
v 2.73463 0.608043 -0.815872
v 2.73496 0.607067 -0.848945
v 2.73998 0.629366 -0.889716
v 2.74595 0.626879 -0.824091
v 2.73662 0.633108 -0.807573
v 2.74262 0.675111 -0.990202
v 2.71833 0.698822 -0.987872
v 2.70538 0.799448 -0.79553
v 2.68235 0.761146 -0.791075
v 2.69632 0.799996 -0.781805
v 2.7003 0.805299 -0.781592
v 2.71866 0.799306 -0.788931
v 2.74745 0.794128 -0.786619
v 2.7507 0.796946 -0.793621
v 2.74945 0.785965 -0.803778
v 2.72632 0.8011 -0.803002
v 2.7313 0.819471 -0.794906
v 2.72766 0.814683 -0.7862
v 2.70489 0.81752 -0.784268
v 2.42025 0.675973 -1.6058
v 2.53238 0.720571 -1.89852
v 2.47173 0.716575 -1.9529
v 2.42341 0.724242 -1.99814
v 2.43428 0.71625 -2.0627
v 2.45977 0.748394 -2.14801
v 2.48552 0.727351 -2.06167
v 2.47505 0.719094 -2.00149
v 2.53167 0.729103 -2.00247
v 2.52973 0.739055 -2.06136
v 2.49795 0.758539 -2.13902
v 2.52947 0.763635 -2.13791
v 2.50005 0.771965 -2.16637
v 2.47772 0.776554 -2.17357
v 2.45174 0.793986 -2.17812
v 2.40831 0.776999 -2.16166
v 2.36115 0.753207 -2.12431
v 2.3551 0.806288 -2.1277
v 2.31936 0.803513 -2.06329
v 2.31307 0.777519 -1.96895
v 2.31429 0.740595 -1.8717
v 2.29911 0.748729 -1.76719
v 2.33181 0.770263 -1.75836
v 2.26545 0.794799 -1.60429
v 2.33593 0.796287 -1.75503
v 2.36527 0.774952 -1.85316
v 2.32806 0.814026 -1.75904
v 2.26932 0.837326 -1.6107
v 2.27511 0.856113 -1.59149
v 2.2767 0.832119 -1.5928
v 2.27963 0.846079 -1.57771
v 2.27508 0.828862 -1.57436
v 2.27016 0.841479 -1.55423
v 2.26747 0.823855 -1.55313
v 2.2654 0.825391 -1.53444
v 2.26504 0.845988 -1.53317
v 2.27474 0.859774 -1.55593
v 2.28194 0.871992 -1.5782
v 2.26711 0.875303 -1.58722
v 2.2472 0.856559 -1.59195
v 2.23906 0.833268 -1.60759
v 2.23825 0.818042 -1.60395
v 2.27116 0.773441 -1.7806
v 2.29177 0.773956 -1.87225
v 2.24375 0.804637 -1.60168
v 2.25774 0.793957 -1.58895
v 2.27003 0.792084 -1.58963
v 2.26856 0.785783 -1.54953
v 2.27875 0.795518 -1.5748
v 2.2799 0.813382 -1.58871
v 2.2764 0.81137 -1.5638
v 2.27918 0.789706 -1.55247
v 2.27403 0.805115 -1.54412
v 2.27555 0.821139 -1.60619
v 2.27376 0.800957 -1.60237
v 2.2724 0.80397 -1.52835
v 2.26515 0.823328 -1.51984
v 2.2642 0.847774 -1.51776
v 2.2629 0.846381 -1.51074
v 2.25681 0.865649 -1.51268
v 2.25883 0.854114 -1.50789
v 2.25798 0.864373 -1.50623
v 2.24883 0.871624 -1.5036
v 2.25071 0.871162 -1.51565
v 2.25872 0.865254 -1.52219
v 2.26412 0.869663 -1.54644
v 2.25122 0.869622 -1.54238
v 2.25636 0.877377 -1.556
v 2.26095 0.881731 -1.54915
v 2.26916 0.877543 -1.54505
v 2.27573 0.87758 -1.54873
v 2.27767 0.887213 -1.53881
v 2.28091 0.890163 -1.54999
v 2.28263 0.880115 -1.56431
v 2.27493 0.886393 -1.57194
v 2.26113 0.883956 -1.56559
v 2.27351 0.894921 -1.5566
v 2.26369 0.890614 -1.55566
v 2.25228 0.872316 -1.56126
v 2.24062 0.86246 -1.5427
v 2.25046 0.869822 -1.52851
v 2.24047 0.864125 -1.52353
v 2.23571 0.839584 -1.53889
v 2.23637 0.837634 -1.58571
v 2.25599 0.872627 -1.5803
v 2.23639 0.818502 -1.58544
v 2.23814 0.82202 -1.54118
v 2.24331 0.804188 -1.54443
v 2.2422 0.804568 -1.58674
v 2.25412 0.791603 -1.54612
v 2.26768 0.785897 -1.53294
v 2.27542 0.7908 -1.53335
v 2.26739 0.787614 -1.52376
v 2.27192 0.794442 -1.5225
v 2.26876 0.804768 -1.51959
v 2.26503 0.822832 -1.51183
v 2.26568 0.83185 -1.50177
v 2.25395 0.822754 -1.50502
v 2.2555 0.822731 -1.49988
v 2.25093 0.815046 -1.50067
v 2.24632 0.821355 -1.51025
v 2.2547 0.826075 -1.49892
v 2.25836 0.826464 -1.48586
v 2.24904 0.832437 -1.4843
v 2.25476 0.834934 -1.47004
v 2.25459 0.840613 -1.47079
v 2.26997 0.844881 -1.44262
v 2.27056 0.838293 -1.44184
v 2.27756 0.833805 -1.44107
v 2.27619 0.839756 -1.43411
v 2.27603 0.845754 -1.43393
v 2.27391 0.849021 -1.44377
v 2.28009 0.849793 -1.43408
v 2.27944 0.846498 -1.42794
v 2.27988 0.841414 -1.42745
v 2.28178 0.835556 -1.4328
v 2.28415 0.837674 -1.44309
v 2.27866 0.835496 -1.45474
v 2.26773 0.833282 -1.48803
v 2.26442 0.842741 -1.49869
v 2.26612 0.842577 -1.48951
v 2.25489 0.846284 -1.48694
v 2.25183 0.846321 -1.49762
v 2.25652 0.847095 -1.50527
v 2.24472 0.840465 -1.49996
v 2.2429 0.844952 -1.51066
v 2.25199 0.850801 -1.50263
v 2.25598 0.856047 -1.49387
v 2.25798 0.864367 -1.49571
v 2.25781 0.864638 -1.48584
v 2.24974 0.87281 -1.48674
v 2.25152 0.873463 -1.47123
v 2.24403 0.868073 -1.47149
v 2.24057 0.866867 -1.48289
v 2.24071 0.866288 -1.50445
v 2.24072 0.855223 -1.50351
v 2.24108 0.85702 -1.48166
v 2.25117 0.85206 -1.49463
v 2.25125 0.851925 -1.48486
v 2.25583 0.855965 -1.48582
v 2.23947 0.865841 -1.51009
v 2.23916 0.843654 -1.51918
v 2.24102 0.821745 -1.52046
v 2.24507 0.802975 -1.52964
v 2.25533 0.790051 -1.53365
v 2.25501 0.788272 -1.52399
v 2.26006 0.787175 -1.51783
v 2.26916 0.788501 -1.51859
v 2.27252 0.796356 -1.51742
v 2.26947 0.801966 -1.51592
v 2.26223 0.805853 -1.5145
v 2.26893 0.809885 -1.50701
v 2.26887 0.81853 -1.50602
v 2.27133 0.818403 -1.49684
v 2.2612 0.823754 -1.49106
v 2.26258 0.817219 -1.47937
v 2.26641 0.823855 -1.4813
v 2.2764 0.824562 -1.46947
v 2.27542 0.817618 -1.48857
v 2.27537 0.810255 -1.48919
v 2.28499 0.810934 -1.47305
v 2.28511 0.818137 -1.47423
v 2.28259 0.825692 -1.46021
v 2.27376 0.81836 -1.46233
v 2.28053 0.819871 -1.45609
v 2.28273 0.813102 -1.45508
v 2.27676 0.810602 -1.46454
v 2.26463 0.807856 -1.48131
v 2.26051 0.806911 -1.48995
v 2.25247 0.805467 -1.50447
v 2.2683 0.806127 -1.49578
v 2.27144 0.805419 -1.48638
v 2.28139 0.808216 -1.46845
v 2.2914 0.812799 -1.46284
v 2.29632 0.819515 -1.45655
v 2.29618 0.815355 -1.4564
v 2.29936 0.816346 -1.44755
v 2.29876 0.820637 -1.44737
v 2.2904 0.825389 -1.45205
v 2.28756 0.820604 -1.44827
v 2.29157 0.820612 -1.44262
v 2.28936 0.814839 -1.44717
v 2.29271 0.81112 -1.45114
v 2.29185 0.815876 -1.44269
v 2.29809 0.816038 -1.44183
v 2.29664 0.82328 -1.44229
v 2.28782 0.809793 -1.45898
v 2.27197 0.810222 -1.49815
v 2.2644 0.807531 -1.50792
v 2.24906 0.801012 -1.51724
v 2.25418 0.794981 -1.51389
v 2.24339 0.831325 -1.49859
v 2.25944 0.84706 -1.47304
v 2.27648 0.846174 -1.45758
v 2.28368 0.846787 -1.44319
v 2.28644 0.84657 -1.4341
v 2.28686 0.83979 -1.43543
v 2.28573 0.841272 -1.42783
v 2.28519 0.845725 -1.42828
v 2.28116 0.846853 -1.42633
v 2.28202 0.84125 -1.42519
v 2.26419 0.788954 -1.50801
v 2.27093 0.789009 -1.51103
v 2.26965 0.789816 -1.50079
v 2.27556 0.790052 -1.50484
v 2.27704 0.797003 -1.50878
v 2.27392 0.796788 -1.51314
v 2.27071 0.801619 -1.51288
v 2.27343 0.802496 -1.50778
v 2.26727 0.803258 -1.50541
v 2.26362 0.802771 -1.50996
v 2.2628 0.802621 -1.51271
v 2.2598 0.795686 -1.50627
v 2.2639 0.796266 -1.50057
v 2.27254 0.798445 -1.49344
v 2.27542 0.805254 -1.49661
v 2.2799 0.804721 -1.5011
v 2.28272 0.799376 -1.5029
v 2.2892 0.801041 -1.49622
v 2.2863 0.805985 -1.49429
v 2.28264 0.80591 -1.48925
v 2.28127 0.800714 -1.4866
v 2.2775 0.792666 -1.49479
v 2.28521 0.794301 -1.48836
v 2.28109 0.792226 -1.49955
v 2.28972 0.794543 -1.49199
v 2.29588 0.80284 -1.49071
v 2.29357 0.807685 -1.48814
v 2.29261 0.808249 -1.48272
v 2.29124 0.803735 -1.48036
v 2.29327 0.797352 -1.48186
v 2.29549 0.79667 -1.48642
v 2.30274 0.800797 -1.47954
v 2.30228 0.804502 -1.4828
v 2.29951 0.807469 -1.47932
v 2.29804 0.806104 -1.47613
v 2.30076 0.807424 -1.48309
v 2.30093 0.799839 -1.47647
v 2.25659 0.855777 -1.47143
v 2.25168 0.853644 -1.47091
v 2.24411 0.8604 -1.47055
v 2.24882 0.860501 -1.45851
v 2.25582 0.855831 -1.45959
v 2.26061 0.858072 -1.45935
v 2.26099 0.867543 -1.46975
v 2.25671 0.873509 -1.45893
v 2.24852 0.868181 -1.4591
v 2.2587 0.868434 -1.44648
v 2.25874 0.861086 -1.44573
v 2.26205 0.857374 -1.44646
v 2.2684 0.860431 -1.44819
v 2.26479 0.868859 -1.45969
v 2.26298 0.872581 -1.44619
v 2.26279 0.867191 -1.43967
v 2.26267 0.86209 -1.43953
v 2.26566 0.860894 -1.43635
v 2.26837 0.861123 -1.44002
v 2.27005 0.86724 -1.4411
v 2.26951 0.868232 -1.44872
v 2.26765 0.867292 -1.4373
v 2.2625 0.885482 -1.54165
v 2.26968 0.888686 -1.53343
v 2.28018 0.892894 -1.5297
v 2.28316 0.897437 -1.53959
v 2.27393 0.900991 -1.54934
v 2.26558 0.897982 -1.5464
v 2.26516 0.893701 -1.53135
v 2.26703 0.902483 -1.53598
v 2.26634 0.896322 -1.52631
v 2.27005 0.892595 -1.52768
v 2.27174 0.89983 -1.51827
v 2.28174 0.900745 -1.52043
v 2.28539 0.903211 -1.53169
v 2.27537 0.90654 -1.53995
v 2.27656 0.909227 -1.53224
v 2.26878 0.905631 -1.5291
v 2.26836 0.901521 -1.51849
v 2.27193 0.908218 -1.51455
v 2.26976 0.910026 -1.52221
v 2.27389 0.914526 -1.51587
v 2.27618 0.907146 -1.51449
v 2.28092 0.907036 -1.51625
v 2.28619 0.906568 -1.52397
v 2.27765 0.912249 -1.52345
v 2.27842 0.915848 -1.51707
v 2.28412 0.912905 -1.51749
v 2.33594 0.812917 -1.96948
v 2.34389 0.832799 -2.05088
v 2.36581 0.839807 -2.04159
v 2.39906 0.887048 -2.03749
v 2.47093 0.812183 -2.19262
v 2.47998 0.843741 -2.1982
v 2.492 0.871032 -2.20245
v 2.49863 0.871951 -2.17004
v 2.50662 0.871812 -2.14364
v 2.51654 0.881726 -2.16201
v 2.50554 0.885037 -2.19118
v 2.52123 0.892992 -2.18212
v 2.53245 0.893491 -2.18001
v 2.54825 0.881721 -2.16197
v 2.54356 0.892991 -2.18211
v 2.55926 0.885037 -2.19118
v 2.55493 0.903633 -2.19471
v 2.56649 0.892585 -2.20445
v 2.5573 0.928426 -2.19594
v 2.5739 0.908725 -2.21111
v 2.58524 0.893519 -2.22972
v 2.58434 0.918969 -2.23911
v 2.59002 0.890116 -2.24692
v 2.58493 0.868978 -2.24113
v 2.57984 0.876056 -2.22407
v 2.5728 0.871032 -2.20245
v 2.56615 0.871959 -2.17003
v 2.55816 0.8718 -2.14362
v 2.57901 0.857848 -2.18121
v 2.59673 0.829665 -2.18296
v 2.61269 0.794121 -2.17809
v 2.58708 0.776563 -2.17357
v 2.56681 0.758545 -2.13899
v 2.57926 0.72736 -2.06153
v 2.56475 0.771965 -2.16637
v 2.53198 0.774836 -2.16757
v 2.51243 0.789914 -2.20098
v 2.49114 0.79591 -2.19884
v 2.51407 0.800579 -2.229
v 2.53231 0.797773 -2.22792
v 2.51438 0.806406 -2.25513
v 2.50178 0.813637 -2.25249
v 2.49575 0.813622 -2.2296
v 2.48706 0.824548 -2.2292
v 2.49171 0.82379 -2.25471
v 2.48033 0.844405 -2.2355
v 2.48277 0.854914 -2.21751
v 2.47987 0.868978 -2.24113
v 2.48067 0.839359 -2.25759
v 2.47834 0.83585 -2.27571
v 2.47081 0.864067 -2.2697
v 2.47463 0.871759 -2.25821
v 2.47478 0.890116 -2.24692
v 2.47149 0.885837 -2.25841
v 2.47278 0.904506 -2.25798
v 2.48046 0.918969 -2.23911
v 2.47271 0.916952 -2.26845
v 2.46827 0.892108 -2.27962
v 2.46733 0.884838 -2.27393
v 2.46727 0.893739 -2.29319
v 2.4695 0.908015 -2.28803
v 2.47515 0.934239 -2.28217
v 2.48103 0.9362 -2.25438
v 2.4896 0.932252 -2.22875
v 2.4909 0.908725 -2.21111
v 2.47956 0.893519 -2.22972
v 2.48496 0.876056 -2.22407
v 2.49831 0.892585 -2.20445
v 2.5075 0.928426 -2.19594
v 2.50987 0.903633 -2.19471
v 2.52256 0.908341 -2.18839
v 2.514 0.925973 -2.19183
v 2.5232 0.927262 -2.18802
v 2.53223 0.909477 -2.18731
v 2.54224 0.908341 -2.18839
v 2.5416 0.927262 -2.18802
v 2.5508 0.925973 -2.19183
v 2.54673 0.939647 -2.19114
v 2.55209 0.935835 -2.19343
v 2.56151 0.933748 -2.20218
v 2.5752 0.932252 -2.22875
v 2.58377 0.9362 -2.25438
v 2.59209 0.916952 -2.26845
v 2.58965 0.934239 -2.28217
v 2.5953 0.908015 -2.28803
v 2.59653 0.892108 -2.27962
v 2.59202 0.904506 -2.25798
v 2.59331 0.885837 -2.25841
v 2.59017 0.871759 -2.25821
v 2.58413 0.839359 -2.25759
v 2.59398 0.864067 -2.2697
v 2.60104 0.874184 -2.26218
v 2.60484 0.861884 -2.27439
v 2.59679 0.86037 -2.27954
v 2.58646 0.83585 -2.27571
v 2.57309 0.82379 -2.25471
v 2.58447 0.844405 -2.2355
v 2.58203 0.854914 -2.21751
v 2.58482 0.843741 -2.1982
v 2.57774 0.824548 -2.2292
v 2.59385 0.8122 -2.19261
v 2.57366 0.79591 -2.19884
v 2.55237 0.789914 -2.20098
v 2.55073 0.800579 -2.229
v 2.53165 0.787723 -2.19709
v 2.55042 0.806406 -2.25513
v 2.53235 0.802511 -2.25844
v 2.51369 0.802055 -2.27974
v 2.5029 0.809293 -2.27775
v 2.48985 0.82038 -2.27683
v 2.47551 0.831148 -2.29026
v 2.46801 0.86037 -2.27954
v 2.45996 0.861884 -2.27439
v 2.46376 0.874184 -2.26218
v 2.46972 0.882583 -2.2613
v 2.46343 0.877621 -2.2672
v 2.46099 0.873676 -2.26773
v 2.465 0.878023 -2.27494
v 2.46461 0.879641 -2.28472
v 2.46487 0.869909 -2.27901
v 2.46582 0.86696 -2.28773
v 2.46286 0.87763 -2.29347
v 2.4639 0.884292 -2.30009
v 2.46502 0.886106 -2.30369
v 2.46509 0.872837 -2.31019
v 2.46626 0.889532 -2.3179
v 2.46896 0.900741 -2.30428
v 2.47491 0.918894 -2.34876
v 2.47281 0.928614 -2.29841
v 2.47944 0.94779 -2.30257
v 2.4857 0.953057 -2.32984
v 2.48156 0.9376 -2.35242
v 2.49448 0.952404 -2.35718
v 2.49242 0.931806 -2.37819
v 2.51272 0.938404 -2.3865
v 2.51138 0.962318 -2.35775
v 2.49766 0.965169 -2.3324
v 2.48712 0.960666 -2.30936
v 2.48393 0.950789 -2.29562
v 2.49224 0.952649 -2.28323
v 2.4848 0.94771 -2.26665
v 2.49183 0.946821 -2.24633
v 2.50061 0.95057 -2.23506
v 2.50201 0.948921 -2.22546
v 2.50329 0.933748 -2.20218
v 2.51271 0.935835 -2.19343
v 2.51807 0.939647 -2.19114
v 2.50956 0.940846 -2.20052
v 2.50845 0.951401 -2.21861
v 2.51593 0.954206 -2.21349
v 2.5164 0.947311 -2.20001
v 2.52343 0.941681 -2.18954
v 2.5324 0.926532 -2.18699
v 2.54137 0.941681 -2.18954
v 2.5484 0.947311 -2.20001
v 2.55524 0.940846 -2.20052
v 2.55634 0.951401 -2.21861
v 2.56279 0.948921 -2.22546
v 2.56419 0.95057 -2.23506
v 2.55862 0.95349 -2.22855
v 2.55445 0.957948 -2.24018
v 2.54802 0.962748 -2.2342
v 2.54592 0.963313 -2.23968
v 2.54749 0.961308 -2.24968
v 2.56684 0.954711 -2.26403
v 2.57297 0.94682 -2.24633
v 2.58 0.94771 -2.26665
v 2.57256 0.952649 -2.28323
v 2.58087 0.950789 -2.29562
v 2.58536 0.94779 -2.30257
v 2.59199 0.928614 -2.29841
v 2.59584 0.900741 -2.30428
v 2.59753 0.893739 -2.29319
v 2.59747 0.884838 -2.27393
v 2.59508 0.882583 -2.2613
v 2.60137 0.877621 -2.2672
v 2.60381 0.873676 -2.26773
v 2.5998 0.878023 -2.27494
v 2.59993 0.869909 -2.27901
v 2.60265 0.864062 -2.27302
v 2.60661 0.864222 -2.28096
v 2.59898 0.86696 -2.28773
v 2.60873 0.863559 -2.29036
v 2.60713 0.857604 -2.28312
v 2.59854 0.858322 -2.28883
v 2.58928 0.831148 -2.29026
v 2.57495 0.82038 -2.27683
v 2.56302 0.813637 -2.25249
v 2.56905 0.813622 -2.2296
v 2.5619 0.809293 -2.27775
v 2.57866 0.812245 -2.29949
v 2.59338 0.832527 -2.30786
v 2.60087 0.860821 -2.30059
v 2.61031 0.856114 -2.29321
v 2.61033 0.861156 -2.30624
v 2.60412 0.872865 -2.31006
v 2.60811 0.86539 -2.30026
v 2.60512 0.871331 -2.2984
v 2.6009 0.884292 -2.30009
v 2.59971 0.872837 -2.31019
v 2.60021 0.872008 -2.32504
v 2.59854 0.889532 -2.3179
v 2.59775 0.880756 -2.34401
v 2.59681 0.856126 -2.35242
v 2.59649 0.842325 -2.32465
v 2.58147 0.812222 -2.31969
v 2.56467 0.79889 -2.3082
v 2.55111 0.802055 -2.27974
v 2.53253 0.785294 -2.31725
v 2.51095 0.791879 -2.3121
v 2.50012 0.79889 -2.3082
v 2.48614 0.812245 -2.29949
v 2.47142 0.832527 -2.30786
v 2.46626 0.858322 -2.28883
v 2.45767 0.857604 -2.28312
v 2.45819 0.864222 -2.28096
v 2.46215 0.864062 -2.27302
v 2.45607 0.863559 -2.29036
v 2.45449 0.856114 -2.29321
v 2.46393 0.860821 -2.30059
v 2.46831 0.842325 -2.32465
v 2.48333 0.812222 -2.31969
v 2.49726 0.798853 -2.32803
v 2.50951 0.791744 -2.33337
v 2.53224 0.786502 -2.33677
v 2.55529 0.791744 -2.33337
v 2.55629 0.796098 -2.35305
v 2.57059 0.803359 -2.34827
v 2.57261 0.813619 -2.37014
v 2.5864 0.828846 -2.36223
v 2.57265 0.826736 -2.38565
v 2.55522 0.819246 -2.39248
v 2.55662 0.804779 -2.3757
v 2.53227 0.789582 -2.35823
v 2.50851 0.796098 -2.35305
v 2.49421 0.803359 -2.34827
v 2.47983 0.818305 -2.3376
v 2.4784 0.828846 -2.36223
v 2.49219 0.813619 -2.37014
v 2.50818 0.804779 -2.3757
v 2.53243 0.801248 -2.37955
v 2.5324 0.818265 -2.39622
v 2.55044 0.853876 -2.40595
v 2.5324 0.851169 -2.41298
v 2.51436 0.853876 -2.40595
v 2.50958 0.819246 -2.39248
v 2.49215 0.826736 -2.38565
v 2.49491 0.852197 -2.39869
v 2.47962 0.84112 -2.37946
v 2.46799 0.856126 -2.35242
v 2.46459 0.872008 -2.32504
v 2.46705 0.880756 -2.34401
v 2.4718 0.867291 -2.37026
v 2.48278 0.853577 -2.38847
v 2.47885 0.884135 -2.38227
v 2.47071 0.893904 -2.36016
v 2.47916 0.914339 -2.37123
v 2.4933 0.898506 -2.39494
v 2.51351 0.903061 -2.40236
v 2.5324 0.904082 -2.40468
v 2.5324 0.940688 -2.38885
v 2.53233 0.964339 -2.36183
v 2.5324 0.973599 -2.33168
v 2.51599 0.9729 -2.33094
v 2.50004 0.969024 -2.30966
v 2.49208 0.962614 -2.30136
v 2.48723 0.952701 -2.29435
v 2.4911 0.954825 -2.293
v 2.49385 0.955395 -2.28649
v 2.50405 0.957227 -2.28108
v 2.49795 0.954711 -2.26403
v 2.51595 0.960592 -2.27375
v 2.51665 0.961911 -2.25941
v 2.51731 0.961308 -2.24968
v 2.51035 0.957948 -2.24018
v 2.51888 0.963313 -2.23968
v 2.51677 0.962748 -2.2342
v 2.50618 0.95349 -2.22855
v 2.5068 0.952929 -2.22585
v 2.51007 0.953557 -2.22091
v 2.51695 0.956002 -2.21548
v 2.52492 0.955643 -2.21075
v 2.52451 0.952145 -2.19891
v 2.5324 0.953535 -2.19777
v 2.5324 0.943099 -2.1884
v 2.54029 0.952145 -2.19891
v 2.53988 0.955643 -2.21075
v 2.53244 0.956656 -2.21119
v 2.5324 0.958714 -2.21238
v 2.54025 0.958249 -2.2134
v 2.54785 0.956002 -2.21548
v 2.54096 0.962068 -2.21948
v 2.54781 0.958705 -2.22078
v 2.55184 0.955964 -2.22233
v 2.55473 0.953557 -2.22091
v 2.54887 0.954205 -2.21348
v 2.558 0.952929 -2.22585
v 2.55421 0.956092 -2.22721
v 2.54794 0.962593 -2.22925
v 2.5398 0.966801 -2.22907
v 2.53849 0.968287 -2.23414
v 2.53897 0.966637 -2.23756
v 2.53228 0.96679 -2.23746
v 2.53777 0.96638 -2.24391
v 2.54285 0.963285 -2.24701
v 2.54615 0.965619 -2.25092
v 2.54829 0.964931 -2.25564
v 2.54548 0.970709 -2.25589
v 2.54375 0.968352 -2.26309
v 2.53837 0.974291 -2.26377
v 2.5383 0.967721 -2.27803
v 2.54291 0.964379 -2.27672
v 2.54885 0.960592 -2.27375
v 2.5518 0.958801 -2.28275
v 2.56075 0.957227 -2.28108
v 2.55537 0.960592 -2.28558
v 2.56298 0.960291 -2.28475
v 2.57095 0.955395 -2.28649
v 2.56427 0.961009 -2.28771
v 2.57056 0.957018 -2.28837
v 2.5737 0.954825 -2.293
v 2.56876 0.954344 -2.29007
v 2.57192 0.954407 -2.29348
v 2.56867 0.957883 -2.29447
v 2.56959 0.961163 -2.29392
v 2.57032 0.961305 -2.29744
v 2.5635 0.961026 -2.29516
v 2.56493 0.961066 -2.29487
v 2.56324 0.964601 -2.29761
v 2.56389 0.96678 -2.30168
v 2.55398 0.964259 -2.29568
v 2.55515 0.960006 -2.29392
v 2.55121 0.95906 -2.29012
v 2.55143 0.958003 -2.29057
v 2.55858 0.958527 -2.28884
v 2.55838 0.961071 -2.28782
v 2.5636 0.957625 -2.28878
v 2.56378 0.958547 -2.28849
v 2.56756 0.957277 -2.28856
v 2.5675 0.957291 -2.28855
v 2.56715 0.957316 -2.28857
v 2.54779 0.959416 -2.28933
v 2.54278 0.960636 -2.28892
v 2.53909 0.966551 -2.2952
v 2.5324 0.96732 -2.29348
v 2.5324 0.972036 -2.30469
v 2.5257 0.966551 -2.2952
v 2.51932 0.972475 -2.30665
v 2.54548 0.972475 -2.30665
v 2.55091 0.967245 -2.29979
v 2.56476 0.969024 -2.30966
v 2.57272 0.962614 -2.30136
v 2.57757 0.952701 -2.29435
v 2.57768 0.960666 -2.30936
v 2.56714 0.965169 -2.3324
v 2.54881 0.9729 -2.33094
v 2.55342 0.962318 -2.35775
v 2.55208 0.938404 -2.3865
v 2.57032 0.952404 -2.35718
v 2.5791 0.953057 -2.32984
v 2.58989 0.918894 -2.34876
v 2.59978 0.886106 -2.30369
v 2.60194 0.87763 -2.29347
v 2.60019 0.879641 -2.28472
v 2.59409 0.893904 -2.36016
v 2.593 0.867291 -2.37026
v 2.58518 0.84112 -2.37946
v 2.58202 0.853577 -2.38847
v 2.56989 0.852197 -2.39869
v 2.58595 0.884135 -2.38227
v 2.5715 0.898506 -2.39494
v 2.58497 0.818305 -2.3376
v 2.56754 0.798853 -2.32803
v 2.55385 0.791879 -2.3121
v 2.55129 0.903061 -2.40236
v 2.57238 0.931806 -2.37819
v 2.58324 0.9376 -2.35242
v 2.58564 0.914339 -2.37123
v 2.54814 0.961911 -2.25941
v 2.51389 0.967245 -2.29979
v 2.50091 0.96678 -2.30168
v 2.49448 0.961305 -2.29744
v 2.49521 0.961163 -2.29392
v 2.49613 0.957883 -2.29447
v 2.49288 0.954407 -2.29348
v 2.49604 0.954344 -2.29007
v 2.49424 0.957018 -2.28837
v 2.5012 0.957625 -2.28878
v 2.49724 0.957277 -2.28856
v 2.4973 0.957291 -2.28855
v 2.49765 0.957316 -2.28857
v 2.50053 0.961009 -2.28771
v 2.50101 0.958547 -2.28849
v 2.50181 0.960291 -2.28475
v 2.50642 0.961071 -2.28782
v 2.50622 0.958527 -2.28884
v 2.51359 0.95906 -2.29012
v 2.50943 0.960592 -2.28558
v 2.513 0.958801 -2.28275
v 2.52189 0.964379 -2.27672
v 2.52105 0.968352 -2.26309
v 2.51651 0.964931 -2.25564
v 2.51865 0.965619 -2.25092
v 2.52195 0.963285 -2.24701
v 2.52703 0.96638 -2.24391
v 2.52582 0.966637 -2.23756
v 2.52631 0.968287 -2.23414
v 2.5324 0.968453 -2.24474
v 2.53774 0.968406 -2.24763
v 2.54263 0.965047 -2.25002
v 2.54109 0.969986 -2.24934
v 2.54293 0.97197 -2.2502
v 2.53964 0.976782 -2.25485
v 2.53229 0.975559 -2.26384
v 2.5324 0.969702 -2.27645
v 2.5265 0.967721 -2.27803
v 2.52202 0.960636 -2.28892
v 2.51701 0.959416 -2.28933
v 2.51082 0.964259 -2.29568
v 2.50965 0.960006 -2.29392
v 2.50156 0.964601 -2.29761
v 2.5013 0.961026 -2.29516
v 2.49987 0.961066 -2.29487
v 2.50138 0.959585 -2.29546
v 2.50965 0.959485 -2.29426
v 2.51337 0.958003 -2.29057
v 2.52643 0.974291 -2.26377
v 2.51931 0.970709 -2.25589
v 2.52187 0.97197 -2.2502
v 2.52371 0.969986 -2.24934
v 2.52217 0.965047 -2.25002
v 2.52706 0.968406 -2.24763
v 2.52733 0.972225 -2.24747
v 2.5324 0.972237 -2.24587
v 2.53747 0.972225 -2.24747
v 2.53909 0.974715 -2.24929
v 2.53239 0.974457 -2.24649
v 2.53236 0.977599 -2.24864
v 2.53228 0.979201 -2.2542
v 2.5257 0.974715 -2.24929
v 2.52516 0.976782 -2.25485
v 2.53242 0.96966 -2.23241
v 2.5324 0.968741 -2.22941
v 2.5324 0.963191 -2.2259
v 2.525 0.966801 -2.22907
v 2.51686 0.962593 -2.22925
v 2.51059 0.956092 -2.22721
v 2.51712 0.958803 -2.22613
v 2.51183 0.955595 -2.22632
v 2.51028 0.95438 -2.22556
v 2.51296 0.955964 -2.22233
v 2.51134 0.954622 -2.22576
v 2.51435 0.956316 -2.22406
v 2.51699 0.958705 -2.22078
v 2.52384 0.962068 -2.21948
v 2.524 0.96001 -2.22508
v 2.5324 0.963109 -2.22545
v 2.5324 0.963798 -2.21845
v 2.52455 0.958249 -2.2134
v 2.5408 0.960009 -2.22508
v 2.53241 0.959913 -2.22486
v 2.54114 0.957374 -2.22469
v 2.54677 0.957179 -2.22537
v 2.55045 0.956316 -2.22406
v 2.55346 0.954622 -2.22576
v 2.55216 0.953332 -2.2256
v 2.55422 0.951565 -2.22718
v 2.55288 0.953022 -2.22578
v 2.55296 0.955595 -2.22632
v 2.55452 0.95438 -2.22556
v 2.54768 0.958803 -2.22613
v 2.54079 0.961427 -2.22595
v 2.54106 0.958911 -2.22576
v 2.5324 0.959555 -2.22691
v 2.52401 0.961427 -2.22595
v 2.52374 0.958911 -2.22576
v 2.51642 0.955204 -2.22726
v 2.51192 0.953022 -2.22578
v 2.51058 0.951565 -2.22718
v 2.51264 0.953332 -2.2256
v 2.51762 0.953358 -2.22632
v 2.51803 0.957179 -2.22537
v 2.52365 0.957374 -2.22469
v 2.54838 0.955204 -2.22726
v 2.54718 0.953358 -2.22632
v 2.55515 0.959485 -2.29426
v 2.56342 0.959585 -2.29546
v 2.46068 0.872865 -2.31006
v 2.45447 0.861156 -2.30624
v 2.45669 0.86539 -2.30026
v 2.45968 0.871331 -2.2984
v 2.58977 0.719076 -2.00142
v 2.59307 0.716574 -1.95289
v 2.5324 0.724642 -1.9503
v 2.72317 0.831833 -2.05272
v 2.69129 0.850095 -2.08825
v 2.6774 0.845127 -1.99896
v 2.84 0.866797 -1.49777
v 2.83766 0.869619 -1.48357
v 2.84512 0.863919 -1.49564
v 2.83428 0.875052 -1.47106
v 2.82898 0.885052 -1.47338
v 2.8326 0.892791 -1.46203
v 2.83456 0.889621 -1.45444
v 2.83829 0.882296 -1.45923
v 2.83535 0.884812 -1.4529
v 2.83019 0.890059 -1.45128
v 2.82721 0.888707 -1.45437
v 2.82981 0.88333 -1.45197
v 2.82851 0.880239 -1.45946
v 2.82635 0.887431 -1.4619
v 2.8354 0.878306 -1.45823
v 2.83311 0.884399 -1.44899
v 2.8254 0.838165 -1.47008
v 2.81368 0.844007 -1.46475
v 2.81029 0.847486 -1.46805
v 2.80247 0.843573 -1.47304
v 2.80371 0.834504 -1.47306
v 2.8087 0.831694 -1.46752
v 2.80035 0.831976 -1.46311
v 2.7969 0.835486 -1.46824
v 2.7933 0.836481 -1.46137
v 2.79522 0.842094 -1.46708
v 2.79314 0.84098 -1.46154
v 2.79485 0.836867 -1.4571
v 2.79779 0.837584 -1.45776
v 2.80481 0.837169 -1.46116
v 2.81393 0.837359 -1.46434
v 2.8037 0.843067 -1.46106
v 2.79746 0.842694 -1.45804
v 2.7951 0.842609 -1.4577
v 2.79973 0.846342 -1.46357
v 2.53231 0.902533 -2.22797
v 2.54436 0.903039 -2.23074
v 2.53249 0.916367 -2.2297
v 2.53239 0.892007 -2.22118
v 2.52044 0.903039 -2.23074
v 2.5207 0.917367 -2.22925
v 2.5324 0.931144 -2.22849
v 2.5441 0.917367 -2.22925
v 2.54918 0.920208 -2.2287
v 2.55162 0.900053 -2.23327
v 2.55309 0.888118 -2.23085
v 2.55361 0.893335 -2.23297
v 2.5505 0.901488 -2.24052
v 2.55111 0.885765 -2.23895
v 2.54541 0.898463 -2.24217
v 2.55054 0.922112 -2.23146
v 2.54504 0.935854 -2.22562
v 2.54203 0.929175 -2.23621
v 2.5324 0.898907 -2.24181
v 2.53379 0.885434 -2.23999
v 2.51991 0.884836 -2.23998
v 2.51939 0.898463 -2.24217
v 2.51369 0.885765 -2.23895
v 2.5143 0.901488 -2.24052
v 2.51426 0.922112 -2.23146
v 2.51318 0.900053 -2.23327
v 2.51119 0.893335 -2.23297
v 2.51171 0.888118 -2.23085
v 2.51562 0.920208 -2.2287
v 2.52438 0.932944 -2.22648
v 2.5324 0.943449 -2.2217
v 2.54042 0.932944 -2.22648
v 2.54404 0.933519 -2.22142
v 2.54222 0.941849 -2.22266
v 2.54187 0.945049 -2.22389
v 2.54097 0.943452 -2.22864
v 2.5324 0.944145 -2.22812
v 2.53241 0.927971 -2.23808
v 2.52277 0.929175 -2.23621
v 2.52383 0.943452 -2.22864
v 2.52561 0.945267 -2.22378
v 2.52292 0.945049 -2.22389
v 2.52578 0.943019 -2.22162
v 2.52258 0.941849 -2.22266
v 2.51976 0.935854 -2.22562
v 2.52075 0.933519 -2.22142
v 2.53262 0.946334 -2.22549
v 2.53919 0.945267 -2.22378
v 2.53902 0.943019 -2.22162
v 2.54488 0.884836 -2.23998
v 2.5458 0.951219 -2.29496
v 2.54636 0.952236 -2.29913
v 2.54576 0.949527 -2.2999
v 2.54681 0.953882 -2.29426
v 2.54734 0.954847 -2.29819
v 2.54838 0.956132 -2.29375
v 2.54882 0.955325 -2.29015
v 2.5504 0.958211 -2.29322
v 2.55076 0.957507 -2.29015
v 2.55057 0.954399 -2.28711
v 2.54925 0.951973 -2.28689
v 2.55232 0.950984 -2.28407
v 2.55163 0.948104 -2.28414
v 2.55543 0.947337 -2.28217
v 2.55505 0.944446 -2.2825
v 2.55996 0.946777 -2.28176
v 2.5597 0.943922 -2.28208
v 2.55597 0.950224 -2.28221
v 2.56025 0.949684 -2.28181
v 2.56455 0.949348 -2.28235
v 2.56429 0.9521 -2.28303
v 2.56753 0.952139 -2.28479
v 2.56673 0.954775 -2.28558
v 2.56918 0.955067 -2.28782
v 2.56751 0.957337 -2.28859
v 2.56876 0.957757 -2.29068
v 2.566 0.959452 -2.29121
v 2.56625 0.959785 -2.29266
v 2.56578 0.960322 -2.29257
v 2.56555 0.960027 -2.29125
v 2.5649 0.961056 -2.29242
v 2.56559 0.960698 -2.29387
v 2.56604 0.960189 -2.2941
v 2.56533 0.960568 -2.29541
v 2.56764 0.959499 -2.29746
v 2.56582 0.960087 -2.29914
v 2.56696 0.958561 -2.30124
v 2.56414 0.959213 -2.30259
v 2.56454 0.957366 -2.30473
v 2.56067 0.957726 -2.30517
v 2.56048 0.955683 -2.30697
v 2.55622 0.956025 -2.30641
v 2.56019 0.95307 -2.30837
v 2.55565 0.953444 -2.30777
v 2.56479 0.955267 -2.30653
v 2.56476 0.952623 -2.3079
v 2.56841 0.954425 -2.30476
v 2.56778 0.95658 -2.30316
v 2.56932 0.957792 -2.29913
v 2.56882 0.958922 -2.29538
v 2.56914 0.958266 -2.29307
v 2.57122 0.956241 -2.29353
v 2.57087 0.957056 -2.29651
v 2.5727 0.953833 -2.29411
v 2.5708 0.955569 -2.2905
v 2.57038 0.952485 -2.28742
v 2.56817 0.949451 -2.28431
v 2.56453 0.94642 -2.28235
v 2.56434 0.943526 -2.28272
v 2.5683 0.943687 -2.28483
v 2.56394 0.940818 -2.2837
v 2.56778 0.940996 -2.28572
v 2.55943 0.941237 -2.28309
v 2.55486 0.941734 -2.28351
v 2.5591 0.938641 -2.28447
v 2.56335 0.938245 -2.28504
v 2.56702 0.938403 -2.28699
v 2.57108 0.941378 -2.28888
v 2.57013 0.938759 -2.28996
v 2.57166 0.94409 -2.288
v 2.57387 0.944678 -2.29176
v 2.57377 0.947513 -2.29117
v 2.57444 0.945757 -2.29604
v 2.5738 0.943009 -2.29673
v 2.57397 0.94681 -2.30034
v 2.57435 0.948518 -2.29538
v 2.5739 0.949603 -2.29957
v 2.57328 0.95036 -2.29072
v 2.57384 0.951302 -2.29469
v 2.57346 0.952325 -2.29863
v 2.57233 0.954797 -2.29763
v 2.57145 0.953353 -2.30201
v 2.57179 0.950632 -2.3031
v 2.56856 0.951786 -2.30603
v 2.56853 0.949077 -2.30694
v 2.56457 0.949917 -2.30889
v 2.57055 0.955675 -2.30067
v 2.57219 0.953038 -2.29053
v 2.57123 0.949784 -2.28724
v 2.56835 0.946556 -2.2844
v 2.57159 0.946913 -2.28751
v 2.56798 0.946175 -2.30739
v 2.56417 0.946977 -2.30927
v 2.57119 0.945108 -2.30447
v 2.5718 0.947939 -2.30397
v 2.57331 0.944022 -2.30095
v 2.5727 0.940307 -2.29742
v 2.57323 0.941933 -2.29254
v 2.57218 0.939293 -2.29347
v 2.57223 0.941258 -2.30139
v 2.57024 0.94229 -2.30472
v 2.56721 0.943288 -2.30748
v 2.56359 0.944049 -2.30927
v 2.55961 0.947512 -2.3097
v 2.55994 0.950462 -2.30933
v 2.55528 0.950774 -2.30875
v 2.55182 0.953235 -2.30579
v 2.55252 0.955809 -2.30452
v 2.54941 0.95541 -2.30165
v 2.55074 0.957518 -2.30038
v 2.54893 0.957041 -2.29727
v 2.55089 0.958992 -2.29622
v 2.55273 0.959814 -2.29281
v 2.55308 0.959273 -2.29045
v 2.55591 0.960829 -2.29253
v 2.55317 0.960432 -2.29517
v 2.55618 0.961174 -2.29394
v 2.55667 0.961574 -2.29373
v 2.55642 0.961254 -2.29243
v 2.55696 0.961379 -2.29528
v 2.55736 0.961752 -2.29494
v 2.55757 0.962046 -2.29337
v 2.55736 0.961787 -2.29231
v 2.55827 0.962276 -2.29287
v 2.55794 0.96202 -2.29224
v 2.55755 0.961496 -2.29122
v 2.55663 0.960912 -2.29111
v 2.55614 0.960459 -2.29107
v 2.55731 0.960527 -2.28995
v 2.55804 0.961236 -2.29029
v 2.55836 0.960189 -2.28899
v 2.55689 0.960017 -2.28977
v 2.55422 0.958642 -2.28839
v 2.5561 0.958017 -2.28671
v 2.5546 0.95597 -2.2854
v 2.55742 0.955421 -2.28399
v 2.5566 0.952905 -2.28292
v 2.56041 0.952327 -2.28252
v 2.55333 0.953535 -2.28458
v 2.55225 0.956706 -2.28754
v 2.56387 0.954715 -2.28408
v 2.56565 0.957102 -2.28683
v 2.56342 0.957082 -2.28568
v 2.56413 0.959043 -2.28879
v 2.56526 0.959176 -2.28988
v 2.56489 0.959774 -2.29003
v 2.56472 0.960792 -2.29132
v 2.56409 0.96137 -2.29166
v 2.56358 0.961273 -2.29082
v 2.56287 0.961852 -2.29143
v 2.56276 0.961207 -2.29008
v 2.56334 0.960504 -2.28958
v 2.56232 0.960537 -2.28908
v 2.56255 0.95967 -2.28841
v 2.56112 0.959716 -2.2882
v 2.56111 0.960621 -2.28888
v 2.56187 0.96114 -2.28959
v 2.56202 0.961765 -2.29067
v 2.56206 0.962357 -2.29218
v 2.56359 0.961846 -2.29226
v 2.56438 0.9614 -2.29234
v 2.56409 0.961719 -2.29296
v 2.56474 0.961354 -2.29349
v 2.56496 0.961033 -2.29507
v 2.56422 0.960945 -2.29645
v 2.56361 0.960584 -2.30017
v 2.56088 0.959563 -2.30296
v 2.55764 0.959886 -2.30246
v 2.56102 0.960835 -2.3005
v 2.5585 0.961084 -2.30008
v 2.55625 0.960962 -2.299
v 2.55815 0.961486 -2.29639
v 2.55962 0.961516 -2.29707
v 2.55976 0.961891 -2.29655
v 2.55844 0.961878 -2.29592
v 2.5581 0.962227 -2.29434
v 2.55877 0.962498 -2.29367
v 2.559 0.96229 -2.29513
v 2.5596 0.962612 -2.29442
v 2.55948 0.962632 -2.29296
v 2.55876 0.962339 -2.29219
v 2.55827 0.961927 -2.29157
v 2.55876 0.961755 -2.29074
v 2.55894 0.960922 -2.2895
v 2.55968 0.959919 -2.28839
v 2.55807 0.959622 -2.28873
v 2.55834 0.957615 -2.28562
v 2.55953 0.959323 -2.28805
v 2.56083 0.957204 -2.28535
v 2.56064 0.954939 -2.28367
v 2.56111 0.9591 -2.28786
v 2.56269 0.959038 -2.28808
v 2.56384 0.959654 -2.28903
v 2.56419 0.960615 -2.29038
v 2.55994 0.960784 -2.28904
v 2.5604 0.961321 -2.28956
v 2.55953 0.961543 -2.29001
v 2.56029 0.961956 -2.29064
v 2.55948 0.962201 -2.29139
v 2.56029 0.96254 -2.29216
v 2.56117 0.962226 -2.29137
v 2.56114 0.961579 -2.29001
v 2.56112 0.961047 -2.28933
v 2.56117 0.962662 -2.29297
v 2.56204 0.962549 -2.29377
v 2.56287 0.962274 -2.293
v 2.56359 0.962015 -2.29375
v 2.56423 0.961615 -2.29443
v 2.56341 0.96189 -2.2952
v 2.56394 0.961367 -2.296
v 2.56266 0.961663 -2.29659
v 2.5628 0.961261 -2.29712
v 2.56122 0.961422 -2.29734
v 2.56122 0.961794 -2.29679
v 2.56122 0.962229 -2.29583
v 2.56002 0.96235 -2.29562
v 2.56048 0.962577 -2.29491
v 2.5612 0.962667 -2.29441
v 2.56193 0.962406 -2.29495
v 2.56032 0.96275 -2.29374
v 2.5628 0.962295 -2.29449
v 2.5624 0.962112 -2.29566
v 2.55435 0.960777 -2.29726
v 2.55479 0.959728 -2.30105
v 2.55684 0.958086 -2.30461
v 2.55353 0.957893 -2.30295
v 2.55243 0.959418 -2.29888
v 2.5485 0.952803 -2.30275
v 2.54801 0.950207 -2.30359
v 2.5458 0.946644 -2.30049
v 2.54525 0.945676 -2.29627
v 2.54521 0.948485 -2.29562
v 2.5462 0.943774 -2.30091
v 2.54795 0.947264 -2.30409
v 2.55129 0.950592 -2.3067
v 2.55509 0.947845 -2.30914
v 2.55506 0.944935 -2.30914
v 2.55128 0.947706 -2.30714
v 2.5514 0.94479 -2.30722
v 2.54828 0.944381 -2.30434
v 2.55934 0.9446 -2.30968
v 2.54568 0.942862 -2.29695
v 2.54609 0.941884 -2.29299
v 2.54572 0.944592 -2.29208
v 2.54813 0.940914 -2.28956
v 2.54782 0.943587 -2.28847
v 2.55119 0.939926 -2.28675
v 2.55108 0.942545 -2.28546
v 2.55481 0.93912 -2.2849
v 2.55113 0.945285 -2.28451
v 2.54785 0.946348 -2.28761
v 2.54837 0.949145 -2.28714
v 2.54724 0.952977 -2.2903
v 2.54628 0.950184 -2.29073
v 2.54569 0.947407 -2.29134
v 2.50855 0.960962 -2.299
v 2.50664 0.961486 -2.29639
v 2.50784 0.961379 -2.29528
v 2.5063 0.961084 -2.30008
v 2.50518 0.961516 -2.29707
v 2.50378 0.960835 -2.3005
v 2.50716 0.959886 -2.30246
v 2.51001 0.959728 -2.30105
v 2.50796 0.958086 -2.30461
v 2.50413 0.957726 -2.30517
v 2.50858 0.956025 -2.30641
v 2.51127 0.957893 -2.30295
v 2.51237 0.959418 -2.29888
v 2.51045 0.960777 -2.29726
v 2.50862 0.961174 -2.29394
v 2.50813 0.961574 -2.29373
v 2.50744 0.961752 -2.29494
v 2.50636 0.961878 -2.29592
v 2.50504 0.961891 -2.29655
v 2.50359 0.961821 -2.29679
v 2.50358 0.961431 -2.29734
v 2.50119 0.960584 -2.30017
v 2.502 0.961261 -2.29712
v 2.50058 0.960945 -2.29645
v 2.49898 0.960087 -2.29914
v 2.50066 0.959213 -2.30259
v 2.50392 0.959563 -2.30296
v 2.50026 0.957366 -2.30473
v 2.50432 0.955683 -2.30697
v 2.50915 0.953444 -2.30777
v 2.50461 0.95307 -2.30837
v 2.51228 0.955809 -2.30452
v 2.51298 0.953235 -2.30579
v 2.51406 0.957518 -2.30038
v 2.51391 0.958992 -2.29622
v 2.51163 0.960432 -2.29517
v 2.50889 0.960829 -2.29253
v 2.50838 0.961254 -2.29243
v 2.50744 0.961787 -2.29231
v 2.50723 0.962046 -2.29337
v 2.5067 0.962228 -2.29435
v 2.5058 0.96229 -2.29513
v 2.50478 0.96235 -2.29562
v 2.50358 0.962229 -2.29583
v 2.5024 0.962112 -2.29566
v 2.50214 0.961663 -2.29659
v 2.50086 0.961367 -2.296
v 2.49984 0.961033 -2.29507
v 2.49947 0.960568 -2.29541
v 2.49716 0.959499 -2.29746
v 2.49784 0.958561 -2.30124
v 2.49702 0.95658 -2.30316
v 2.5 0.955267 -2.30653
v 2.50004 0.952623 -2.3079
v 2.50023 0.949917 -2.30889
v 2.49627 0.949077 -2.30694
v 2.49624 0.951786 -2.30603
v 2.49301 0.950632 -2.3031
v 2.493 0.947939 -2.30397
v 2.49361 0.945108 -2.30447
v 2.49149 0.944022 -2.30095
v 2.49257 0.941258 -2.30139
v 2.4921 0.940307 -2.29742
v 2.491 0.943009 -2.29673
v 2.49157 0.941933 -2.29254
v 2.49262 0.939293 -2.29347
v 2.49467 0.938759 -2.28996
v 2.49372 0.941378 -2.28888
v 2.49778 0.938403 -2.28699
v 2.49702 0.940996 -2.28572
v 2.50145 0.938245 -2.28504
v 2.50085 0.940818 -2.2837
v 2.50537 0.941237 -2.28309
v 2.5057 0.938641 -2.28447
v 2.50994 0.941734 -2.28351
v 2.50999 0.93912 -2.2849
v 2.51372 0.942545 -2.28546
v 2.51361 0.939926 -2.28675
v 2.51698 0.943587 -2.28847
v 2.51667 0.940914 -2.28956
v 2.51908 0.944592 -2.29208
v 2.5187 0.941884 -2.29299
v 2.51955 0.945676 -2.29627
v 2.51912 0.942862 -2.29695
v 2.5186 0.943774 -2.30091
v 2.519 0.946644 -2.30049
v 2.51685 0.947264 -2.30409
v 2.51652 0.944381 -2.30434
v 2.5134 0.94479 -2.30722
v 2.51352 0.947705 -2.30713
v 2.50974 0.944935 -2.30914
v 2.50971 0.947845 -2.30914
v 2.50519 0.947512 -2.3097
v 2.50546 0.9446 -2.30968
v 2.50121 0.944049 -2.30927
v 2.50063 0.946977 -2.30927
v 2.49682 0.946175 -2.30739
v 2.49759 0.943288 -2.30748
v 2.50486 0.950462 -2.30933
v 2.50952 0.950774 -2.30875
v 2.51351 0.950592 -2.3067
v 2.5163 0.952803 -2.30275
v 2.51539 0.95541 -2.30165
v 2.51587 0.957041 -2.29727
v 2.5144 0.958211 -2.29322
v 2.51207 0.959823 -2.2928
v 2.51172 0.959273 -2.29045
v 2.51404 0.957507 -2.29015
v 2.51598 0.955325 -2.29015
v 2.51423 0.954399 -2.28711
v 2.51555 0.951973 -2.28689
v 2.51248 0.950984 -2.28407
v 2.51317 0.948104 -2.28414
v 2.50937 0.947338 -2.28218
v 2.50975 0.944446 -2.2825
v 2.50483 0.946778 -2.28177
v 2.5051 0.943922 -2.28208
v 2.50883 0.950224 -2.28221
v 2.5082 0.952905 -2.28292
v 2.51146 0.953535 -2.28458
v 2.51255 0.956706 -2.28754
v 2.51058 0.958642 -2.28839
v 2.5102 0.95597 -2.2854
v 2.50738 0.955422 -2.284
v 2.50439 0.952327 -2.28252
v 2.50455 0.949684 -2.28181
v 2.50024 0.949348 -2.28235
v 2.50051 0.9521 -2.28303
v 2.50093 0.954714 -2.28407
v 2.50417 0.954938 -2.28367
v 2.50646 0.957615 -2.28562
v 2.50869 0.958017 -2.28671
v 2.50791 0.960017 -2.28977
v 2.50866 0.960459 -2.29107
v 2.50817 0.960912 -2.29111
v 2.50724 0.961496 -2.29122
v 2.50748 0.960527 -2.28995
v 2.50644 0.960189 -2.28899
v 2.50676 0.961236 -2.29029
v 2.50604 0.961755 -2.29074
v 2.50586 0.960922 -2.2895
v 2.50527 0.961543 -2.29001
v 2.50532 0.962201 -2.29139
v 2.50653 0.961927 -2.29157
v 2.50686 0.96202 -2.29224
v 2.50653 0.962276 -2.29287
v 2.50603 0.962498 -2.29367
v 2.50532 0.962631 -2.29295
v 2.5052 0.962612 -2.29442
v 2.50432 0.962587 -2.29492
v 2.50447 0.96275 -2.29374
v 2.50361 0.962686 -2.29442
v 2.50287 0.962406 -2.29495
v 2.502 0.962295 -2.29449
v 2.50276 0.962549 -2.29377
v 2.50193 0.962274 -2.293
v 2.50274 0.962357 -2.29218
v 2.50121 0.961846 -2.29226
v 2.50071 0.961719 -2.29296
v 2.50121 0.962015 -2.29375
v 2.50139 0.96189 -2.2952
v 2.50057 0.961615 -2.29443
v 2.50006 0.961354 -2.29349
v 2.49921 0.960698 -2.29387
v 2.49876 0.960189 -2.2941
v 2.49598 0.958922 -2.29538
v 2.49548 0.957792 -2.29913
v 2.49425 0.955675 -2.30067
v 2.49639 0.954425 -2.30476
v 2.49335 0.953353 -2.30201
v 2.49134 0.952325 -2.29863
v 2.4909 0.949603 -2.29957
v 2.49083 0.94681 -2.30034
v 2.49036 0.945757 -2.29604
v 2.49093 0.944678 -2.29176
v 2.49314 0.94409 -2.288
v 2.4965 0.943687 -2.28483
v 2.50046 0.943526 -2.28272
v 2.51367 0.945285 -2.28451
v 2.51695 0.946348 -2.28761
v 2.51911 0.947407 -2.29134
v 2.51959 0.948485 -2.29562
v 2.51904 0.949527 -2.2999
v 2.519 0.951219 -2.29496
v 2.51844 0.952236 -2.29913
v 2.51679 0.950207 -2.30359
v 2.51746 0.954847 -2.29819
v 2.51799 0.953882 -2.29426
v 2.51641 0.956132 -2.29375
v 2.51756 0.952977 -2.2903
v 2.51852 0.950184 -2.29073
v 2.51643 0.949145 -2.28714
v 2.50027 0.94642 -2.28235
v 2.49662 0.949451 -2.28431
v 2.49727 0.952139 -2.28479
v 2.49807 0.954775 -2.28558
v 2.50138 0.957082 -2.28568
v 2.50397 0.957204 -2.28535
v 2.50527 0.959323 -2.28805
v 2.50673 0.959622 -2.28873
v 2.50512 0.959919 -2.28839
v 2.50486 0.960784 -2.28904
v 2.50369 0.960621 -2.28888
v 2.5044 0.961321 -2.28956
v 2.50451 0.961956 -2.29064
v 2.50451 0.96254 -2.29216
v 2.50603 0.962339 -2.29219
v 2.50362 0.962662 -2.29297
v 2.50362 0.962226 -2.29137
v 2.50278 0.961765 -2.29067
v 2.50193 0.961852 -2.29143
v 2.50071 0.96137 -2.29166
v 2.50042 0.9614 -2.29234
v 2.4999 0.961056 -2.29242
v 2.49902 0.960322 -2.29257
v 2.49855 0.959785 -2.29266
v 2.49566 0.958266 -2.29307
v 2.49604 0.957757 -2.29068
v 2.49358 0.956241 -2.29353
v 2.49393 0.957056 -2.29651
v 2.4921 0.953833 -2.29411
v 2.494 0.955569 -2.2905
v 2.49261 0.953038 -2.29053
v 2.49096 0.951311 -2.29469
v 2.49247 0.954797 -2.29763
v 2.49045 0.948518 -2.29538
v 2.49152 0.95036 -2.29072
v 2.49103 0.947513 -2.29117
v 2.49321 0.946913 -2.28751
v 2.49645 0.946556 -2.2844
v 2.49357 0.949784 -2.28724
v 2.49442 0.952485 -2.28742
v 2.49562 0.955067 -2.28782
v 2.49729 0.957337 -2.28859
v 2.49915 0.957102 -2.28683
v 2.50067 0.959043 -2.28879
v 2.50211 0.959038 -2.28808
v 2.50369 0.9591 -2.28786
v 2.50225 0.95967 -2.28841
v 2.50368 0.959716 -2.2882
v 2.50248 0.960537 -2.28908
v 2.50293 0.96114 -2.28959
v 2.50204 0.961207 -2.29008
v 2.50121 0.961273 -2.29082
v 2.50008 0.960792 -2.29132
v 2.49925 0.960027 -2.29125
v 2.49991 0.959774 -2.29003
v 2.49954 0.959176 -2.28988
v 2.49879 0.959452 -2.29121
v 2.50096 0.959654 -2.28903
v 2.50145 0.960504 -2.28958
v 2.50061 0.960615 -2.29038
v 2.50366 0.961579 -2.29001
v 2.50366 0.961028 -2.28933
v 2.49456 0.94229 -2.30472
v 2.50362 0.958832 -2.29312
v 2.50278 0.958588 -2.29237
v 2.5032 0.958544 -2.29198
v 2.5032 0.95894 -2.2935
v 2.50362 0.959118 -2.29384
v 2.50323 0.959289 -2.29419
v 2.50361 0.95941 -2.29439
v 2.5036 0.95977 -2.29498
v 2.5043 0.959768 -2.29469
v 2.50492 0.96091 -2.29647
v 2.50446 0.958969 -2.2931
v 2.50721 0.960801 -2.29494
v 2.504 0.959371 -2.29418
v 2.50404 0.958771 -2.29275
v 2.50404 0.958625 -2.29196
v 2.50446 0.958762 -2.29235
v 2.50449 0.958715 -2.29153
v 2.50363 0.95854 -2.29162
v 2.50325 0.958525 -2.29124
v 2.50234 0.958578 -2.29196
v 2.502 0.958675 -2.29239
v 2.5024 0.958698 -2.29276
v 2.50234 0.959 -2.29353
v 2.50277 0.959144 -2.29389
v 2.50156 0.959917 -2.29523
v 2.50157 0.959265 -2.29409
v 2.50084 0.959677 -2.29457
v 2.501 0.960396 -2.29592
v 2.50359 0.960807 -2.29667
v 2.50523 0.961165 -2.29736
v 2.50361 0.961041 -2.29761
v 2.50789 0.960593 -2.29378
v 2.50802 0.961036 -2.2955
v 2.50524 0.959193 -2.29303
v 2.50626 0.959437 -2.29264
v 2.50811 0.960285 -2.29257
v 2.50726 0.959597 -2.29024
v 2.50893 0.960084 -2.29112
v 2.50888 0.960819 -2.29407
v 2.51026 0.960695 -2.29714
v 2.50841 0.960873 -2.29882
v 2.50985 0.959614 -2.30083
v 2.50704 0.95974 -2.30221
v 2.50782 0.957806 -2.30434
v 2.50392 0.959442 -2.30268
v 2.50411 0.957508 -2.30487
v 2.50433 0.955462 -2.30666
v 2.5004 0.957131 -2.30444
v 2.50017 0.95505 -2.30624
v 2.50021 0.952511 -2.30756
v 2.49658 0.954183 -2.3045
v 2.49644 0.951642 -2.30573
v 2.49651 0.948978 -2.30663
v 2.5004 0.949847 -2.30852
v 2.49333 0.95055 -2.3029
v 2.49333 0.947899 -2.30375
v 2.49392 0.945168 -2.30423
v 2.49119 0.94676 -2.30018
v 2.49185 0.944054 -2.30077
v 2.49126 0.949491 -2.29944
v 2.49074 0.94575 -2.29606
v 2.49138 0.943081 -2.29671
v 2.49128 0.94471 -2.29193
v 2.49193 0.942046 -2.29268
v 2.49243 0.940487 -2.29737
v 2.49288 0.9414 -2.3012
v 2.49483 0.942454 -2.30449
v 2.49701 0.946184 -2.30705
v 2.5008 0.947007 -2.30888
v 2.49775 0.943418 -2.30714
v 2.50135 0.944212 -2.3089
v 2.50519 0.94754 -2.3093
v 2.50487 0.95037 -2.30893
v 2.50461 0.952935 -2.308
v 2.50845 0.955779 -2.30612
v 2.5111 0.957635 -2.3027
v 2.51213 0.959314 -2.29874
v 2.5114 0.960355 -2.29509
v 2.51182 0.959758 -2.2928
v 2.51364 0.958883 -2.29611
v 2.51379 0.957295 -2.30025
v 2.5121 0.955594 -2.30425
v 2.50898 0.953305 -2.30744
v 2.50935 0.950667 -2.30839
v 2.50954 0.947837 -2.30875
v 2.50957 0.945041 -2.30876
v 2.51332 0.947734 -2.3068
v 2.5132 0.94493 -2.30688
v 2.51327 0.950546 -2.30637
v 2.51278 0.953109 -2.30549
v 2.5151 0.955202 -2.30149
v 2.51557 0.956792 -2.29716
v 2.51412 0.95812 -2.29323
v 2.51149 0.959227 -2.29052
v 2.51038 0.958616 -2.28853
v 2.5123 0.956639 -2.28773
v 2.51004 0.95593 -2.28564
v 2.51396 0.954215 -2.28733
v 2.51131 0.953371 -2.28487
v 2.51377 0.957438 -2.29026
v 2.51568 0.955161 -2.29031
v 2.51526 0.951809 -2.28712
v 2.51231 0.950863 -2.2844
v 2.51297 0.948076 -2.28447
v 2.50921 0.947296 -2.28254
v 2.50957 0.944483 -2.2829
v 2.5051 0.943967 -2.28247
v 2.50537 0.941371 -2.28345
v 2.50062 0.943595 -2.28309
v 2.50044 0.946416 -2.28272
v 2.50483 0.946749 -2.28216
v 2.50869 0.950089 -2.28259
v 2.50805 0.952719 -2.28326
v 2.50726 0.955368 -2.28428
v 2.50417 0.954913 -2.28396
v 2.50637 0.957601 -2.28586
v 2.50855 0.958007 -2.2869
v 2.5081 0.959592 -2.28972
v 2.50533 0.958831 -2.28794
v 2.50502 0.958987 -2.28879
v 2.50468 0.9588 -2.28967
v 2.50369 0.958794 -2.28861
v 2.50208 0.958545 -2.28796
v 2.50109 0.958759 -2.28944
v 2.50163 0.95861 -2.29018
v 2.50089 0.958678 -2.29087
v 2.5016 0.95851 -2.2914
v 2.50116 0.958638 -2.29212
v 2.50103 0.958792 -2.29276
v 2.4995 0.959071 -2.29148
v 2.50014 0.958863 -2.29032
v 2.50055 0.958548 -2.28872
v 2.49857 0.958974 -2.29125
v 2.49927 0.959344 -2.29271
v 2.50115 0.95897 -2.29337
v 2.502 0.958856 -2.29309
v 2.49946 0.959708 -2.29392
v 2.49931 0.960178 -2.29563
v 2.49853 0.959742 -2.29423
v 2.49736 0.959433 -2.29732
v 2.49911 0.960013 -2.29894
v 2.49799 0.958435 -2.30101
v 2.50077 0.959093 -2.30232
v 2.50126 0.960497 -2.29995
v 2.50046 0.960561 -2.29671
v 2.50195 0.960908 -2.2974
v 2.50374 0.960785 -2.30027
v 2.50621 0.96098 -2.29986
v 2.4972 0.956335 -2.30294
v 2.49452 0.955449 -2.30052
v 2.49365 0.953153 -2.30184
v 2.49168 0.952104 -2.29852
v 2.49083 0.948446 -2.2954
v 2.49138 0.947479 -2.29132
v 2.49348 0.944101 -2.28821
v 2.49403 0.941489 -2.28907
v 2.4967 0.943724 -2.28516
v 2.49722 0.941124 -2.28604
v 2.49495 0.938966 -2.29011
v 2.49293 0.939512 -2.29357
v 2.49795 0.93862 -2.28727
v 2.50102 0.940969 -2.28405
v 2.50159 0.938491 -2.28534
v 2.50569 0.938862 -2.28479
v 2.50977 0.941839 -2.28387
v 2.50981 0.93934 -2.28521
v 2.51351 0.942682 -2.28578
v 2.51341 0.940147 -2.287
v 2.51665 0.943698 -2.28867
v 2.51637 0.941105 -2.28973
v 2.51872 0.944704 -2.29222
v 2.51835 0.942104 -2.2931
v 2.51917 0.945748 -2.29625
v 2.51876 0.943042 -2.2969
v 2.51826 0.943916 -2.30072
v 2.51864 0.946688 -2.30033
v 2.51652 0.947308 -2.30386
v 2.51621 0.944537 -2.30412
v 2.51648 0.950141 -2.30339
v 2.51866 0.949487 -2.29975
v 2.51919 0.948476 -2.29562
v 2.51863 0.951136 -2.29497
v 2.51808 0.952134 -2.299
v 2.51598 0.952693 -2.30256
v 2.51714 0.954636 -2.29808
v 2.51766 0.953709 -2.2943
v 2.5161 0.955933 -2.29379
v 2.51724 0.952835 -2.29048
v 2.51611 0.949092 -2.28736
v 2.51346 0.945333 -2.28486
v 2.51662 0.946353 -2.28784
v 2.51873 0.947436 -2.29148
v 2.51816 0.950151 -2.29089
v 2.49664 0.94653 -2.28475
v 2.49352 0.94687 -2.28774
v 2.49387 0.94964 -2.28748
v 2.49681 0.949313 -2.28465
v 2.50042 0.949242 -2.28273
v 2.50457 0.94955 -2.28219
v 2.50439 0.952181 -2.28288
v 2.50105 0.954688 -2.28435
v 2.50145 0.957086 -2.28591
v 2.50393 0.957242 -2.28556
v 2.49926 0.957121 -2.28704
v 2.49821 0.954725 -2.28583
v 2.49748 0.957337 -2.28873
v 2.49626 0.957739 -2.29075
v 2.49589 0.958225 -2.29305
v 2.49833 0.959296 -2.29277
v 2.49426 0.955509 -2.29061
v 2.49586 0.955016 -2.28799
v 2.49469 0.95231 -2.28764
v 2.49745 0.951974 -2.28508
v 2.50065 0.951961 -2.28338
v 2.4929 0.952854 -2.29069
v 2.49242 0.953622 -2.29414
v 2.49131 0.951122 -2.29473
v 2.49276 0.95456 -2.29753
v 2.49419 0.956948 -2.2964
v 2.49386 0.95616 -2.29355
v 2.4962 0.958876 -2.29531
v 2.49572 0.957696 -2.29897
v 2.49186 0.950209 -2.2909
v 2.50297 0.958615 -2.29068
v 2.5037 0.958669 -2.28952
v 2.50366 0.958489 -2.29038
v 2.50363 0.958561 -2.29103
v 2.50573 0.959029 -2.29131
v 2.50545 0.959163 -2.29268
v 2.50484 0.958953 -2.29271
v 2.50491 0.958844 -2.29192
v 2.50545 0.944731 -2.30928
v 2.54617 0.951136 -2.29497
v 2.54672 0.952134 -2.299
v 2.54614 0.949487 -2.29975
v 2.54714 0.953709 -2.2943
v 2.54766 0.954636 -2.29808
v 2.5487 0.955933 -2.29379
v 2.54756 0.952834 -2.29047
v 2.54664 0.950151 -2.29089
v 2.54869 0.949092 -2.28736
v 2.54607 0.947436 -2.29148
v 2.54818 0.946353 -2.28784
v 2.54561 0.948476 -2.29562
v 2.54563 0.945748 -2.29625
v 2.54616 0.946688 -2.30033
v 2.54832 0.950141 -2.30339
v 2.54882 0.952691 -2.30255
v 2.5497 0.955202 -2.30149
v 2.54922 0.956792 -2.29716
v 2.55068 0.95812 -2.29323
v 2.55103 0.957438 -2.29026
v 2.54912 0.955161 -2.29031
v 2.55331 0.959227 -2.29052
v 2.5525 0.956639 -2.28773
v 2.55084 0.954215 -2.28733
v 2.55476 0.95593 -2.28564
v 2.55349 0.953371 -2.28487
v 2.55442 0.958616 -2.28853
v 2.55625 0.958007 -2.2869
v 2.55843 0.957601 -2.28586
v 2.55754 0.955368 -2.28428
v 2.55947 0.958831 -2.28794
v 2.56087 0.957242 -2.28556
v 2.56062 0.954913 -2.28396
v 2.56334 0.957086 -2.28591
v 2.56272 0.958545 -2.28796
v 2.56425 0.958548 -2.28872
v 2.5637 0.958759 -2.28944
v 2.56466 0.958863 -2.29032
v 2.56623 0.958974 -2.29125
v 2.56732 0.957337 -2.28873
v 2.56554 0.957121 -2.28704
v 2.56659 0.954725 -2.28583
v 2.56894 0.955016 -2.28799
v 2.56854 0.957739 -2.29075
v 2.56891 0.958225 -2.29305
v 2.56647 0.959296 -2.29277
v 2.57054 0.955509 -2.29061
v 2.57011 0.95231 -2.28764
v 2.56735 0.951974 -2.28508
v 2.56415 0.951961 -2.28338
v 2.56375 0.95469 -2.28436
v 2.56041 0.952181 -2.28288
v 2.55675 0.952719 -2.28326
v 2.55249 0.950863 -2.2844
v 2.54954 0.951809 -2.28712
v 2.55183 0.948076 -2.28447
v 2.55559 0.947296 -2.28254
v 2.55523 0.944483 -2.2829
v 2.5597 0.943967 -2.28247
v 2.55943 0.941371 -2.28345
v 2.56418 0.943595 -2.28309
v 2.56436 0.946416 -2.28272
v 2.5681 0.943724 -2.28516
v 2.56378 0.940969 -2.28405
v 2.56758 0.941124 -2.28604
v 2.55911 0.938862 -2.28479
v 2.56321 0.938491 -2.28534
v 2.56685 0.93862 -2.28727
v 2.56985 0.938966 -2.29011
v 2.57077 0.941489 -2.28907
v 2.57187 0.939512 -2.29357
v 2.57287 0.942046 -2.29268
v 2.57237 0.940487 -2.29737
v 2.57342 0.943081 -2.29671
v 2.57295 0.944054 -2.30077
v 2.57361 0.94676 -2.30018
v 2.57088 0.945168 -2.30423
v 2.57147 0.947899 -2.30375
v 2.57191 0.9414 -2.3012
v 2.56997 0.942454 -2.30449
v 2.56779 0.946184 -2.30705
v 2.56829 0.948978 -2.30663
v 2.5644 0.949847 -2.30852
v 2.56459 0.952511 -2.30756
v 2.56836 0.951642 -2.30573
v 2.56822 0.954183 -2.3045
v 2.56463 0.95505 -2.30624
v 2.56047 0.955462 -2.30666
v 2.5644 0.957131 -2.30444
v 2.56069 0.957508 -2.30487
v 2.55698 0.957806 -2.30434
v 2.56088 0.959442 -2.30268
v 2.55776 0.95974 -2.30221
v 2.55495 0.959614 -2.30083
v 2.55639 0.960873 -2.29882
v 2.55454 0.960695 -2.29714
v 2.55678 0.961036 -2.2955
v 2.55592 0.960819 -2.29407
v 2.55691 0.960593 -2.29378
v 2.55669 0.960285 -2.29257
v 2.55587 0.960084 -2.29112
v 2.55754 0.959597 -2.29024
v 2.55854 0.959437 -2.29264
v 2.55907 0.959029 -2.29131
v 2.56012 0.9588 -2.28967
v 2.56076 0.958626 -2.29123
v 2.56114 0.958489 -2.29038
v 2.5611 0.958669 -2.28952
v 2.56111 0.958794 -2.28861
v 2.56212 0.958623 -2.28966
v 2.56183 0.958615 -2.29068
v 2.5625 0.958624 -2.29101
v 2.56202 0.958542 -2.29157
v 2.5632 0.95851 -2.2914
v 2.56201 0.958588 -2.29237
v 2.5628 0.958675 -2.29239
v 2.5624 0.958698 -2.29276
v 2.5628 0.958857 -2.2931
v 2.56201 0.958806 -2.29313
v 2.56117 0.958832 -2.29312
v 2.5616 0.958939 -2.29349
v 2.56157 0.95928 -2.29419
v 2.56117 0.959118 -2.29384
v 2.56119 0.95941 -2.29439
v 2.56324 0.959917 -2.29523
v 2.56323 0.959265 -2.29409
v 2.56365 0.95897 -2.29337
v 2.56377 0.958792 -2.29276
v 2.56553 0.959344 -2.29271
v 2.5653 0.959071 -2.29148
v 2.56364 0.958638 -2.29212
v 2.56391 0.958678 -2.29087
v 2.56317 0.95861 -2.29018
v 2.56244 0.958738 -2.28882
v 2.56534 0.959708 -2.29392
v 2.56396 0.959677 -2.29457
v 2.5638 0.960396 -2.29592
v 2.56549 0.960178 -2.29563
v 2.56434 0.960561 -2.29671
v 2.56569 0.960013 -2.29894
v 2.56354 0.960497 -2.29995
v 2.56403 0.959093 -2.30232
v 2.56681 0.958435 -2.30101
v 2.56744 0.959433 -2.29732
v 2.56627 0.959742 -2.29423
v 2.5686 0.958876 -2.29531
v 2.57061 0.956948 -2.2964
v 2.56908 0.957696 -2.29897
v 2.57028 0.955449 -2.30052
v 2.5676 0.956335 -2.30294
v 2.57115 0.953153 -2.30184
v 2.57147 0.95055 -2.3029
v 2.57354 0.949491 -2.29944
v 2.57311 0.952104 -2.29852
v 2.57203 0.95456 -2.29753
v 2.57238 0.953622 -2.29414
v 2.57094 0.95616 -2.29355
v 2.5719 0.952854 -2.29069
v 2.57348 0.951122 -2.29473
v 2.57397 0.948446 -2.2954
v 2.57294 0.950209 -2.2909
v 2.57093 0.94964 -2.28748
v 2.56799 0.949313 -2.28465
v 2.56438 0.949242 -2.28273
v 2.56023 0.94955 -2.28219
v 2.55611 0.950089 -2.28259
v 2.55996 0.946749 -2.28216
v 2.56816 0.94653 -2.28475
v 2.57128 0.94687 -2.28774
v 2.57342 0.947479 -2.29132
v 2.57406 0.94575 -2.29606
v 2.57352 0.94471 -2.29193
v 2.57132 0.944101 -2.28821
v 2.56105 0.960785 -2.30027
v 2.55859 0.96098 -2.29986
v 2.55957 0.961157 -2.29737
v 2.55759 0.960801 -2.29494
v 2.55956 0.959193 -2.29303
v 2.55935 0.959163 -2.29268
v 2.56033 0.958762 -2.29235
v 2.56117 0.958531 -2.29162
v 2.56117 0.958561 -2.29103
v 2.56155 0.958525 -2.29124
v 2.5616 0.958535 -2.29199
v 2.56076 0.958771 -2.29275
v 2.56033 0.958969 -2.2931
v 2.55996 0.958953 -2.29271
v 2.55988 0.96091 -2.29647
v 2.56122 0.960778 -2.29666
v 2.56285 0.960901 -2.29741
v 2.56119 0.96105 -2.29761
v 2.55978 0.958987 -2.28879
v 2.5567 0.959592 -2.28972
v 2.55297 0.959758 -2.2928
v 2.55116 0.958883 -2.29611
v 2.5534 0.960355 -2.29509
v 2.55267 0.959314 -2.29874
v 2.55369 0.957635 -2.3027
v 2.55635 0.955779 -2.30612
v 2.56019 0.952935 -2.308
v 2.55993 0.95037 -2.30893
v 2.564 0.947007 -2.30888
v 2.56705 0.943418 -2.30714
v 2.56345 0.944212 -2.3089
v 2.55961 0.94754 -2.3093
v 2.55545 0.950667 -2.30839
v 2.55582 0.953305 -2.30744
v 2.55202 0.953109 -2.30549
v 2.5527 0.955594 -2.30425
v 2.55153 0.950546 -2.30637
v 2.55526 0.947837 -2.30875
v 2.55523 0.945041 -2.30876
v 2.5516 0.94493 -2.30688
v 2.55148 0.947734 -2.3068
v 2.54859 0.944537 -2.30412
v 2.54828 0.947308 -2.30386
v 2.54654 0.943916 -2.30072
v 2.54604 0.943042 -2.2969
v 2.54645 0.942104 -2.2931
v 2.54608 0.944704 -2.29222
v 2.54843 0.941105 -2.28973
v 2.54814 0.943698 -2.28867
v 2.55139 0.940147 -2.287
v 2.55128 0.942682 -2.28578
v 2.55499 0.93934 -2.28521
v 2.55502 0.941839 -2.28387
v 2.55134 0.945333 -2.28486
v 2.55935 0.944731 -2.30928
v 2.55101 0.957295 -2.30025
vt 9.72161 11.4674
vt 9.86088 11.6781
vt 9.42804 11.7028
vt 9.12189 11.8157
vt 9.47283 11.61
vt 9.27586 12.016
vt 11.7644 30.9285
vt 11.375 31.0464
vt 11.6829 30.6736
vt 11.3006 30.9349
vt 11.13 30.7759
vt 11.6079 30.5617
vt 11.6734 29.9834
vt 11.321 30.1154
vt 11.5072 29.8197
vt 11.3695 30.7994
vt 11.2705 30.6624
vt 11.5619 30.5078
vt 6.33253 30.9849
vt 6.19664 31.0236
vt 6.29796 30.8194
vt 9.29426 0.208535
vt 8.89872 0.40394
vt 8.86466 0.266814
vt -11.7365 15.9838
vt -11.5907 15.7029
vt -11.3046 16.0736
vt -11.827 15.3359
vt -11.5105 15.493
vt -11.6864 15.7562
vt -11.0508 30.5881
vt -11.3939 30.5037
vt -10.9364 30.4022
vt -11.343 30.8783
vt -11.3293 30.6201
vt -10.8855 30.7774
vt -11.5884 30.9035
vt -12.0101 30.7824
vt -11.5757 30.6452
vt -11.8207 12.7841
vt -11.4514 13.0208
vt -11.8734 13.1188
vt -11.4864 12.4789
vt -11.7121 12.7179
vt -11.9074 12.5808
vt -11.5449 12.9283
vt -11.3088 12.6994
vt -11.2402 13.1372
vt 9.18223 11.0215
vt 9.3149 11.2435
vt 8.99793 11.4333
vt 9.20946 11.2507
vt 9.00141 11.3677
vt 8.86156 11.1502
vt 10.0589 6.52856
vt 10.1564 6.77785
vt 9.82145 6.64009
vt 9.16005 24.9859
vt 9.31944 25.2759
vt 8.95992 25.1636
vt 12.5753 30.1502
vt 12.2946 29.9749
vt 12.3527 29.7293
vt 12.3368 29.6741
vt 12.2794 29.9199
vt 11.9431 29.7065
vt 12.0433 30.8756
vt 11.7852 30.9225
vt 11.7037 30.6675
vt 12.0246 17.3913
vt 11.9573 17.1452
vt 12.4157 17.336
vt 10.8883 16.6055
vt 11.2822 16.2463
vt 11.4071 16.4687
vt -4.79473 6.57338
vt -4.48776 7.00921
vt -4.74171 7.15475
vt -5.52453 5.54678
vt -5.28078 5.38474
vt -5.25468 5.85905
vt -2.95942 4.72714
vt -2.77915 5.03445
vt -3.02418 5.19773
vt 10.8815 17.6616
vt 11.1553 17.4337
vt 11.2561 17.6349
vt 11.0425 17.6572
vt 10.931 17.4617
vt 11.4511 17.3295
vt 11.0777 30.4598
vt 10.9942 30.323
vt 11.3694 30.3058
vt 4.6727 32.7492
vt 4.36991 32.8408
vt 4.60677 32.6031
vt 5.23523 31.7574
vt 5.04796 31.6601
vt 5.34774 31.5592
vt -11.5906 15.2585
vt -11.1805 15.4693
vt -11.3116 15.6346
vt -10.5882 30.9478
vt -10.4722 30.763
vt -10.1389 31.0518
vt -11.2946 30.6593
vt -10.91 30.8089
vt -10.968 30.9556
vt 3.9 32.9776
vt 3.85782 32.8255
vt 4.14072 32.7439
vt -7.62779 9.06487
vt -7.43427 8.79813
vt -7.25618 9.35408
vt -9.79093 8.46539
vt -9.91284 8.77155
vt -10.3074 8.56273
vt -12.1209 29.9992
vt -12.1222 29.7591
vt -11.6872 29.8597
vt -12.6626 30.0274
vt -12.2383 29.8984
vt -12.2344 30.1384
vt -11.9054 19.0979
vt -11.6943 19.3486
vt -12.0646 19.5925
vt -10.5374 6.08431
vt -10.052 6.29547
vt -10.5648 6.41091
vt 11.9554 17.2567
vt 12.4641 17.11
vt 12.4144 17.4458
vt 9.53836 28.1909
vt 9.75677 27.931
vt 9.89994 28.5319
vt 11.2302 27.2077
vt 11.6942 27.4706
vt 11.4586 27.7816
vt -9.82451 22.607
vt -9.48682 22.1943
vt -9.46754 22.7136
vt -8.61742 29.7977
vt -8.25134 29.8667
vt -8.44581 30.2154
vt -12.6948 30.8338
vt -12.7362 31.2647
vt -12.9908 31.1017
vt -12.7535 30.7633
vt -12.5795 30.9919
vt -12.7977 31.194
vt -12.4819 30.0141
vt -12.65 29.7811
vt -12.222 29.8928
vt -9.53308 28.1405
vt -9.75442 27.8709
vt -9.5197 27.706
vt -8.52401 30.5891
vt -8.37006 30.3346
vt -8.1218 30.5797
vt -8.18758 30.9687
vt -8.5302 30.8355
vt -8.12799 30.8262
vt -6.60352 33.0382
vt -6.63318 33.2074
vt -6.95426 32.9281
vt 5.57681 33.4261
vt 5.30703 33.5054
vt 5.29104 33.3344
vt 5.56053 33.7677
vt 5.60087 33.5517
vt 5.87 33.4702
vt -6.56937 31.9019
vt -6.65456 32.1044
vt -6.93204 31.9409
vt -8.59501 33.081
vt -8.94191 33.086
vt -8.86642 32.9076
vt -8.77448 15.071
vt -8.8188 15.4406
vt -9.12135 15.0779
vt -0.129367 20.1391
vt 0.0891146 19.8377
vt 0.478007 20.0113
vt -0.31577 21.5413
vt 0.159038 21.3498
vt 0.0759083 21.7086
vt 2.97901 32.4987
vt 2.49531 32.6666
vt 2.82094 32.387
vt 9.35299 20.7623
vt 9.14274 21.0012
vt 9.00395 20.8662
vt -12.6305 27.5826
vt -12.8621 27.3643
vt -12.6449 27.0061
vt -5.16692 33.5181
vt -5.07316 33.2348
vt -4.91883 33.1806
vt -13.6135 30.4517
vt -12.9599 30.5197
vt -13.0692 30.7974
vt -12.9498 31.1278
vt -13.6036 31.0613
vt -13.0731 30.6955
vt -13.4687 31.0182
vt -13.2234 30.369
vt -12.941 30.6484
vt -3.56323 33.7255
vt -3.98473 33.5677
vt -3.5525 33.0316
vt -2.83002 32.5213
vt -2.54613 32.0487
vt -2.12063 32.1954
vt 10.0795 31.9412
vt 9.83785 31.6232
vt 10.1879 31.4007
vt -8.63859 30.0222
vt -8.78068 30.3954
vt -8.80127 29.7806
vt -11.3628 28.6882
vt -11.7889 28.1778
vt -11.2691 28.0802
vt -1.79618 27.3518
vt -2.8236 27.5428
vt -2.33201 26.9583
vt -1.43472 34.2861
vt -0.408067 34.091
vt -1.3155 34.6805
vt -0.201917 34.1613
vt -0.183838 34.666
vt -1.10656 34.7551
vt -2.76064 34.0731
vt -1.845 34.2251
vt -2.77346 34.5779
vt -1.46562 33.3412
vt -2.38229 33.1955
vt -1.67431 32.8665
vt -13.59 28.1963
vt -13.5114 27.6838
vt -12.9835 28.054
vt 10.8005 21.2849
vt 10.2534 20.9868
vt 10.8112 20.8739
vt 9.84957 24.4731
vt 9.93436 24.3344
vt 10.4116 24.3837
vt 8.29061 13.8611
vt 8.40794 13.9736
vt 8.06637 14.1
vt 12.3076 31.0646
vt 12.2538 30.9465
vt 12.5919 30.9018
vt 5.52504 33.3103
vt 5.56842 33.4326
vt 5.28267 33.341
vt 6.0269 32.4333
vt 5.78513 32.4685
vt 5.99522 32.2425
vt 6.58735 31.7495
vt 6.52547 31.608
vt 6.78795 31.5151
vt 9.08348 24.4901
vt 8.84094 24.6268
vt 8.72656 24.3698
vt -7.73749 29.0887
vt -7.93937 29.2847
vt -7.97975 28.8518
vt 12.6244 31.0051
vt 12.5219 30.8411
vt 12.74 30.6803
vt 12.8202 29.8664
vt 12.6049 30.031
vt 12.3998 29.6012
vt 12.7889 31.1069
vt 12.4893 31.2677
vt 12.6091 30.9444
vt 12.331 31.5272
vt 12.6319 31.3687
vt 12.6691 31.4825
vt 7.85895 32.8346
vt 8.18393 32.6548
vt 7.88277 32.952
vt 10.2105 29.9904
vt 10.0697 29.7932
vt 10.5134 29.7757
vt 10.0354 30.7895
vt 10.306 30.5083
vt 10.4792 30.773
vt -7.652 31.0736
vt -7.52269 30.7849
vt -7.32305 31.19
vt -7.52755 32.1634
vt -7.3659 31.7825
vt -7.03518 31.8937
vt 10.6585 31.0017
vt 10.8679 31.3587
vt 10.389 31.3278
vt -8.22124 33.0117
vt -8.62137 32.8074
vt -8.11605 32.5628
vt -8.86628 32.532
vt -8.4683 32.7405
vt -8.66904 32.9914
vt -12.6915 30.9509
vt -13.2102 30.9417
vt -12.9822 30.7153
vt -13.1534 31.8478
vt -13.2141 31.4696
vt -12.6954 31.4787
vt -6.5285 29.3124
vt -6.5106 29.695
vt -7.22781 29.6559
vt -7.34836 32.3277
vt -6.63112 32.3663
vt -7.28569 32.9708
vt -7.18165 31.7627
vt -7.12995 32.2869
vt -7.83606 32.3673
vt -11.937 32.7948
vt -11.9899 32.2707
vt -11.45 32.1585
vt -11.0393 32.5186
vt -11.5779 32.6369
vt -11.1357 32.2489
vt -11.6224 26.4746
vt -12.0145 26.4825
vt -12.004 26.1963
vt -11.925 30.1219
vt -11.9958 29.4453
vt -11.6037 29.4379
vt -10.7779 33.1245
vt -11.4551 33.1103
vt -10.9706 32.4721
vt -10.9791 34.4783
vt -11.4443 32.6979
vt -10.7671 32.7121
vt -9.77919 32.182
vt -9.32194 33.9644
vt -10.1279 34.0366
vt -10.0965 34.425
vt -9.29054 34.3529
vt -9.90697 35.0451
vt -10.7214 32.8059
vt -10.3016 33.4406
vt -11.3273 33.5072
vt -11.9071 35.173
vt -12.3389 34.5463
vt -11.8118 34.4837
vt -11.8377 34.2698
vt -12.3648 34.3325
vt -12.1572 32.5658
vt -11.2318 33.0712
vt -11.5985 33.7285
vt -11.8694 32.0161
vt -7.08887 35.7986
vt -6.74653 35.1283
vt -6.09772 35.8204
vt -0.9212 29.3215
vt -0.171428 28.9692
vt -0.280914 30.0215
vt 0.544139 31.2972
vt -0.209791 31.6405
vt -0.289287 30.6595
vt -12.2179 32.7884
vt -12.0675 33.761
vt -12.7111 32.7095
vt -12.0827 29.8779
vt -12.575 29.7939
vt -12.2935 29.0926
vt 1.12903 27.4002
vt 1.37919 26.6266
vt 1.87455 27.1752
vt 0.695257 27.624
vt 1.30585 27.5127
vt 1.19907 28.1649
vt 4.21554 28.6184
vt 3.21407 28.841
vt 3.34729 28.1937
vt 3.42908 30.2929
vt 4.43132 30.0737
vt 4.18158 30.8384
vt -0.616501 28.6561
vt -0.429787 27.8736
vt 0.110261 28.7919
vt 0.0453065 27.4343
vt 0.920976 27.5221
vt 0.576123 28.358
vt 0.766781 29.8597
vt -0.109121 29.7743
vt -0.0923216 29.1404
vt 3.75311 29.4924
vt 3.70607 30.1247
vt 2.83444 29.707
vt 2.69438 22.3598
vt 1.78172 22.5986
vt 1.88765 22.2459
vt 2.1105 29.2677
vt 2.09543 29.6215
vt 1.28713 29.5193
vt 0.807608 29.5404
vt 0.817684 29.1864
vt 1.85443 29.3276
vt 1.60586 31.4708
vt 0.568919 31.331
vt 1.03059 31.0259
vt -10.7673 13.4614
vt -11.1853 13.0715
vt -10.5272 12.9628
vt 12.363 25.3125
vt 12.218 24.9805
vt 12.8643 25.0381
vt 0.223108 33.3961
vt 0.426111 33.696
vt -0.146877 33.4137
vt 2.45523 30.6593
vt 1.63122 30.9089
vt 1.87726 30.3873
vt 0.000345957 29.712
vt -0.369666 29.729
vt -0.350479 29.4514
vt -6.51477 29.5866
vt -6.66975 29.6389
vt -6.51047 29.3083
vt -8.87354 28.4279
vt -8.95394 27.9856
vt -8.72595 28.092
vt -11.4321 29.9685
vt -11.6542 29.8505
vt -11.3013 29.8049
vt -11.7139 30.391
vt -11.5583 30.1053
vt -11.3608 30.347
vt -12.688 30.8148
vt -12.9731 30.5381
vt -12.4937 30.5538
vt -13.0057 29.619
vt -12.7244 29.3403
vt -12.5263 29.6358
vt -4.9544 29.7073
vt -5.3659 29.5734
vt -4.87148 29.32
vt -3.57589 33.6148
vt -3.5715 32.9748
vt -3.15019 33.0736
vt 6.68263 32.4226
vt 6.86148 33.0372
vt 6.48694 32.9897
vt 6.87984 31.5537
vt 6.87174 31.3145
vt 7.24654 31.3599
vt 12.017 31.1698
vt 12.653 30.9807
vt 12.664 31.2198
vt 11.901 30.7382
vt 11.9362 30.4666
vt 12.5368 30.549
vt 0.447633 28.6814
vt 0.446691 28.9553
vt 0.0969242 28.6933
vt 1.12755 28.2334
vt 0.777244 28.254
vt 1.06982 27.9937
vt -1.5295 30.5105
vt -1.51928 30.3013
vt -1.20369 30.2933
vt -1.08189 26.9794
vt -1.39741 26.9898
vt -1.33492 26.4141
vt -11.9359 29.0738
vt -12.1212 28.8227
vt -11.4724 28.7267
vt -12.1859 29.6251
vt -11.5205 29.2496
vt -11.5365 29.5334
vt -12.8086 28.3596
vt -12.9926 28.0551
vt -12.1448 27.9813
vt -12.9821 27.1962
vt -12.1475 26.865
vt -12.1346 27.1196
vt -6.38913 21.3207
vt -6.7467 21.1091
vt -6.03026 20.4976
vt -3.91872 27.9985
vt -3.84377 27.5724
vt -3.44898 27.7019
vt 10.3598 28.623
vt 10.6595 28.9351
vt 10.365 29.1693
vt 7.98986 32.3045
vt 8.31078 32.1081
vt 8.14187 32.6838
vt 11.652 30.9595
vt 12.0931 30.6699
vt 12.2521 31.0463
vt 12.4113 29.8594
vt 11.9768 30.1588
vt 12.0977 29.541
vt 11.4535 30.7364
vt 11.2571 30.5872
vt 11.5976 30.1236
vt 12.2012 28.4897
vt 11.7384 28.1899
vt 12.5002 27.9984
vt -3.78933 25.162
vt -3.94905 25.6898
vt -4.08584 25.0857
vt -10.8901 -1.60852
vt -10.501 -1.3515
vt -10.997 -1.32162
vt -12.2397 28.5319
vt -12.1938 28.2515
vt -11.7748 28.5683
vt -12.2139 26.4842
vt -11.757 26.5727
vt -11.8073 26.8168
vt -12.073 25.5932
vt -12.0528 25.3391
vt -11.6162 25.6822
vt -11.9911 24.6594
vt -11.4918 24.7086
vt -11.5593 25.0085
vt -8.02408 -4.39286
vt -8.18829 -4.13333
vt -8.58691 -4.438
vt -4.2834 -4.83506
vt -4.11439 -4.41705
vt -4.5306 -4.6528
vt 11.3266 21.6636
vt 11.2332 21.3923
vt 11.6703 21.2816
vt 11.0086 21.5407
vt 11.3031 21.5169
vt 11.3871 21.7912
vt -8.60205 -4.75296
vt -8.38637 -4.55099
vt -8.71142 -4.51509
vt 5.7126 10.8524
vt 5.88761 10.7508
vt 6.03254 10.9201
vt -0.198146 16.341
vt -0.182059 16.0725
vt 0.0202039 16.0787
vt -10.1358 26.6891
vt -10.6399 26.6866
vt -10.2875 26.467
vt -10.6549 29.3526
vt -10.1509 29.3551
vt -10.3139 29.5447
vt 0.648624 29.1405
vt 0.4644 29.1563
vt 0.447887 28.9068
vt 2.23203 18.9364
vt 2.26938 19.3424
vt 2.05134 18.9756
vt 11.2866 23.555
vt 10.9102 23.3983
vt 11.2933 23.151
vt 10.7987 24.9217
vt 10.6882 24.686
vt 11.1901 24.6875
vt 1.9528 29.7568
vt 1.85585 29.9984
vt 1.63804 29.7804
vt 0.968372 17.7932
vt 0.653504 17.8153
vt 0.884236 17.5637
vt 10.6961 24.0468
vt 10.802 23.8265
vt 11.198 24.0482
vt 11.3786 21.6604
vt 11.3053 21.2631
vt 11.7674 21.1191
vt 11.3307 17.7273
vt 10.873 17.8846
vt 11.1652 17.462
vt 11.5258 17.6527
vt 11.3723 17.3803
vt 11.7498 17.186
vt -8.82628 6.09922
vt -8.50788 6.38014
vt -9.07235 6.36635
vt -8.75904 22.2923
vt -8.19054 21.5466
vt -7.94665 21.8157
vt 11.0872 24.869
vt 11.0616 24.4696
vt 11.8649 24.9535
vt 12.3406 22.6203
vt 11.8869 22.6593
vt 12.1987 22.2461
vt 11.7695 21.4259
vt 12.2232 21.3871
vt 12.1575 21.8734
vt 11.8791 25.9601
vt 12.0535 25.5014
vt 12.6361 25.7503
vt 11.5166 23.1447
vt 10.9722 22.8205
vt 11.7485 22.9172
vt 9.40752 29.3101
vt 9.6805 29.134
vt 9.65852 29.6799
vt 11.3946 21.8986
vt 11.7879 21.3605
vt 12.1725 21.8109
vt -10.4218 -0.220643
vt -10.2328 0.180499
vt -10.9181 -0.197851
vt -8.80696 -2.3621
vt -8.91356 -2.21983
vt -9.01493 -2.65154
vt -6.12452 16.9003
vt -6.27631 16.8077
vt -6.03873 16.4822
vt -11.208 26.1505
vt -11.1424 25.8339
vt -10.8173 26.0518
vt -11.74 25.3979
vt -11.3423 25.4041
vt -11.4323 25.7147
vt -11.7269 25.3507
vt -11.6763 25.0474
vt -11.3292 25.3567
vt -11.4604 22.3076
vt -11.0223 22.3927
vt -11.1356 22.6401
vt -2.61111 -6.06773
vt -2.83879 -5.93848
vt -2.99135 -6.35793
vt -11.3064 22.6725
vt -11.2087 22.4186
vt -10.986 22.4084
vt -11.6467 27.4787
vt -11.6177 27.2311
vt -11.2943 27.5319
vt -10.9325 16.8513
vt -10.782 16.602
vt -10.272 16.7587
vt -11.3497 28.1963
vt -11.8703 28.0794
vt -11.323 27.7062
vt -11.0452 30.0153
vt -10.9511 29.4828
vt -10.49 29.6541
vt -10.7456 31.3878
vt -10.7242 31.9282
vt -11.1954 31.3473
vt -11.8163 31.4321
vt -12.3395 31.509
vt -12.2654 30.834
vt 1.76866 32.5776
vt 2.07562 32.5189
vt 2.24718 33.1759
vt 3.13963 32.844
vt 2.83458 32.9119
vt 2.87151 32.2015
vt 1.50498 33.0547
vt 1.34631 32.4236
vt 1.57875 32.3471
vt 9.92603 31.8637
vt 9.58838 32.012
vt 9.59081 31.306
vt 8.44338 30.9799
vt 8.35479 30.5181
vt 8.69489 30.3756
vt 12.4656 30.849
vt 12.9629 30.7706
vt 12.9933 31.2399
vt 12.8193 29.3151
vt 13.077 29.8294
vt 12.5804 29.9119
vt 9.40036 32.0628
vt 9.11656 31.5624
vt 9.40657 31.3568
vt 10.9204 30.0104
vt 10.6446 30.2346
vt 10.2729 29.4618
vt 10.4975 30.2711
vt 9.93461 29.6884
vt 10.1326 29.495
vt 13.1882 28.8015
vt 12.2774 28.5067
vt 12.5858 28.2598
vt 13.1527 28.2302
vt 12.9445 28.8385
vt 12.2446 27.927
vt -0.847078 31.142
vt -0.267791 30.55
vt -0.560941 31.6612
vt 0.0556971 30.6212
vt 0.157447 29.8343
vt 0.605937 30.0022
vt -11.1041 30.0677
vt -11.645 30.6482
vt -11.9972 30.3049
vt -11.3902 30.7793
vt -11.696 31.1082
vt -11.7455 30.4392
vt -0.902625 31.5372
vt -1.29381 31.4475
vt -1.17972 31.0131
vt 1.14608 30.2152
vt 1.10196 30.563
vt 0.750363 30.1483
vt 12.6269 31.1625
vt 12.6519 30.8128
vt 13.1825 31.1998
vt 12.7217 28.3219
vt 13.2772 28.3611
vt 13.055 28.6365
vt 10.4753 25.2935
vt 10.6859 25.0092
vt 11.0762 25.1039
vt 10.1093 31.5328
vt 9.71718 31.4461
vt 9.96699 30.8411
vt 2.72177 32.8593
vt 2.62525 32.1597
vt 3.1106 32.7524
vt 2.36699 32.7248
vt 2.48509 32.2597
vt 2.87415 32.1537
vt 12.4944 32.0861
vt 11.9238 31.787
vt 12.5279 31.6075
vt -11.615 22.8632
vt -11.994 23.3842
vt -11.9261 22.7158
vt -9.97631 25.586
vt -10.4854 25.1833
vt -10.0426 24.9175
vt -3.57898 30.7477
vt -3.27291 30.3179
vt -2.66371 30.5421
vt -0.398713 32.9506
vt -0.50913 32.7308
vt -0.0937946 32.52
vt 10.476 27.0655
vt 10.5624 27.2958
vt 10.0568 27.0945
vt 11.3817 23.4755
vt 10.8705 23.7334
vt 10.8841 23.2551
vt 11.1347 25.2059
vt 11.6498 24.9559
vt 11.6614 25.5222
vt -3.78311 29.6413
vt -2.86816 29.4342
vt -3.54129 30.1535
vt 2.36989 33.7928
vt 2.51728 34.1776
vt 1.70844 34.5228
vt 0.327662 32.0509
vt 1.13995 31.7139
vt 1.43821 32.5565
vt -1.48195 32.6013
vt -0.558784 32.5169
vt -1.18634 33.4448
vt -1.41274 31.9754
vt -1.28129 32.8672
vt -2.04194 32.9022
vt -2.93484 32.186
vt -2.06371 32.4215
vt -2.805 33.078
vt -2.60339 33.471
vt -2.66685 34.0499
vt -3.53686 33.8103
vt -5.1609 33.1582
vt -4.54447 33.3916
vt -5.24399 33.7347
vt -6.05159 33.8133
vt -5.68698 33.6232
vt -5.43942 34.0576
vt -2.56085 31.8647
vt -2.49779 32.5077
vt -3.30222 32.5211
vt -3.30732 32.1942
vt -2.50289 32.1808
vt -2.82701 34.0251
vt -3.93333 31.9211
vt -3.60288 33.6961
vt -4.24781 33.7671
vt -7.79278 32.7635
vt -7.08667 32.6832
vt -7.44667 34.5355
vt -4.40012 32.0148
vt -3.75528 31.943
vt -4.19018 32.774
vt -3.85176 31.8769
vt -3.69341 32.5057
vt -4.28565 32.7085
vt -0.667361 40.5228
vt -4.1055 33.425
vt -3.51285 33.2234
vt 1.22727 29.83
vt 4.05099 37.1938
vt 0.601962 30.0849
vt 3.71842 37.477
vt 2.37236 37.8563
vt 0.210269 30.3971
vt 2.34026 37.6335
vt 3.68602 37.2531
vt 4.16064 41.2086
vt -4.64917 40.286
vt -1.84532 43.8521
vt -3.54689 44.1143
vt -4.02499 46.1066
vt -6.87613 42.5782
vt -5.38373 41.791
vt -5.05257 42.2873
vt -6.54359 43.0771
vt -9.47057 35.8101
vt -6.92158 42.5273
vt -11.1482 35.9235
vt -10.1225 35.8563
vt -9.50371 35.5764
vt -11.1583 35.9655
vt -11.5367 28.576
vt -11.1602 35.8717
vt -9.50592 35.4817
vt -9.77902 39.8625
vt -8.86211 35.011
vt -8.50192 39.2826
vt -9.60278 39.3374
vt -3.80186 38.6543
vt -4.73587 38.5026
vt -3.6364 34.3593
vt -3.97219 41.7385
vt -4.19009 45.5103
vt -4.90736 41.5941
vt 0.732557 42.8588
vt 1.6379 42.9594
vt -0.00215844 46.5648
vt 1.61312 43.3887
vt 0.707726 43.2886
vt 2.64795 39.2836
vt -3.36734 34.4676
vt -4.49269 38.7732
vt -4.4938 34.4749
vt -4.50174 31.2184
vt -3.1644 24.0525
vt -3.37529 31.2106
vt -11.5414 30.8563
vt -11.1031 30.7405
vt -8.81402 37.4778
vt -10.4402 35.3701
vt -10.8804 35.4784
vt -10.8025 34.7869
vt -6.6481 32.3578
vt -6.99588 31.7657
vt -6.00472 31.7874
vt -3.91696 35.895
vt -3.26655 35.3326
vt -3.08645 36.1528
vt 0.638766 34.612
vt 1.37632 34.8636
vt 0.83424 35.4287
vt 2.41051 31.0018
vt 1.67535 30.7432
vt 2.46927 30.2569
vt 1.55454 30.4216
vt 1.70533 29.3744
vt 2.34727 29.9333
vt 3.99292 25.1701
vt 4.71393 24.8308
vt 4.59663 25.7701
vt 4.77559 28.4804
vt 4.76682 27.5945
vt 5.50491 28.1594
vt 1.94593 27.5729
vt 2.01635 28.4561
vt 1.20003 27.7967
vt -0.107547 24.0884
vt 0.617198 24.2346
vt -0.0619711 25.0339
vt -1.55562 22.7569
vt -0.92483 21.9189
vt -0.993193 22.7412
vt 0.403729 22.1841
vt 1.0499 22.2358
vt 0.290802 23.0015
vt 0.156797 28.074
vt 0.49364 27.2349
vt 0.803357 28.1205
vt 6.27019 25.1752
vt 7.08601 25.9104
vt 6.42804 26.1001
vt 4.94443 29.9601
vt 4.08796 29.2726
vt 5.01868 28.9839
vt 4.43662 30.8681
vt 4.64699 30.2319
vt 5.36864 30.5837
vt 1.07909 29.3388
vt 0.223133 28.6158
vt 1.26309 28.6945
vt 0.343822 26.2095
vt 1.38888 25.9882
vt 1.38359 26.2905
vt 5.41705 27.0582
vt 5.4516 26.7578
vt 6.28283 27.0705
vt 6.23517 27.2728
vt 5.40358 26.961
vt 5.83745 26.904
vt 3.87843 9.61997
vt 4.04288 9.28761
vt 4.30695 9.5313
vt 12.1608 30.241
vt 12.1226 29.7314
vt 12.4678 30.0329
vt 1.66469 30.7675
vt 1.75804 31.2699
vt 1.18281 30.825
vt 1.59236 30.1047
vt 1.11049 30.1623
vt 1.2415 29.6893
vt 4.51226 8.64195
vt 4.82812 8.50508
vt 4.76903 8.89332
vt -9.48834 19.3899
vt -9.7509 19.0979
vt -9.41357 18.7776
vt -9.1994 20.0936
vt -9.11593 19.7538
vt -8.8516 19.7848
vt -12.3693 30.4123
vt -12.8587 30.5773
vt -12.5253 30.0991
vt -13.1022 30.5769
vt -13.2109 30.1604
vt -12.7594 30.1053
vt -1.57366 30.7149
vt -1.36288 30.1262
vt -1.15804 30.5048
vt -2.35194 29.714
vt -1.75177 29.9716
vt -1.96155 30.5607
vt -2.59872 30.3484
vt -2.22769 30.144
vt -1.99834 30.6056
vt 0.0550511 32.9161
vt 0.369534 33.3161
vt 0.00384533 33.5299
vt -9.98671 30.0131
vt -10.118 29.5215
vt -9.69619 29.396
vt -10.3118 30.7693
vt -10.738 30.8794
vt -10.779 30.3672
vt -0.455515 32.3906
vt -0.168053 32.2342
vt 0.0398477 32.7041
vt 0.651807 32.8813
vt 0.33919 32.2877
vt 0.935196 32.7176
vt 9.48855 28.4071
vt 9.87246 28.9572
vt 9.46447 28.9865
vt 9.63516 28.1225
vt 9.39238 27.6088
vt 9.80034 27.5791
vt 12.0214 29.5265
vt 11.9967 30.0942
vt 11.5537 29.8922
vt 11.1962 29.331
vt 11.6338 29.5444
vt 11.0824 30.0555
vt 10.24 31.562
vt 10.1102 32.2058
vt 9.65034 32.0286
vt 10.9806 27.3777
vt 10.5552 27.6258
vt 10.326 27.0103
vt 10.067 25.9033
vt 9.962 25.5551
vt 10.3824 25.2988
vt 10.4289 32.1093
vt 11.0192 31.9069
vt 10.9138 32.2549
vt 10.0633 32.3547
vt 10.193 31.9911
vt 10.6561 32.1597
vt -1.19764 28.3588
vt -1.3435 28.7162
vt -1.65862 28.5174
vt -1.13067 27.3584
vt -0.817007 27.5595
vt -0.976148 27.95
vt 11.4387 32.4988
vt 10.9272 32.4352
vt 11.0804 32.0422
vt 11.01 32.3058
vt 11.5217 32.3684
vt 11.2931 32.7888
vt 10.2642 32.8611
vt 10.286 32.592
vt 10.5613 33.0795
vt 2.01603 32.6851
vt 1.96307 32.9498
vt 1.55399 32.5936
vt 2.55749 26.5937
vt 2.90894 26.0868
vt 3.01887 26.6884
vt 11.363 31.8654
vt 11.6634 32.0792
vt 11.1937 32.2032
vt 11.9475 32.6403
vt 11.8118 33.1156
vt 11.4783 32.7661
vt 10.4373 28.1088
vt 10.4122 27.6152
vt 10.9492 27.9138
vt 11.3105 29.872
vt 11.2896 30.6964
vt 10.7964 30.0612
vt 1.35014 30.5132
vt 1.23425 29.6968
vt 2.34191 30.2086
vt 1.20343 29.8533
vt 2.19463 29.5469
vt 2.51048 31.541
vt -2.13392 30.6265
vt -1.37329 30.5912
vt -1.71716 32.602
vt 0.561538 31.0264
vt 1.00315 32.8671
vt 0.183479 33.0311
vt 0.610079 30.1276
vt 0.761332 30.9006
vt -0.208737 30.2957
vt 1.21069 29.7625
vt 0.585474 30.0176
vt 0.246104 29.1489
vt 6.19667 26.7112
vt 7.14557 26.398
vt 7.30842 27.3163
vt 6.22837 26.9095
vt 6.07313 24.7707
vt 7.17763 26.5974
vt 5.84575 25.6174
vt 6.44636 24.805
vt 6.57431 26.9455
vt 10.3083 32.0425
vt 10.8363 32.0868
vt 10.1482 32.8266
vt 10.8908 31.1292
vt 10.3628 31.0844
vt 10.3918 30.4985
vt 13.4685 32.455
vt 13.3767 33.0343
vt 12.9303 33.0687
vt 12.8298 26.0707
vt 13.2756 26.0291
vt 13.0295 26.5511
vt 8.29367 31.8493
vt 8.67444 31.4156
vt 8.52993 32.2028
vt 10.8057 29.6839
vt 11.0197 30.0512
vt 10.3591 29.9678
vt 11.2092 26.5357
vt 10.8908 27.2924
vt 10.5494 26.4457
vt 8.9834 24.3296
vt 9.20855 23.5402
vt 9.73041 24.9623
vt 12.8038 19.8843
vt 13.0649 20.8277
vt 12.2035 19.9016
vt 12.898 23.6135
vt 12.519 24.5465
vt 11.8643 22.8846
vt 9.66388 17.802
vt 9.63949 16.7952
vt 10.6052 17.6135
vt 10.3752 30.1606
vt 11.3254 30.024
vt 9.82834 37.486
vt 11.5887 30.3317
vt 10.9379 38.0706
vt 9.98531 37.7716
vt 9.92763 38.5273
vt 10.8817 38.8216
vt 9.13399 42.5154
vt 8.11075 33.6355
vt 9.08604 37.5271
vt 7.06451 37.5857
vt 9.13113 42.9638
vt 8.73302 47.1523
vt 7.10946 43.0172
vt -3.58056 43.7559
vt -1.87913 43.4928
vt -2.65835 47.861
vt 0.768608 44.3001
vt 1.83817 48.3882
vt -0.164913 48.638
vt -5.03463 49.6342
vt -6.02914 50.5731
vt -7.12532 46.4921
vt -5.80397 49.0534
vt -4.70656 53.831
vt -6.80321 49.9873
vt -6.83758 50.8326
vt -9.13805 52.4299
vt -9.57345 47.5473
vt -9.14413 47.9608
vt -6.97437 46.1899
vt -8.31028 48.7699
vt 3.35878 45.0417
vt 3.77016 44.1198
vt 2.98155 47.9224
vt 2.3722 51.4053
vt 3.07072 52.1341
vt -0.176192 52.0538
vt 0.138305 48.8755
vt -3.10854 48.9585
vt -3.47779 45.3422
vt -2.17289 45.4321
vt -7.95986 48.7407
vt -6.97401 52.2395
vt -9.79221 49.0246
vt -7.94543 46.6939
vt -9.77566 46.9911
vt -9.7649 42.8781
vt -7.29227 45.4501
vt -6.42811 49.4713
vt -8.42949 46.2716
vt -7.46659 45.5056
vt -8.60818 46.321
vt -9.72348 41.9362
vt -8.49043 41.4948
vt -7.94028 45.4385
vt -9.59142 41.5469
vt -2.14593 44.4132
vt -3.45073 44.3219
vt -2.52271 40.4497
vt 4.44968 40.8757
vt 3.39146 36.8659
vt 4.21743 37.5114
vt 2.73284 43.9546
vt 1.91406 48.0644
vt 1.01586 47.524
vt 4.47166 49.056
vt 5.42194 44.9746
vt 6.06071 45.3273
vt 5.78092 45.8468
vt 5.14209 45.4942
vt 7.67936 42.1015
vt 6.27166 45.5484
vt 8.06749 41.7316
vt 8.74126 42.1061
vt 3.11664 39.4266
vt 1.31652 43.2414
vt 2.32669 39.1301
vt 5.77551 31.0073
vt 3.48019 37.5704
vt 2.693 37.2667
vt 4.2331 29.8785
vt 4.9115 30.2058
vt 2.21435 36.5319
vt 1.92972 36.2701
vt 2.46856 35.702
vt 2.61515 36.5825
vt -0.129208 35.984
vt 0.731641 35.8253
vt -0.00616487 36.8681
vt -0.907744 31.352
vt -0.336231 30.5968
vt -0.0472786 31.1913
vt -1.45335 29.9667
vt -0.890879 29.9529
vt -1.45453 30.7139
vt -3.78655 33.0991
vt -2.83594 33.0514
vt -3.47391 33.6814
vt -4.31369 16.2302
vt -3.75776 15.3063
vt -3.36424 16.1634
vt -9.25037 25.3876
vt -8.5105 25.4678
vt -8.60956 26.0796
vt -8.99008 19.7467
vt -8.62807 19.2214
vt -8.25168 19.8394
vt -10.0161 28.7713
vt -10.6546 28.524
vt -10.2986 28.1993
vt -12.2764 31.0276
vt -12.1886 30.734
vt -11.871 30.7673
vt -0.870664 35.3024
vt -1.27702 35.3207
vt -0.966868 35.0115
vt -1.37971 35.4938
vt -0.973294 35.4768
vt -1.28479 35.8935
vt 9.72194 33.0071
vt 9.87919 33.3867
vt 9.2735 33.1386
vt 10.8528 29.8661
vt 10.4058 30.1492
vt 10.2519 29.6069
vt 12.2365 30.8214
vt 12.6665 30.9835
vt 12.6801 31.5471
vt 12.5876 29.5033
vt 12.162 29.3301
vt 12.6161 28.9932
vt 12.2466 27.5966
vt 12.2926 27.1954
vt 12.6877 27.2429
vt 2.50223 33.4872
vt 3.05222 33.5034
vt 2.81949 33.8333
vt 2.48779 33.8524
vt 2.73337 33.3608
vt 3.03778 33.8686
vt -10.1777 27.1329
vt -9.70041 26.9987
vt -9.85081 27.5272
vt -9.9975 28.5374
vt -9.87498 28.0833
vt -9.51915 28.4073
vt -11.7696 31.5767
vt -12.1723 31.4729
vt -11.8193 31.1089
vt -12.291 29.0959
vt -12.4365 28.4248
vt -12.0374 28.5419
vt -6.44919 34.135
vt -6.07587 34.7114
vt -6.52262 34.6187
vt -5.89663 33.9363
vt -6.00263 33.5732
vt -5.55509 33.6621
vt 9.02299 29.4595
vt 9.08543 29.8325
vt 8.63819 29.968
vt 7.30521 27.7386
vt 7.88758 27.6817
vt 7.51938 28.2024
vt 7.34747 28.5381
vt 7.68588 27.9624
vt 7.92991 28.4819
vt 7.02987 28.1449
vt 6.94407 27.6644
vt 7.36321 27.5662
vt 12.2385 30.0272
vt 12.669 30.033
vt 12.6153 30.5182
vt 12.2369 30.8189
vt 12.2827 30.4702
vt 12.6674 30.8246
vt 6.67977 31.8559
vt 7.11846 31.9799
vt 7.01793 32.3169
vt 6.58203 32.185
vt 6.71345 31.8494
vt 7.02071 32.3091
vt -10.6204 26.9075
vt -10.2747 26.9379
vt -10.2846 27.2982
vt -10.1704 14.8139
vt -10.0362 14.5188
vt -9.82609 14.8577
vt -12.0011 23.0754
vt -11.7856 23.0648
vt -11.6703 23.3678
vt 10.9171 7.49591
vt 11.1209 7.16134
vt 11.2724 7.31506
vt 2.30627 19.5223
vt 2.45722 19.2944
vt 2.69338 19.4621
vt 8.24285 32.4363
vt 8.51034 32.4924
vt 8.38927 32.7818
vt 12.4904 29.1373
vt 12.695 29.1751
vt 12.4389 29.4468
vt 7.86869 16.1641
vt 8.26563 16.127
vt 7.99744 16.3275
vt 5.30163 21.7135
vt 5.27049 21.8979
vt 4.99013 21.8364
vt -6.88944 29.3291
vt -6.79451 29.7165
vt -7.0518 29.4218
vt -11.6769 25.5468
vt -11.6043 25.1546
vt -11.2559 25.4257
vt -12.1358 29.3054
vt -11.7084 29.209
vt -11.6047 29.7202
vt -9.84592 24.9554
vt -9.66677 24.4655
vt -9.35238 24.8736
vt -9.66253 27.507
vt -9.16825 27.4299
vt -9.3095 27.8341
vt 3.47623 33.9051
vt 3.65524 33.5161
vt 3.98068 33.9862
vt 3.73224 32.8788
vt 4.23692 32.9584
vt 4.04033 33.3844
vt 12.3026 29.9322
vt 12.3474 29.4652
vt 12.6983 29.975
vt -11.7952 30.7265
vt -11.9053 30.228
vt -11.3644 30.63
vt -6.56254 33.4231
vt -6.33398 33.8796
vt -6.56497 33.862
vt -6.44684 33.2635
vt -6.21582 33.2806
vt -6.36894 33.4976
vt -5.87748 33.4419
vt -5.72608 33.6967
vt -6.02964 33.6596
vt -11.7362 31.2267
vt -11.8282 30.945
vt -11.3971 30.8497
vt -6.248 34.1864
vt -5.9446 34.2248
vt -6.01156 34.7094
vt 7.52776 28.8063
vt 7.10822 28.9027
vt 7.4651 28.5676
vt 7.73836 29.0821
vt 7.37955 29.4151
vt 7.31141 29.0913
vt 12.3347 30.2256
vt 12.7231 30.2527
vt 12.716 30.5835
vt 12.7396 28.067
vt 12.3513 28.0379
vt 12.7572 27.716
vt 12.3508 31.4176
vt 12.4363 31.0275
vt 12.7766 31.1225
vt 7.28417 31.4789
vt 7.71483 31.5584
vt 7.5918 31.9384
vt 6.8329 33.0226
vt 7.1252 32.7553
vt 7.26313 33.1043
vt -10.415 15.5508
vt -10.1319 15.4897
vt -10.1917 15.8812
vt 12.6418 29.8016
vt 12.7204 30.1682
vt 12.3812 30.0691
vt 7.22878 31.5921
vt 7.515 31.6133
vt 7.38191 31.9343
vt 6.96288 31.3971
vt 7.22432 31.6515
vt 6.82958 31.718
vt -5.23537 31.5734
vt -5.38124 31.6418
vt -5.51934 31.3042
vt -7.68045 33.3038
vt -7.52847 33.2503
vt -7.54149 33.689
vt 7.58429 27.8199
vt 7.7267 28.2038
vt 7.29976 28.2132
vt 6.32504 26.8475
vt 6.20516 26.5172
vt 6.59928 26.447
vt -11.9279 29.146
vt -12.2453 29.1104
vt -11.9954 28.5546
vt -9.7136 25.9311
vt -9.46136 25.392
vt -9.14975 25.7985
vt -10.0475 22.6371
vt -9.48669 22.4922
vt -9.60926 23.2129
vt 3.51319 32.8017
vt 3.94226 32.2098
vt 4.2601 32.5554
vt 3.2389 31.7836
vt 3.98535 31.5359
vt 3.60891 32.1842
vt 11.9085 31.4211
vt 12.1464 30.7101
vt 12.5701 31.4476
vt 11.9417 31.249
vt 11.9009 30.3499
vt 12.5624 30.3775
vt 3.92516 35.6748
vt 4.59169 35.5238
vt 4.23786 36.3514
vt 2.82096 32.4681
vt 3.11871 31.9245
vt 3.48916 32.3248
vt 2.08834 36.4255
vt 2.67611 35.7484
vt 2.96264 36.4365
vt 2.94166 35.9397
vt 1.79351 37.308
vt 2.06738 35.928
vt 8.70552 35.4778
vt 8.08943 35.2743
vt 8.5432 34.0803
vt 9.54073 35.2276
vt 10.1652 35.4037
vt 6.84451 41.6036
vt 12.6202 33.8742
vt 10.6687 40.9561
vt 9.91381 40.3658
vt 9.92066 40.4256
vt 10.6766 41.0147
vt 8.39868 44.3391
vt 9.90376 42.6717
vt 8.37965 46.4415
vt 7.4481 45.867
vt 7.00395 49.8075
vt 7.74546 45.5827
vt 8.67872 46.1544
vt 4.77387 49.1457
vt 3.86064 48.6447
vt 5.42664 44.9063
vt 5.6542 45.294
vt 5.38635 40.787
vt 6.25902 41.3557
vt 6.17614 49.871
vt 6.09488 48.61
vt 7.56566 45.5752
vt 1.88928 51.8563
vt 1.51019 53.0618
vt 0.771809 52.3712
vt 1.9182 52.7823
vt 2.70762 51.8913
vt 3.46617 52.5597
vt 1.23592 51.7543
vt 2.57829 51.6584
vt 1.79106 52.5514
vt 1.29693 52.9261
vt 2.3631 51.8178
vt 2.63934 52.8307
vt 1.33263 52.9467
vt 0.494063 51.3156
vt 2.39851 51.8382
vt 2.92569 49.3022
vt 3.70587 50.9621
vt 2.23279 50.8021
vt 2.73457 47.9181
vt 2.33913 46.7689
vt 3.81103 46.9395
vt 1.45704 46.052
vt 4.31469 44.7882
vt 4.4048 46.0002
vt 1.52706 48.2332
vt 1.56596 47.0515
vt 4.40727 47.0217
vt 0.311941 47.2921
vt 1.85227 47.3291
vt 1.74667 48.5067
vt 2.01218 47.9065
vt 1.84663 49.6663
vt 0.306258 49.6309
vt 1.73823 47.706
vt 3.8684 48.0718
vt 1.62903 49.4702
vt 1.75484 47.066
vt 3.31804 46.8176
vt 3.88428 47.436
vt 3.46003 50.7076
vt 1.89459 50.9415
vt 1.88359 49.8194
vt 0.326937 49.9418
vt 1.93589 49.8189
vt 1.94687 50.941
vt 0.314931 49.6858
vt 0.407198 47.6803
vt 1.92386 49.5628
vt -0.25388 47.6241
vt -0.312555 49.6309
vt -1.92143 49.5082
vt -1.94632 50.9415
vt -1.93529 49.8202
vt -0.326391 49.9427
vt -1.89473 50.942
vt -3.46016 50.7085
vt -1.88368 49.8207
vt -3.88448 47.4348
vt -3.31826 46.8163
vt -1.75505 47.0643
vt -2.76844 49.4982
vt -1.85811 50.8572
vt -2.45953 51.4415
vt -2.99135 49.5538
vt -3.81946 48.1432
vt -1.43622 48.6291
vt -1.29136 49.8917
vt -3.67842 49.4249
vt -3.45133 47.4183
vt -0.766446 49.5693
vt -3.07346 47.6967
vt -0.644471 47.5535
vt -3.21397 49.6679
vt -2.91546 47.6744
vt -0.603224 49.5405
vt -0.476064 47.7935
vt -0.687156 49.7981
vt -2.03222 48.6774
vt -2.39653 48.4673
vt -1.06356 49.6024
vt -2.3299 50.3759
vt -1.24888 49.7599
vt -1.38127 51.9589
vt -2.51964 50.5262
vt -2.01074 49.7431
vt -0.300543 51.4011
vt -2.18638 51.939
vt -1.52718 49.8346
vt -3.14382 48.0853
vt -0.533484 47.9499
vt -3.74425 51.2847
vt -2.56565 49.5097
vt -2.24869 51.4517
vt -2.1631 50.5007
vt -2.92309 51.8225
vt -3.65859 50.3331
vt -1.57207 48.6873
vt -4.40635 48.6664
vt -3.79801 47.2683
vt -1.57077 47.073
vt -1.53104 48.2586
vt -4.40504 47.0514
vt -1.74757 48.529
vt -1.85327 47.3475
vt -0.311836 47.3092
vt -0.306002 49.6299
vt -1.84748 49.6666
vt -2.01186 47.9051
vt -1.6303 49.472
vt -3.86854 48.0725
vt -1.73837 47.7062
vt -0.501844 51.1244
vt -2.25056 49.4431
vt -0.643695 48.4234
vt 0.643815 48.4234
vt 2.25067 49.4435
vt 0.501938 51.1244
vt -0.053765 51.2134
vt -1.54896 51.3119
vt -0.062672 50.1542
vt -1.58237 45.3495
vt -0.0880064 45.2392
vt -1.79437 47.6419
vt -0.00127458 46.1426
vt 1.7669 48.4952
vt -1.76775 48.5015
vt 1.57931 45.3345
vt 1.79383 47.627
vt 0.0860004 45.2302
vt 4.26609 46.5282
vt 1.73263 47.85
vt 1.39504 45.5725
vt 1.6116 40.6177
vt 4.01578 39.0732
vt 4.53371 41.011
vt 2.91661 42.9341
vt 5.04176 42.6393
vt 3.90613 44.6789
vt 2.94736 44.7761
vt 4.20978 43.6249
vt 5.07395 44.4919
vt 2.89105 44.2639
vt 2.62905 43.2316
vt 4.14329 43.1017
vt 4.30728 44.166
vt 1.4534 43.1602
vt 4.40111 43.1052
vt 4.19985 47.4669
vt 2.68478 47.5868
vt 3.7563 46.6027
vt 2.95241 54.1664
vt 1.97725 53.4265
vt 3.52535 53.2048
vt 4.95646 53.3346
vt 5.98708 53.5016
vt 4.40282 54.3075
vt 6.0632 53.6088
vt 5.03228 53.4437
vt 7.0085 49.9838
vt 7.99466 48.8877
vt 8.83332 49.3941
vt 7.30882 52.5705
vt 8.58588 50.3458
vt 7.74359 49.8455
vt 9.38207 46.176
vt 8.01128 47.7667
vt 6.21521 47.925
vt 6.26913 43.6801
vt 8.12085 50.1335
vt 7.35026 54.235
vt 6.32448 50.2883
vt 0.540524 52.3754
vt 1.03332 48.2314
vt 3.07706 52.5488
vt -0.126955 49.0945
vt 1.87622 48.8455
vt 1.97382 53.3845
vt -3.958 53.356
vt -5.68774 54.0339
vt -6.04689 49.5081
vt -5.39436 44.5915
vt -4.55278 45.3926
vt -7.08982 45.3511
vt -4.59051 52.9764
vt -5.91856 55.0197
vt -7.12762 52.939
vt -5.01943 52.411
vt -4.29919 52.2937
vt -6.32705 54.4674
vt -3.89384 47.2316
vt -4.40101 43.3813
vt -3.17923 47.0838
vt 3.09917 50.6668
vt 2.64062 48.8352
vt 5.69971 53.5717
vt 0.144758 49.4681
vt 2.42295 48.9229
vt 2.88763 50.7529
vt 2.83323 49.9481
vt 0.556826 50.5006
vt 0.728075 48.6029
vt 1.07784 49.5729
vt 2.40846 48.4389
vt 2.34931 50.3434
vt 0.681989 49.7954
vt 0.469614 47.7927
vt 2.02564 48.6768
vt 0.607709 49.5426
vt 2.91984 47.6764
vt 3.22157 49.6676
vt 0.766446 49.5693
vt 0.644471 47.5535
vt 3.07346 47.6967
vt 1.39974 48.1324
vt 3.42611 47.4205
vt 3.65259 49.4273
vt 1.55521 46.0409
vt 3.39079 47.3495
vt 1.36427 48.061
vt 1.27518 46.0419
vt 2.97768 45.6936
vt 3.1026 47.3619
vt 2.95065 45.7844
vt 1.2478 46.131
vt 1.54443 43.8471
vt 1.91378 46.0448
vt -1.91378 46.0448
vt -2.15669 43.7545
vt 2.15669 43.7545
vt 0.0759842 47.9563
vt -1.91378 46.0547
vt 1.91378 46.0547
vt 0.0322592 47.9907
vt -1.6403 49.8703
vt -1.95707 46.0887
vt -1.20956 49.8474
vt -3.37102 47.3752
vt -1.53548 46.0665
vt -3.1026 47.3619
vt -2.97768 45.6936
vt -1.27518 46.0419
vt -1.24859 47.4555
vt -3.19122 46.5269
vt -1.23997 45.7826
vt -3.12944 46.6795
vt -2.64524 45.6119
vt -0.700469 46.5361
vt -1.40952 45.2638
vt -0.486176 46.7104
vt -0.976485 47.7753
vt -2.83163 45.026
vt -3.59191 43.4874
vt -0.896679 44.2403
vt -0.911613 43.793
vt -0.615596 45.8735
vt -3.32252 45.1638
vt -2.72798 43.5097
vt -1.20906 43.6487
vt -2.58673 45.6064
vt -1.07631 40.9646
vt -1.15961 43.7278
vt -2.67871 43.5908
vt -1.94214 40.9425
vt 0.151835 40.7353
vt -2.01203 43.706
vt -1.91645 41.0806
vt -1.98846 38.6501
vt 0.177458 40.8729
vt -1.22674 38.6865
vt -1.10324 41.1149
vt -3.64039 39.2058
vt -1.00583 41.0684
vt -3.08472 41.4496
vt -3.54583 39.1631
vt -3.09954 41.3824
vt -1.02063 41.0013
vt -2.62331 43.6272
vt -1.50107 40.8459
vt -1.07036 43.0999
vt -3.48868 42.7216
vt -3.55224 43.3022
vt -1.13369 43.679
vt -3.54958 45.0409
vt 0.118494 43.2979
vt 0.137344 45.0366
vt -1.6792 45
vt -2.2719 46.8203
vt -1.6924 45.2554
vt 0.124132 45.2923
vt -2.15861 45.1375
vt 0.0861352 44.9721
vt -0.396309 46.5696
vt -0.334511 42.9106
vt -0.0160305 44.8848
vt -2.26112 45.0454
vt -1.86929 43.1314
vt 0.239982 43.4036
vt -1.55687 45.1065
vt -0.801832 39.5658
vt 0.359582 42.0718
vt -1.74935 41.797
vt -3.74195 40.9693
vt -0.597764 41.5876
vt -2.57603 43.4732
vt -0.781166 38.3654
vt -0.389423 40.6649
vt -3.53402 40.0486
vt -3.83084 38.36
vt -0.722566 38.5394
vt -3.47753 40.2192
vt -0.670733 36.3502
vt -3.77863 36.1644
vt -1.10316 34.2892
vt -3.33735 37.774
vt -3.69866 35.8487
vt -0.626311 35.9506
vt 0.501776 34.5709
vt 0.601698 36.5273
vt -2.16471 36.5414
vt -2.15962 38.476
vt 0.606786 38.4622
vt -1.41201 40.4958
vt -0.146214 37.1449
vt 0.0297732 39.0292
vt -2.13296 39.2098
vt -2.08064 40.4168
vt 0.0823078 40.2388
vt -0.902985 42.4536
vt -0.367443 38.4419
vt 0.716738 40.5299
vt -1.30719 40.678
vt -1.14144 43.409
vt 0.882604 43.2625
vt -1.00334 45.4333
vt 0.0927816 45.4326
vt 1.51391 43.4636
vt 1.8052 45.4716
vt 0.613236 45.3142
vt 0.0892806 43.4357
vt 2.0047 43.3241
vt 2.05889 43.4816
vt 2.68163 45.3297
vt -0.494472 45.188
vt -0.543072 44.5044
vt 2.63277 44.6518
vt 2.39897 46.2618
vt 1.94747 46.8494
vt 0.0788103 46.8418
vt 0.471635 45.263
vt 1.94501 46.2648
vt 1.42239 48.6054
vt 0.0763561 46.2569
vt -1.35042 47.021
vt 0.479629 50.1314
vt -2.1581 49.2792
vt -2.09876 46.7869
vt 0.140701 46.6618
vt -0.341297 49.9389
vt -2.12805 47.0021
vt -1.67363 45.4754
vt 0.111524 46.8789
vt 1.52278 46.5488
vt 0.0738263 44.9378
vt 1.78622 44.9779
vt -0.817262 48.6927
vt -2.92068 50.0387
vt -2.19265 46.8073
vt -0.699112 48.6261
vt -0.522904 50.5278
vt -2.79802 49.9791
vt -2.81239 50.4677
vt -2.36021 48.6185
vt -0.0838674 49.1621
vt -3.10177 48.3025
vt -3.52396 50.1588
vt -4.34487 51.0763
vt -6.1166 53.0553
vt -4.02551 43.8645
vt -4.0185 44.1066
vt -4.38142 42.9301
vt 9.08505 48.1498
vt 8.31939 49.0222
vt 6.99691 46.7152
vt 6.87624 46.5052
vt 4.27251 46.6646
vt 5.06064 45.8123
vt 6.78608 46.4887
vt 5.56868 54.2336
vt 3.82086 53.6174
vt 5.76237 49.6813
vt 4.59543 53.9649
vt 5.49724 49.1332
vt 6.53259 50.0267
vt 9.23828 47.6956
vt 9.04281 52.6069
vt 6.72588 51.1185
vt 7.61659 48.697
vt 9.46051 48.8919
vt 6.87157 52.2573
vt 9.4473 46.9757
vt 7.60432 46.7722
vt 9.20498 42.8831
vt 7.59232 45.5435
vt 7.90266 41.5824
vt 9.00308 41.5816
vt 3.4027 45.3983
vt 2.09388 45.5004
vt 2.41128 41.5508
vt 2.13074 46.6879
vt 3.43968 46.5874
vt 3.11987 50.2106
vt -0.230428 50.2022
vt 2.00772 46.7596
vt 3.00852 50.279
vt -3.73741 39.8283
vt -2.88222 39.2225
vt -4.18585 43.1163
vt -0.895461 48.1008
vt -1.80054 48.6291
vt -2.58464 44.5041
vt -5.79516 45.5354
vt -5.14808 45.2067
vt -4.30096 49.3193
vt -4.96823 45.4853
vt -5.61502 45.8146
vt -7.40582 41.9704
vt -10.173 40.3765
vt -9.38078 39.8438
vt -8.05564 43.8722
vt -9.38137 39.8665
vt -10.1738 40.3988
vt -11.7434 33.2091
vt -9.44228 30.3588
vt -9.13653 37.7114
vt -10.1039 37.9475
vt -10.0531 38.7311
vt -9.08489 38.4988
vt -8.4637 42.5711
vt -8.11014 46.2415
vt -9.49764 42.3628
vt -7.15462 45.7114
vt -8.30334 46.1201
vt -7.34623 45.5928
vt -6.76269 49.8532
vt -4.58924 49.4915
vt -5.14848 45.2279
vt -3.66289 49.0151
vt -5.89714 42.5473
vt -5.00023 42.0175
vt -5.49543 46.4853
vt -6.15233 49.7692
vt -7.23852 45.4073
vt -6.07248 48.514
vt -1.3116 53.2043
vt -1.70931 52.0111
vt -0.597918 52.5215
vt -0.986806 52.1116
vt -0.747881 51.6395
vt 0.131909 52.6057
vt 0.0671892 52.5001
vt -2.47929 51.853
vt 0.303528 52.0267
vt 0.25095 51.877
vt -2.98803 51.9527
vt -2.29584 51.2312
vt -2.45267 51.571
vt 0.280188 50.2745
vt 0.330176 51.7442
vt -1.54329 51.7973
vt -1.58845 50.3275
vt -0.431668 51.7454
vt -0.644404 53.0234
vt -1.51845 52.052
vt -0.406843 51.9998
vt -2.52624 52.8023
vt -2.26728 51.7839
vt -1.20291 52.8949
vt -0.452283 51.2978
vt -1.27549 52.9427
vt -2.3394 51.8313
vt -2.21954 50.7903
vt -3.6773 50.9572
vt -2.91655 49.2825
vt -3.78578 47.0224
vt -2.32928 46.8449
vt -2.71931 48.0072
vt -1.46573 46.2204
vt -4.40014 46.1881
vt -4.31886 44.9647
vt -4.39776 43.1932
vt -1.46337 43.2277
vt -4.30371 44.2594
vt -1.40504 45.5736
vt -1.73587 47.852
vt -4.26305 46.5554
vt -4.53692 40.9013
vt -4.01547 38.9688
vt -1.61589 40.4886
vt -2.88675 43.0297
vt -3.89111 44.7611
vt -4.97456 42.7191
vt -4.2902 48.3277
vt -6.555 47.7505
vt -5.57971 46.4092
vt -5.2681 45.7526
vt -6.4848 44.136
vt -4.23113 44.7553
vt -5.21972 44.8652
vt -6.86198 44.0625
vt -6.40042 43.2221
vt -6.46994 34.7881
vt -4.92676 35.7679
vt -6.27288 37.3636
vt -6.34849 34.2807
vt -5.26596 32.4956
vt -3.62484 33.8008
vt -3.58329 42.4465
vt -5.39698 41.3942
vt -4.48883 40.2782
vt -2.53305 39.6577
vt -3.6225 39.9146
vt -4.20223 37.6375
vt -2.99176 52.744
vt -3.59138 51.5292
vt -2.48986 51.3303
vt -3.47023 49.5833
vt -2.95953 50.8381
vt -4.90646 50.8372
vt -2.95952 49.5384
vt -3.64602 50.3815
vt -4.90645 49.5375
vt -2.68368 55.7976
vt -2.05466 56.6387
vt -3.47373 56.5445
vt -2.24218 58.9605
vt -2.90904 58.1492
vt -1.83577 57.7427
vt -1.91121 53.2259
vt -2.97122 53.6658
vt -2.39617 52.2804
vt -1.9805 56.6319
vt -2.55731 55.7394
vt -1.29917 55.5826
vt -0.947453 50.7217
vt -1.30353 51.3148
vt -2.55999 51.4845
vt -0.00703785 47.6887
vt -1.28474 47.8572
vt -1.01849 47.2188
vt -0.0179991 57.0574
vt -0.0253773 57.676
vt -1.29907 57.1981
vt 0.0211472 57.6724
vt 0.0223009 57.0537
vt 1.29905 57.192
vt 1.01577 47.2181
vt 1.28503 47.8598
vt 0.0115496 47.6941
vt 2.54825 51.4473
vt 1.30373 51.2871
vt 0.94523 50.6907
vt 1.29961 55.6147
vt 2.54567 55.7624
vt 1.97815 56.6637
vt 1.90801 53.3484
vt 2.38311 52.3951
vt 2.96893 53.7877
vt 2.47833 51.4207
vt 3.56776 51.6169
vt 2.99012 52.8421
vt 3.59893 40.0071
vt 2.52136 39.7537
vt 4.20219 37.7273
vt 2.53635 46.9856
vt 1.59294 44.8975
vt 4.51972 45.2543
vt 1.55782 45.3094
vt 2.54371 47.3779
vt 0.974025 46.5543
vt -1.76772 49.2206
vt 1.76693 49.2144
vt 1.02005 50.3689
vt -1.76809 49.2602
vt 1.02002 50.4076
vt 0.00218425 50.8537
vt -1.0225 50.4134
vt -1.55833 45.335
vt -0.976428 46.5789
vt -2.55524 47.4093
vt -2.54708 46.9851
vt -4.52224 45.2629
vt -1.59593 44.8895
vt 5.38369 41.516
vt 3.56211 42.5554
vt 4.4863 40.3858
vt 6.30512 34.7096
vt 3.60228 34.184
vt 5.2642 32.9048
vt 6.31233 44.7
vt 4.86302 45.7213
vt 3.58878 44.2952
vt 3.69402 24.3622
vt 4.18911 22.6597
vt 5.55034 23.3437
vt 5.76197 21.2172
vt 4.435 20.4688
vt 5.02098 18.3714
vt 6.74661 35.4381
vt 8.01576 36.6381
vt 6.30378 37.9841
vt 7.94238 45.5085
vt 7.08907 48.5233
vt 5.59022 47.6265
vt 1.37902 45.2309
vt 0.823294 42.1474
vt 3.35799 42.346
vt 3.51357 44.4803
vt 1.28791 44.9845
vt 3.25028 42.0882
vt 2.27899 27.109
vt 2.26635 29.8334
vt 0.1138 27.83
vt -5.76072 48.4614
vt -5.56774 52.5298
vt -7.64181 50.7632
vt -3.31758 52.1671
vt -2.85598 48.1203
vt -0.892518 51.348
vt -3.92184 50.4241
vt -2.69648 49.6171
vt -1.81087 53.5573
vt -0.640304 54.174
vt -1.87958 54.9595
vt -1.38737 51.4619
vt 2.50906 54.8268
vt -0.430556 50.0153
vt 2.64839 51.2975
vt 2.65179 51.3012
vt -0.427287 50.0193
vt 2.21331 49.1682
vt -0.524593 50.1212
vt 1.31311 47.019
vt 2.11821 49.277
vt -0.142834 46.6316
vt 2.09698 46.7569
vt 0.336947 49.9039
vt 1.67404 45.4754
vt 2.12847 47.0021
vt -0.111466 46.8789
vt -0.0738263 44.9378
vt -1.52278 46.5488
vt -1.78622 44.9779
vt -0.471635 45.263
vt -0.0788103 46.8418
vt -1.94747 46.8494
vt -2.63277 44.6518
vt 0.543072 44.5044
vt -2.39897 46.2618
vt 0.494472 45.188
vt -2.68163 45.3297
vt -2.05889 43.4816
vt -2.0047 43.3241
vt -0.0892806 43.4357
vt -0.613236 45.3142
vt 0.0295418 41.4292
vt -1.88589 41.3177
vt -1.0195 39.111
vt 0.420786 40.2709
vt -0.522526 42.4459
vt -1.57862 40.2638
vt 1.30843 40.6318
vt -0.715487 40.4835
vt 0.37127 38.396
vt 1.14144 43.409
vt 1.00334 45.4333
vt -0.882604 43.2625
vt -1.51391 43.4636
vt -0.0927816 45.4326
vt -1.8052 45.4716
vt 2.26112 45.0454
vt 0.0160305 44.8848
vt 0.334511 42.9106
vt -0.0861028 44.9725
vt 2.15864 45.1379
vt 0.395971 46.57
vt 1.6924 45.2554
vt 2.27151 46.8203
vt -0.124132 45.2923
vt 2.2075 46.8034
vt 0.833293 48.6894
vt -0.185611 45.2714
vt 2.96483 50.0219
vt 0.854697 48.6846
vt 2.22785 46.7978
vt 0.608426 47.7631
vt 1.0558 45.2541
vt 2.16672 48.6433
vt 0.97676 47.7753
vt 0.486447 46.7108
vt 1.40979 45.2638
vt 0.70048 46.5356
vt 2.64525 45.6119
vt 3.12945 46.6791
vt 1.24846 47.4556
vt 1.23984 45.7826
vt 3.19109 46.5273
vt 0.896551 44.2416
vt 3.59179 43.4887
vt 2.83149 45.0277
vt 3.32252 45.1638
vt 0.615596 45.8735
vt 0.911613 43.793
vt 2.72798 43.5097
vt 2.58673 45.6064
vt 1.20906 43.6487
vt 2.67771 43.5776
vt 1.15861 43.7146
vt 1.07438 40.9497
vt -0.138552 40.7223
vt 1.9576 40.9279
vt 2.02498 43.6932
vt 1.99911 38.6462
vt 1.93008 41.076
vt -0.166008 40.8697
vt 1.09966 41.1149
vt 1.22414 38.6873
vt 3.63776 39.2068
vt 3.71299 38.9095
vt 1.29923 38.3908
vt 4.41601 36.9244
vt 1.52904 38.6201
vt 1.29408 36.462
vt 4.64126 37.144
vt -0.206827 36.1567
vt 1.6537 36.4695
vt 1.92675 38.6231
vt 1.52315 34.198
vt -0.332436 33.8571
vt -0.23895 32.1547
vt 0.214233 32.181
vt 0.331581 33.8819
vt -1.52406 34.2225
vt -1.92675 38.6231
vt -1.6537 36.4695
vt 0.206827 36.1567
vt -4.64126 37.144
vt -1.29408 36.462
vt -1.52904 38.6201
vt -1.36164 36.4089
vt -4.70988 37.0858
vt -4.70796 35.512
vt -0.635101 35.5132
vt -0.650831 37.0868
vt -3.72321 36.986
vt -4.52527 33.2197
vt -1.19871 33.4638
vt -4.26798 34.9755
vt -1.13963 31.2143
vt -4.46535 30.9589
vt -4.31867 29.6827
vt 0.827834 32.0789
vt 0.401026 33.2906
vt -1.84203 31.5784
vt 0.493552 33.053
vt -2.07349 32.4299
vt -1.74484 31.3347
vt -2.06554 32.3644
vt 0.501351 32.9881
vt -2.5618 34.1223
vt -2.68162 33.4208
vt 0.376606 32.2735
vt 0.286406 34.0457
vt -2.35404 35.9198
vt -2.67101 33.302
vt 0.296741 33.9282
vt 0.212728 35.3759
vt -2.06127 34.4414
vt 0.204642 32.739
vt 0.227812 35.2792
vt -1.11263 37.4001
vt -2.04553 34.343
vt 0.959918 36.4902
vt 1.55524 38.5601
vt -0.444508 38.5694
vt -0.440708 40.285
vt 1.55904 40.276
vt 0.503269 42.4597
vt 1.0195 39.111
vt 1.88589 41.3177
vt -0.0295418 41.4292
vt -0.865196 38.5232
vt 1.52361 39.6391
vt 0.43949 41.9411
vt 1.98099 32.1983
vt 2.25101 35.3832
vt -0.0947447 34.1793
vt 0.195906 33.4687
vt 2.80801 34.795
vt 0.648451 36.6843
vt 2.23013 37.1569
vt -0.404351 35.8756
vt 2.94969 34.552
vt 0.152435 37.2719
vt 0.851065 34.8956
vt 3.50627 35.9477
vt 2.65129 34.3721
vt 4.94314 34.2822
vt 4.59288 36.7341
vt 5.03872 28.5217
vt 2.74802 28.6372
vt 4.31921 27.2252
vt 2.87033 28.1047
vt 2.30385 27.3461
vt 4.41336 26.662
vt -3.30041 24.6176
vt -3.74449 25.4538
vt -4.96715 23.8636
vt -2.97717 28.7908
vt -5.16336 28.6766
vt -4.41776 27.395
vt -5.07135 34.2189
vt -2.88403 34.3089
vt -4.74147 36.6737
vt -3.11445 34.4752
vt -3.43053 36.9017
vt -5.00559 36.8131
vt 3.55302 37.0345
vt 3.0886 34.632
vt 5.08628 36.9468
vt 3.43037 33.9308
vt 4.96349 33.8406
vt 4.63674 37.0714
vt 0.563656 39.6469
vt 0.43171 36.6141
vt 1.94327 39.6197
vt -0.301042 36.6548
vt -0.155491 39.687
vt -1.86668 39.6599
vt -0.137127 37.4847
vt -0.253539 41.1194
vt -1.84831 37.4567
vt 0.322957 41.2009
vt 0.542265 37.5709
vt 1.92186 37.543
vt 2.3248 40.3112
vt -0.199739 40.501
vt 1.29676 36.8001
vt -0.0305944 43.4379
vt 2.49417 43.251
vt -0.0364997 44.9909
vt 0.0375738 43.4377
vt 0.0363852 44.9907
vt -2.49427 43.2509
vt 0.206263 40.5005
vt -2.32536 40.3107
vt -1.29743 36.7996
vt 0.865196 38.5232
vt -0.43949 41.9411
vt -1.52361 39.6391
vt 0.0947447 34.1793
vt -2.25101 35.3832
vt -1.98099 32.1983
vt 1.11263 37.4001
vt -0.227812 35.2792
vt 2.04553 34.343
vt 0.423679 38.6042
vt -1.57573 38.597
vt -0.982431 36.5262
vt 2.15954 38.5001
vt 1.41544 40.5215
vt -0.606871 38.4863
vt 2.13366 39.2529
vt -0.0330134 39.0563
vt 0.142469 37.1872
vt 2.08001 40.3908
vt 0.898331 42.4261
vt -0.0868971 40.197
vt 1.74738 41.7647
vt -0.361534 42.0396
vt 0.80134 39.5187
vt 1.86929 43.1314
vt 1.55687 45.1065
vt -0.239982 43.4036
vt 1.6792 45
vt -0.137344 45.0366
vt -0.118494 43.2979
vt 3.55224 43.3022
vt 3.54958 45.0409
vt 1.13369 43.679
vt 3.48954 42.7326
vt 1.07121 43.1108
vt 1.50291 40.8566
vt 2.60357 43.6274
vt 0.999747 40.9998
vt 3.07936 41.3821
vt 0.986321 41.0619
vt 3.52777 39.1582
vt 3.06592 41.4443
vt 3.55027 40.0282
vt 0.401384 40.658
vt 0.792033 38.3587
vt 3.76136 40.9573
vt 2.59037 43.4745
vt 0.612858 41.589
vt 3.83166 38.3843
vt 3.48404 40.2292
vt 0.723378 38.5637
vt 0.670733 36.3502
vt 1.10316 34.2892
vt 3.77863 36.1644
vt 0.626311 35.9506
vt 3.69866 35.8487
vt 3.33735 37.774
vt 3.72321 36.986
vt 0.650831 37.0868
vt 0.635101 35.5132
vt 4.70796 35.512
vt 4.70988 37.0858
vt 1.36164 36.4089
vt 1.5326 32.2585
vt 4.95076 33.6478
vt 1.62426 34.6156
vt 5.50942 33.634
vt 5.19628 35.4728
vt 1.73882 34.1844
vt 1.64849 34.219
vt 1.73991 32.3559
vt 4.86723 32.7727
vt 4.52698 27.6913
vt 4.95131 31.3202
vt 1.8255 30.8922
vt -0.780101 29.3401
vt 2.12392 29.1646
vt 0.210456 32.8568
vt 1.62046 25.9173
vt 2.15747 29.9311
vt -0.746624 30.1055
vt -3.80697 26.7045
vt -0.916005 30.0519
vt -3.23726 30.7138
vt -1.05009 30.1443
vt -3.93816 26.7944
vt -1.81179 24.0991
vt -4.64845 26.2566
vt -4.39574 22.8793
vt -2.51831 23.5642
vt 2.38215 23.3624
vt 2.14946 26.7411
vt 0.865195 23.0803
vt 1.22669 27.007
vt -0.77107 26.8277
vt -0.0315855 23.3372
vt -0.6556 25.5412
vt 1.34216 25.7206
vt -1.01449 29.9146
vt 5.60495 26.3232
vt 5.10304 30.6824
vt 2.8715 26.3173
vt 5.47077 30.4894
vt 2.57634 30.5359
vt 3.24139 26.1232
vt 2.56582 29.5766
vt 5.46025 29.5297
vt 2.65117 32.6366
vt 5.9511 30.4708
vt 5.61613 33.5136
vt 2.17938 32.2246
vt 2.11859 31.8499
vt 5.54691 33.1611
vt 1.77806 33.7233
vt 1.78912 30.9058
vt 1.89596 32.807
vt -1.02283 31.1619
vt -0.707476 25.9947
vt 2.03003 27.9265
vt -0.978358 26.8206
vt 1.92226 14.4461
vt 0.374976 15.2422
vt -0.352618 12.1882
vt 1.53416 32.2583
vt 1.62683 34.6154
vt -0.171268 32.6037
vt 0.356194 12.223
vt -0.402487 15.2694
vt -1.92423 14.4753
vt 0.148843 32.6048
vt -1.62406 34.6163
vt -4.95059 33.6486
vt -1.53248 32.2592
vt -5.19628 35.4728
vt -5.50942 33.634
vt -1.73882 34.1844
vt -1.73991 32.3559
vt -1.64849 34.219
vt -4.86723 32.7727
vt -4.95131 31.3202
vt -4.52698 27.6913
vt -1.8255 30.8922
vt -2.12392 29.1646
vt 0.780101 29.3401
vt -0.210456 32.8568
vt -2.15747 29.9311
vt -1.62046 25.9173
vt 0.746624 30.1055
vt 3.23726 30.7138
vt 0.916005 30.0519
vt 3.80697 26.7045
vt 1.06588 29.5311
vt 3.38717 30.1929
vt 2.31529 33.3632
vt -1.82705 31.4283
vt -0.978281 28.1911
vt 0.84261 31.9299
vt 0.304701 32.5649
vt 1.24998 29.4629
vt 2.49565 33.2963
vt 3.50245 29.7333
vt 6.38373 29.8842
vt 5.68806 33.0516
vt 6.39769 29.9977
vt 3.5163 29.8488
vt 6.59356 23.9078
vt 3.39431 29.8659
vt 4.69276 23.3519
vt 6.49674 23.938
vt 3.1537 25.6136
vt 5.40811 22.4205
vt 4.94034 29.0461
vt 3.87483 22.4713
vt 5.48175 22.8743
vt 3.16889 26.0253
vt 5.48314 22.8275
vt 3.87641 22.4237
vt 5.07529 18.5317
vt 1.71687 16.2673
vt 1.60948 20.3384
vt 0.255671 20.4952
vt 0.258636 20.5698
vt 1.61248 20.4134
vt 0.351463 23.8505
vt 2.37302 21.3885
vt 2.23865 25.0094
vt 0.894622 24.7379
vt 0.913386 24.3949
vt 2.25685 24.6692
vt 1.04435 28.2891
vt 2.30374 24.7467
vt 2.53076 28.1387
vt 1.07031 28.3594
vt 2.73404 28.8284
vt 3.16728 25.4564
vt 4.90155 28.9157
vt 2.7307 27.9775
vt 4.8981 28.0678
vt 3.39777 30.6433
vt 4.70261 29.0736
vt 4.69479 31.818
vt 3.07487 31.5705
vt 3.06337 32.425
vt 3.39997 29.7013
vt 5.56498 33.033
vt 2.34753 32.5034
vt 2.84116 31.2661
vt 5.33237 31.9154
vt 4.57503 28.9675
vt 4.38028 30.2852
vt 2.9603 28.6881
vt 5.06692 32.5305
vt 3.17229 32.3675
vt 3.47951 31.0996
vt 4.84252 20.0805
vt 2.82935 21.0107
vt 2.96295 19.7917
vt 4.27422 22.0523
vt 2.96864 21.6826
vt 3.57768 21.043
vt -2.6212 25.6772
vt -3.93768 26.0059
vt -3.52337 25.1085
vt -3.26148 25.1504
vt -4.93605 24.4139
vt -3.04821 24.1852
vt -3.17229 32.3675
vt -5.06692 32.5305
vt -3.47951 31.0996
vt -4.38028 30.2852
vt -4.57503 28.9675
vt -2.9603 28.6881
vt -5.33237 31.9154
vt -2.84116 31.2661
vt -2.34753 32.5034
vt -3.06337 32.425
vt -5.56498 33.033
vt -3.39997 29.7013
vt -5.68806 33.0516
vt -6.38373 29.8842
vt -3.50245 29.7333
vt -1.24998 29.4629
vt -0.304701 32.5649
vt -2.49565 33.2963
vt -1.96351 34.3693
vt 0.223636 33.6266
vt 0.40034 34.8523
vt -5.19413 34.3796
vt -5.14686 33.1421
vt -2.15491 33.6928
vt -4.04024 26.9432
vt -1.09634 25.9224
vt -1.07202 27.4049
vt -3.12607 36.0243
vt -3.46926 34.6333
vt -0.481606 34.9455
vt -0.969832 35.0295
vt 0.998713 34.4334
vt 1.47668 35.7841
vt -1.21577 34.2047
vt -1.61254 33.1323
vt 0.752711 33.6083
vt 1.74484 31.3347
vt 2.07349 32.4299
vt -0.493552 33.053
vt -0.501351 32.9881
vt 2.06554 32.3644
vt 2.5618 34.1223
vt -0.0255113 35.5139
vt -0.625516 33.7886
vt 1.82014 34.546
vt 1.29206 32.7667
vt 1.74525 35.4309
vt -0.5417 33.7569
vt -2.23013 37.1569
vt -2.94969 34.552
vt 0.404351 35.8756
vt -3.50627 35.9477
vt -0.851065 34.8956
vt -0.152435 37.2719
vt -0.195906 33.4687
vt -0.648451 36.6843
vt -2.80801 34.795
vt -4.87069 33.7825
vt -3.29571 33.8727
vt -4.56318 37.0151
vt 2.06127 34.4414
vt -0.212728 35.3759
vt -0.204642 32.739
vt -0.296741 33.9282
vt 2.67101 33.302
vt 2.35404 35.9198
vt -0.286406 34.0457
vt -0.376606 32.2735
vt 2.68162 33.4208
vt 4.52527 33.2197
vt 4.26798 34.9755
vt 1.19871 33.4638
vt 4.46535 30.9589
vt 1.13963 31.2143
vt 4.31867 29.6827
vt -0.401026 33.2906
vt -0.827834 32.0789
vt 1.84203 31.5784
vt 0.978281 28.1911
vt 1.82705 31.4283
vt -0.84261 31.9299
vt -1.06588 29.5311
vt -2.31529 33.3632
vt -3.38717 30.1929
vt -0.601698 36.5273
vt -0.501776 34.5709
vt 2.16471 36.5414
vt -6.39769 29.9977
vt -6.59356 23.9078
vt -3.5163 29.8488
vt -6.49674 23.938
vt -4.69276 23.3519
vt -3.39431 29.8659
vt -6.14507 19.0548
vt -4.86371 22.9003
vt -6.66835 23.4844
vt -5.40311 22.7843
vt -6.59494 18.9101
vt -4.92371 18.4959
vt -4.85587 18.9549
vt -6.52817 19.3647
vt -7.31635 15.1061
vt -6.69694 14.5088
vt -6.13756 18.8035
vt -8.38785 14.946
vt -6.33267 19.057
vt -6.82985 23.4896
vt -8.61365 15.2176
vt -2.71236 21.7504
vt -4.69165 17.4191
vt -3.27456 13.3069
vt -1.89869 21.0489
vt -3.76654 20.3383
vt -3.74989 16.6614
vt 3.43826 17.7342
vt 2.69762 21.3358
vt 1.1815 21.0492
vt 1.32987 16.8702
vt 3.06252 17.347
vt 0.835295 20.6819
vt 3.6234 14.1286
vt 2.96265 17.8499
vt 1.22893 17.377
vt -5.15815 17.249
vt -5.29098 13.4718
vt -3.80047 13.1167
vt -3.1518 16.2226
vt -4.64438 16.5689
vt -5.47084 8.59317
vt 0.619802 7.97371
vt 1.71706 15.9168
vt -0.11149 15.5353
vt 0.451649 12.3735
vt 2.27714 12.7694
vt -0.0126021 16.0925
vt 7.47248 14.9241
vt 6.41913 18.5208
vt 5.13691 14.3551
vt 6.09827 18.6182
vt 4.04769 18.5294
vt 4.79854 14.4579
vt 6.10477 18.4316
vt 5.23013 22.1744
vt 4.0542 18.3426
vt 4.41573 22.4495
vt 1.99463 22.4763
vt 3.20251 18.6294
vt 4.43234 23.5602
vt 3.9939 27.1012
vt 2.01124 23.5875
vt 5.60458 26.4741
vt 2.87113 26.4682
vt 3.52132 23.0191
vt 4.91265 22.7977
vt 6.5811 22.5258
vt 6.31769 26.0258
vt 4.9159 22.5461
vt 6.09417 18.3235
vt 6.58384 22.271
vt 3.62945 16.5293
vt 4.97676 16.7601
vt 4.43171 21.11
vt 4.85486 18.2716
vt 3.50578 18.0514
vt 4.6069 13.6627
vt 3.65635 18.1342
vt 3.14462 13.6916
vt 4.7814 13.7516
vt -0.655432 14.2849
vt 0.110496 18.6907
vt -2.30812 14.6479
vt 0.859488 18.161
vt -1.16388 18.3367
vt -1.52579 14.0984
vt 0.736881 15.7366
vt 0.0495596 20.1929
vt -1.28548 15.9235
vt 1.36862 21.1248
vt 2.59922 16.787
vt 3.75147 21.2924
vt 1.39157 20.1461
vt 3.77403 20.3192
vt 2.99393 23.5753
vt 3.56492 25.9178
vt 4.92638 22.8589
vt 6.37309 26.0685
vt 3.5655 25.9976
vt 6.3737 26.1478
vt 5.91217 30.5864
vt 2.4912 30.175
vt 3.58522 26.0834
vt 5.97624 30.6492
vt 0.446114 24.9531
vt 2.64946 25.04
vt 1.95835 29.2187
vt 0.455505 24.1166
vt 0.883801 20.8626
vt 2.65876 24.2057
vt -0.258636 20.5698
vt -0.351463 23.8505
vt -1.61248 20.4134
vt -0.894622 24.7379
vt -2.23865 25.0094
vt -2.37302 21.3885
vt -0.913386 24.3949
vt -1.04435 28.2891
vt -2.25685 24.6692
vt -0.200875 28.7343
vt 0.494988 24.9005
vt 1.98905 29.1725
vt -0.626375 31.2952
vt -0.243507 29.5387
vt 1.94815 29.9681
vt -1.08564 29.0244
vt -1.32349 30.8063
vt -2.54674 28.808
vt -1.38847 31.1178
vt -3.72469 31.6596
vt -2.63791 29.1357
vt -3.75279 30.1109
vt -1.42286 29.5426
vt -1.58094 30.7534
vt -0.631491 30.813
vt 1.80078 31.7228
vt -1.01166 31.9734
vt 1.77745 32.0064
vt -0.657213 31.1029
vt 1.91436 29.7702
vt 2.49117 30.1729
vt 5.97621 30.6471
vt 2.20151 32.3945
vt -3.67713 30.9491
vt -3.74644 29.6463
vt -1.57735 30.2981
vt -2.74354 23.2786
vt -3.60595 22.6512
vt -1.6056 21.7393
vt -1.37467 26.6169
vt -2.96985 27.0499
vt -1.55035 25.7657
vt 2.93538 27.8998
vt 1.3371 27.4783
vt 1.59974 26.6498
vt 0.707476 25.9947
vt 0.978358 26.8206
vt -2.03003 27.9265
vt -1.89596 32.807
vt -1.78912 30.9058
vt 1.02283 31.1619
vt -5.54691 33.1611
vt -2.11859 31.8499
vt -1.77806 33.7233
vt -2.17938 32.2246
vt -5.61613 33.5136
vt -5.9511 30.4708
vt -5.46025 29.5297
vt -2.56582 29.5766
vt -2.65117 32.6366
vt -3.24139 26.1232
vt -2.57634 30.5359
vt -5.47077 30.4894
vt -6.3737 26.1478
vt -3.5655 25.9976
vt -5.91217 30.5864
vt -4.92638 22.8589
vt -3.56492 25.9178
vt -6.37309 26.0685
vt -2.99393 23.5753
vt -3.77403 20.3192
vt -1.39157 20.1461
vt -1.36862 21.1248
vt -3.75147 21.2924
vt -2.59922 16.787
vt -4.43171 21.11
vt -4.97676 16.7601
vt -3.62945 16.5293
vt -6.09417 18.3235
vt -4.9159 22.5461
vt -6.58384 22.271
vt -6.5811 22.5258
vt -4.91265 22.7977
vt -6.31769 26.0258
vt -3.52132 23.0191
vt -2.87113 26.4682
vt -5.60458 26.4741
vt -5.60495 26.3232
vt -2.8715 26.3173
vt -5.10304 30.6824
vt -1.34216 25.7206
vt 0.6556 25.5412
vt 1.01449 29.9146
vt 0.0315855 23.3372
vt 0.77107 26.8277
vt -1.22669 27.007
vt -4.43234 23.5602
vt -2.01124 23.5875
vt -3.9939 27.1012
vt -3.20251 18.6294
vt -1.99463 22.4763
vt -4.41573 22.4495
vt -7.21521 18.4715
vt -6.12134 18.4711
vt -6.46799 22.4338
vt -6.12135 18.896
vt -7.21522 18.8964
vt -7.88186 14.8103
vt -4.79854 14.4579
vt -4.04769 18.5294
vt -6.09827 18.6182
vt -6.10477 18.4316
vt -4.0542 18.3426
vt -5.23013 22.1744
vt -3.06252 17.347
vt -1.32987 16.8702
vt -0.835295 20.6819
vt -2.96265 17.8499
vt -3.6234 14.1286
vt -1.22893 17.377
vt 5.29098 13.4718
vt 5.15815 17.249
vt 3.80047 13.1167
vt 4.69165 17.4191
vt 2.71236 21.7504
vt 3.27456 13.3069
vt 3.76654 20.3383
vt 1.89869 21.0489
vt 3.74989 16.6614
vt 4.39574 22.8793
vt 4.64845 26.2566
vt 2.51831 23.5642
vt -2.38215 23.3624
vt -0.865195 23.0803
vt -2.14946 26.7411
vt -2.69762 21.3358
vt -3.43826 17.7342
vt -1.1815 21.0492
vt 3.93816 26.7944
vt 1.05009 30.1443
vt 1.81179 24.0991
vt 6.33267 19.057
vt 8.61365 15.2176
vt 6.82985 23.4896
vt 6.13756 18.8035
vt 6.69694 14.5088
vt 8.38785 14.946
vt 7.31635 15.1061
vt 6.52817 19.3647
vt 4.85587 18.9549
vt 6.59494 18.9101
vt 5.40311 22.7843
vt 4.92371 18.4959
vt 4.86371 22.9003
vt 6.14507 19.0548
vt 6.66835 23.4844
vt 5.41769 14.7426
vt 7.32731 15.1115
vt 4.86719 18.9605
vt 6.93648 6.88109
vt 7.39039 14.5573
vt 5.48202 14.1819
vt 7.32625 15.1379
vt 7.50035 7.45027
vt 8.74772 7.72067
vt 8.75212 7.77689
vt 7.50399 7.51
vt 9.00455 3.58503
vt 7.46638 7.33963
vt 7.79175 3.24012
vt 8.90696 3.39225
vt 5.58533 2.49395
vt 5.67377 6.6054
vt 4.85214 6.63296
vt 4.84045 6.19327
vt 5.66206 6.16532
vt 4.71308 13.5489
vt 1.80172 5.95737
vt 2.54264 13.2767
vt 0.891878 12.905
vt 0.655432 14.2849
vt 2.30812 14.6479
vt -0.110496 18.6907
vt 1.52579 14.0984
vt 1.16388 18.3367
vt -0.859488 18.161
vt -0.736881 15.7366
vt 1.28548 15.9235
vt -0.0495596 20.1929
vt -3.14546 13.6916
vt -3.65707 18.1342
vt -4.78202 13.7515
vt -3.50582 18.051
vt -4.85491 18.2712
vt -4.60672 13.6622
vt -6.29106 14.1284
vt -6.12315 18.741
vt -7.83843 14.6361
vt -6.25361 14.365
vt -7.80262 14.8676
vt -7.86556 8.0874
vt -7.78006 8.17394
vt -6.31812 8.21489
vt -6.10685 14.9921
vt -7.04411 2.98641
vt -6.29868 7.46163
vt -7.76061 7.42036
vt -8.23449 3.42408
vt -6.86213 3.61085
vt -7.36804 7.87745
vt -7.77074 -0.333406
vt -6.69936 -2.47728
vt -6.40983 -0.0762283
vt -2.7514 1.68511
vt -3.39475 -0.328449
vt -0.961315 0.09148
vt -3.96175 -0.0927669
vt -3.29047 1.91166
vt -4.61082 1.86177
vt -4.66699 3.42417
vt -3.3466 3.473
vt -4.24442 7.87382
vt -2.74076 7.402
vt -1.74632 3.11885
vt -1.38529 7.57392
vt -0.0481758 8.03896
vt -0.0588053 3.70046
vt 0.973689 3.76228
vt 3.40685 3.71645
vt 4.41929 3.66566
vt 4.45341 8.00404
vt 3.69867 -0.0386852
vt 4.33037 1.85127
vt 3.31799 1.90309
vt -0.124169 1.26924
vt 1.09789 1.10329
vt 0.60492 3.1238
vt 0.992297 0.546258
vt 1.12637 1.31425
vt -0.0957075 1.48006
vt -1.13127 0.91905
vt -0.261487 0.782425
vt -0.995968 1.68683
vt 0.184023 5.52622
vt 0.828849 6.17877
vt -0.0350306 6.34876
vt -1.16098 7.08892
vt -1.71099 6.35469
vt 0.891696 6.38225
vt 0.545343 8.89018
vt -2.05466 8.76883
vt -2.27379 7.86357
vt 3.57267 7.19981
vt 4.3283 7.74437
vt 3.48891 8.49917
vt -1.9119 5.55968
vt -0.810734 5.31123
vt -1.08195 6.11808
vt 1.08125 1.2122
vt 1.9698 1.67168
vt 0.885018 2.60922
vt 3.32352 1.43279
vt 3.1649 2.83458
vt 2.3617 2.81831
vt 2.42255 -0.182632
vt 3.22574 -0.166129
vt 2.86617 1.77966
vt 7.91736 1.88805
vt 9.16383 2.01273
vt 8.80713 3.99268
vt 8.73076 -0.191042
vt 9.22277 1.42278
vt 7.97631 1.29789
vt 5.96324 2.60001
vt 6.69844 2.80187
vt 5.89685 4.28586
vt -0.770922 8.44204
vt 0.251717 7.8988
vt -0.329734 9.06383
vt 6.31965 -5.07469
vt 7.36235 -4.57102
vt 6.75184 -3.88894
vt 7.74727 0.479647
vt 8.63545 0.258061
vt 7.79661 1.70113
vt 2.95857 0.497973
vt 4.1992 0.523964
vt 4.27752 1.74393
vt 3.27496 -5.90603
vt 3.6724 -6.78277
vt 4.51423 -5.84251
vt -3.17667 -6.42841
vt -0.380387 -7.6848
vt -0.34121 -6.72298
vt -4.74185 -5.86127
vt -5.22053 -7.04967
vt -2.29275 -7.70507
vt 0.852615 -8.73488
vt 2.8612 -8.16437
vt 2.21281 -7.05937
vt 5.17403 7.39455
vt 5.40277 8.42796
vt 3.28141 8.27652
vt -4.36109 9.18464
vt -5.39698 8.25823
vt -4.57556 7.59076
vt 0.85538 3.34377
vt 2.21918 3.61089
vt 1.02223 3.77183
vt 1.91343 1.41428
vt 2.02439 1.71605
vt 0.715498 1.56774
vt 2.30552 1.60841
vt 2.1938 1.30691
vt 2.70327 1.56613
vt 2.42456 0.852283
vt 3.42928 0.759686
vt 2.93441 1.11077
vt 7.77698 7.22322
vt 6.89233 7.70843
vt 7.04798 6.69672
vt 0.230456 9.37289
vt -0.579638 9.99861
vt -1.34417 8.58372
vt -6.39061 7.35142
vt -7.05352 5.71962
vt -5.5337 5.44765
vt 6.87172 -3.62764
vt 8.40535 -3.44932
vt 7.62837 -1.43593
vt 1.3804 -6.39719
vt 3.52064 -5.5053
vt 2.98153 -4.76347
vt -2.90714 -5.26858
vt -3.02817 -6.17759
vt -0.187643 -6.41844
vt -0.69009 -0.294107
vt 2.21422 -0.825917
vt 1.73354 0.411779
vt 3.10582 1.03598
vt 3.61855 -0.188787
vt 4.93362 1.06126
vt 3.08935 2.22202
vt 4.91716 2.24736
vt 4.43338 4.14734
vt 7.7055 3.81978
vt 7.92691 1.87172
vt 8.82031 3.97482
vt 3.07554 4.1725
vt 3.21158 2.13349
vt 4.5592 4.05628
vt -0.100288 1.91461
vt -0.306448 3.94773
vt -0.912928 4.15309
vt -1.3098 2.9673
vt -0.703697 2.76082
vt -0.271673 6.74618
vt 1.23633 2.58531
vt 2.30212 6.58842
vt 1.52989 6.58325
vt 2.92691 2.23555
vt 4.41042 2.11747
vt 3.82403 6.27981
vt 1.53286 6.06859
vt 2.30509 6.07382
vt 1.28382 13.0059
vt -1.5702 6.1158
vt -1.15053 13.0449
vt -2.59107 6.47377
vt -3.14 13.8949
vt -4.77657 13.9546
vt -4.98973 7.42702
vt -6.40171 7.69023
vt -5.97941 14.2077
vt -7.53428 7.91568
vt -7.28304 4.17098
vt -6.28335 8.23848
vt -7.41562 8.46542
vt -2.51598 7.4303
vt -3.62336 3.39079
vt -2.59444 3.315
vt -3.6871 4.90465
vt -2.22906 6.96183
vt -3.25679 7.0523
vt -0.42046 3.14785
vt 2.13982 2.62425
vt 1.40339 4.88895
vt -0.854085 1.0284
vt -0.717775 -0.199031
vt 1.7063 0.505318
vt 0.344003 -0.0737955
vt 0.180866 1.15036
vt -2.55667 0.528944
vt -4.91088 5.39039
vt -2.33297 6.50154
vt -3.0804 7.38534
vt -5.87162 5.0387
vt -4.87956 4.44241
vt -4.72404 6.62721
vt -6.82065 -2.36839
vt -5.7182 -1.77033
vt -6.49639 0.0282131
vt -3.46501 -5.37423
vt -4.7558 -3.44157
vt -5.77415 -4.17371
vt -7.11156 -3.28333
vt -5.81457 -3.20305
vt -7.34741 -0.971254
vt -6.39067 -4.46499
vt -5.85032 -2.90517
vt -7.14782 -2.97668
vt -5.827 0.0362478
vt -6.29303 1.31722
vt -7.69714 0.449184
vt -1.67078 1.62615
vt 0.849522 2.32459
vt -2.04942 2.93562
vt 2.48525 -5.71679
vt 3.4889 -6.21487
vt 4.64398 -4.24042
vt -1.96922 -7.37288
vt -2.43479 -6.35375
vt -4.08718 -7.07847
vt -6.92146 2.66271
vt -5.1281 2.86143
vt -6.97671 3.36203
vt -7.97089 1.82677
vt -7.68929 1.8004
vt -7.81981 2.48965
vt 7.2553 5.35244
vt 6.94468 4.40184
vt 7.21855 4.47244
vt 1.99226 8.54725
vt 0.208153 7.39767
vt 2.33609 7.60815
vt -6.71328 6.13861
vt -7.92983 5.67426
vt -6.6603 4.01687
vt 0.548617 -9.9938
vt 0.93538 -9.61774
vt -0.210996 -9.00014
vt 8.75191 4.9474
vt 9.06049 5.50591
vt 8.24399 5.12914
vt -8.96348 2.08423
vt -8.34481 1.92803
vt -8.46878 2.25572
vt -3.69636 4.30127
vt -2.48541 4.41556
vt -3.74311 4.6485
vt -6.69437 -7.07489
vt -6.00762 -8.07879
vt -5.96631 -6.82872
vt 9.02976 3.67816
vt 8.26521 3.75651
vt 8.0514 2.90208
vt -6.21995 7.24692
vt -5.23471 6.47959
vt -5.25864 7.04722
vt -6.63751 2.96846
vt -6.10823 2.76197
vt -5.82902 3.38187
vt -8.96515 1.20991
vt -8.40682 1.92603
vt -9.79234 2.1022
vt -8.38015 2.04827
vt -9.03451 2.73736
vt -9.76347 2.24098
vt -9.24604 1.94584
vt -8.53542 1.31493
vt -8.07643 2.92045
vt -3.42006 -7.84042
vt -4.02017 -6.44123
vt -4.58876 -7.99613
vt -3.66332 -6.63417
vt -4.74592 -7.63381
vt -4.16267 -8.21267
vt -6.27429 -6.26379
vt -5.03502 -5.46658
vt -7.0844 -3.8624
vt -0.511468 -6.57608
vt 0.640287 -5.90721
vt -1.43024 -4.44575
vt 2.685 -8.11177
vt 3.97177 -7.82996
vt 3.63809 -7.18143
vt -2.63255 -8.5769
vt -1.8712 -8.28821
vt -2.5667 -7.85054
vt -0.913261 -9.54013
vt -0.533416 -9.66549
vt -0.205081 -9.13829
vt -6.31186 -6.22921
vt -5.527 -6.53513
vt -5.76222 -5.94001
vt -5.82464 -5.86938
vt -5.49421 -6.37826
vt -5.02734 -6.14124
vt -3.98008 -6.04733
vt -5.15574 -6.1364
vt -4.88717 -6.71724
vt 1.67614 -8.66871
vt 0.995786 -8.10755
vt 0.48879 -9.1148
vt -2.38993 4.82193
vt -2.39604 5.27297
vt -3.64654 5.06069
vt -7.50397 3.30494
vt -7.37552 2.87254
vt -6.39626 2.80155
vt -0.860106 -5.33089
vt 0.754721 -6.21141
vt -0.336991 -4.16431
vt 4.70036 2.00072
vt 2.98977 2.67665
vt 4.49564 1.58942
vt 1.6472 0.839709
vt 1.24984 0.189079
vt 3.16178 -0.235348
vt -0.44389 1.39458
vt 1.11931 0.268277
vt 1.51702 0.918691
vt 1.66526 1.02529
vt 0.102315 2.15195
vt -0.483956 1.07928
vt -0.131822 0.887585
vt 0.455781 1.95953
vt -0.866082 1.79216
vt -0.802349 1.28859
vt 0.519511 1.45599
vt -0.24228 3.36941
vt 0.470014 0.947491
vt 1.01707 3.03177
vt -0.0154215 2.96983
vt 1.98854 8.04465
vt -0.159345 8.13757
vt 1.82983 7.26806
vt 5.85445 6.61665
vt 4.02241 7.30893
vt 3.72814 6.57294
vt -2.39604 -4.8181
vt -0.480471 -5.45231
vt 0.0123569 -4.27261
vt -1.27672 7.06865
vt -2.29976 7.42035
vt -2.36837 3.30488
vt 3.53627 7.7274
vt 4.05003 3.55949
vt 5.09654 7.84709
vt 3.48218 8.408
vt 5.04243 8.52805
vt 2.69841 16.1438
vt 5.45538 8.61883
vt 4.63811 16.5914
vt 3.14556 16.245
vt 0.118184 15.567
vt -1.71037 15.9485
vt -0.604844 8.01074
vt -2.27714 12.7694
vt -0.451649 12.3735
vt 0.0126021 16.0925
vt -7.47248 14.9241
vt -5.13691 14.3551
vt -6.41913 18.5208
vt -7.39361 15.2899
vt -6.72142 7.90221
vt -5.05761 14.7227
vt -2.15575 15.7667
vt -2.8417 8.20707
vt -1.48621 8.37881
vt 8.14503 15.8911
vt 6.45408 15.4542
vt 8.24088 8.11638
vt -0.455505 24.1166
vt -2.65876 24.2057
vt -0.883801 20.8626
vt -1.95835 29.2187
vt -2.64946 25.04
vt -0.446114 24.9531
vt -3.58522 26.0834
vt -2.4912 30.175
vt -5.97624 30.6492
vt -2.49117 30.1729
vt -2.20151 32.3945
vt -5.97621 30.6471
vt 0.657213 31.1029
vt -1.77745 32.0064
vt -1.91436 29.7702
vt -1.80078 31.7228
vt 0.631491 30.813
vt 1.01166 31.9734
vt 1.58094 30.7534
vt 1.42286 29.5426
vt 3.75279 30.1109
vt 2.63791 29.1357
vt 3.72469 31.6596
vt 1.38847 31.1178
vt 1.08564 29.0244
vt 2.54674 28.808
vt 1.32349 30.8063
vt 0.243507 29.5387
vt 0.626375 31.2952
vt -1.94815 29.9681
vt 0.200875 28.7343
vt -1.98905 29.1725
vt -0.494988 24.9005
vt 3.67713 30.9491
vt 1.57735 30.2981
vt 3.74644 29.6463
vt 3.66972 27.6465
vt 2.94464 28.1508
vt 1.59711 26.9137
vt -2.7307 27.9775
vt -3.39777 30.6433
vt -4.8981 28.0678
vt -3.07487 31.5705
vt -4.69479 31.818
vt -4.70261 29.0736
vt -3.16728 25.4564
vt -2.73404 28.8284
vt -4.90155 28.9157
vt -1.07031 28.3594
vt -2.53076 28.1387
vt -2.30374 24.7467
vt -5.40811 22.4205
vt -3.1537 25.6136
vt -4.94034 29.0461
vt -5.48175 22.8743
vt -3.87483 22.4713
vt -3.16889 26.0253
vt -3.87641 22.4237
vt -5.48314 22.8275
vt -5.07529 18.5317
vt -0.255671 20.4952
vt -1.60948 20.3384
vt -1.71687 16.2673
vt -5.41769 14.7426
vt -4.86719 18.9605
vt -7.32731 15.1115
vt -5.48219 14.1797
vt -7.39055 14.5551
vt -6.93607 6.87892
vt -7.50322 7.43787
vt -7.33991 15.1258
vt -8.75197 7.7059
vt -6.45487 15.4525
vt -8.14583 15.8894
vt -8.24166 8.11383
vt -3.58936 8.40905
vt -2.81822 16.1469
vt -5.16251 8.52516
vt -4.15827 3.58121
vt -3.63986 7.74785
vt -5.21304 7.8636
vt -7.50564 7.50292
vt -8.75513 7.76749
vt -9.00205 3.57599
vt -7.79149 3.24182
vt -7.4667 7.34149
vt -8.9067 3.39352
vt -4.87503 6.64177
vt -5.69469 6.61501
vt -5.61147 2.50334
vt -4.86359 6.1992
vt -4.72804 13.5547
vt -5.68323 6.17206
vt -0.891878 12.905
vt -2.54264 13.2767
vt -1.80172 5.95737
vt -1.54975 6.07273
vt -1.29812 13.0099
vt -2.32338 6.07836
vt 1.16626 13.05
vt 1.59046 6.1212
vt 2.6086 6.47872
vt 1.29759 7.07039
vt 2.38968 3.30709
vt 2.31789 7.4217
vt 1.31123 2.96293
vt 0.273802 6.74167
vt 0.705133 2.75643
vt -1.54662 6.57825
vt -2.32025 6.58381
vt -1.25601 2.58029
vt -2.92691 2.23555
vt -3.82403 6.27981
vt -4.41042 2.11747
vt -3.21158 2.13349
vt -3.07554 4.1725
vt -4.5592 4.05628
vt 0.912928 4.15309
vt 0.306448 3.94773
vt 0.100288 1.91461
vt 0.42046 3.14785
vt -1.40339 4.88895
vt -2.13982 2.62425
vt 2.22906 6.96183
vt 3.6871 4.90465
vt 3.25679 7.0523
vt 4.87956 4.44241
vt 5.87162 5.0387
vt 4.72404 6.62721
vt 2.33297 6.50154
vt 4.91088 5.39039
vt 3.0804 7.38534
vt 2.55667 0.528944
vt -0.180866 1.15036
vt -0.344003 -0.0737955
vt 0.717775 -0.199031
vt 0.854085 1.0284
vt -1.7063 0.505318
vt -2.21422 -0.825917
vt 0.69009 -0.294107
vt -1.73354 0.411779
vt 3.02817 -6.17759
vt 2.90714 -5.26858
vt 0.187643 -6.41844
vt -3.52064 -5.5053
vt -1.3804 -6.39719
vt -2.98153 -4.76347
vt -8.40535 -3.44932
vt -6.87172 -3.62764
vt -7.62837 -1.43593
vt 7.05352 5.71962
vt 6.39061 7.35142
vt 5.5337 5.44765
vt 0.579638 9.99861
vt -0.230456 9.37289
vt 1.34417 8.58372
vt -6.89083 7.70973
vt -7.77593 7.22454
vt -7.04667 6.69805
vt -3.42994 0.759157
vt -2.42483 0.851754
vt -2.93468 1.11024
vt -2.1938 1.30691
vt -2.30552 1.60841
vt -2.70327 1.56613
vt -0.715498 1.56774
vt -2.02439 1.71605
vt -1.91343 1.41428
vt -2.685 -8.11177
vt -3.63809 -7.18143
vt -3.97177 -7.82996
vt 1.43024 -4.44575
vt -0.640287 -5.90721
vt 0.511468 -6.57608
vt 6.27429 -6.26379
vt 7.0844 -3.8624
vt 5.03502 -5.46658
vt 5.77415 -4.17371
vt 4.7558 -3.44157
vt 3.46501 -5.37423
vt 5.7182 -1.77033
vt 6.82065 -2.36839
vt 6.49639 0.0282131
vt 6.69936 -2.47728
vt 7.77074 -0.333406
vt 6.40983 -0.0762283
vt 3.39475 -0.328449
vt 2.7514 1.68511
vt 0.961315 0.09148
vt 3.29047 1.91166
vt 3.96175 -0.0927669
vt 4.61082 1.86177
vt -0.519511 1.45599
vt 0.802349 1.28859
vt 0.24228 3.36941
vt -0.455781 1.95953
vt 0.131822 0.887585
vt 0.866082 1.79216
vt -0.102315 2.15195
vt -1.66526 1.02529
vt 0.483956 1.07928
vt -1.11941 0.268421
vt 0.443787 1.39473
vt -1.51712 0.919229
vt 0.479758 -5.45401
vt 2.39536 -4.82019
vt -0.013012 -4.27459
vt 0.862956 -5.3314
vt 0.339617 -4.16522
vt -0.7517 -6.21253
vt -2.99005 2.67689
vt -4.70063 2.00056
vt -4.49592 1.58927
vt -0.85538 3.34377
vt -1.02223 3.77183
vt -2.21918 3.61089
vt 5.39698 8.25823
vt 4.36109 9.18464
vt 4.57556 7.59076
vt -5.17403 7.39455
vt -3.28141 8.27652
vt -5.40277 8.42796
vt -2.8612 -8.16437
vt -0.852615 -8.73488
vt -2.21281 -7.05937
vt 5.22053 -7.04967
vt 4.74185 -5.86127
vt 2.29275 -7.70507
vt 0.380387 -7.6848
vt 3.17667 -6.42841
vt 0.34121 -6.72298
vt -3.6724 -6.78277
vt -3.27496 -5.90603
vt -4.51423 -5.84251
vt -4.1992 0.523964
vt -2.95857 0.497973
vt -4.27752 1.74393
vt -3.61855 -0.188787
vt -3.10582 1.03598
vt -4.93362 1.06126
vt -4.91716 2.24736
vt -3.08935 2.22202
vt -4.43338 4.14734
vt -7.92703 1.87156
vt -7.70565 3.81963
vt -8.82047 3.97426
vt -9.16383 2.01279
vt -7.91735 1.8881
vt -8.80712 3.99235
vt -7.97631 1.29789
vt -9.22277 1.42278
vt -8.73076 -0.191042
vt -5.96324 2.60001
vt -5.89685 4.28586
vt -6.69844 2.80187
vt -2.3617 2.81831
vt -3.1649 2.83458
vt -3.32352 1.43279
vt -2.42256 -0.183014
vt -2.86618 1.7789
vt -3.22575 -0.16651
vt -3.31863 1.90253
vt -4.33102 1.85111
vt -3.69935 -0.0388549
vt -4.42179 3.71624
vt -3.40935 3.76664
vt -4.46246 8.04944
vt -0.970245 3.81945
vt 0.0622488 3.75763
vt 0.058409 8.09102
vt -1.01707 3.03177
vt -0.470014 0.947491
vt 0.0154215 2.96983
vt -1.09789 1.10329
vt 0.124169 1.26924
vt -0.60492 3.1238
vt -1.12637 1.31425
vt -0.992297 0.546258
vt 0.0957075 1.48006
vt 0.261487 0.782425
vt 1.13127 0.91905
vt 0.995968 1.68683
vt -0.828849 6.17877
vt -0.184023 5.52622
vt 0.0350306 6.34876
vt 1.71099 6.35469
vt 1.16098 7.08892
vt -0.891696 6.38225
vt 0.159345 8.13757
vt -1.98854 8.04465
vt -1.82983 7.26806
vt -3.72814 6.57294
vt -4.02241 7.30893
vt -5.85445 6.61665
vt -1.24989 0.189304
vt -1.64724 0.840327
vt -3.16183 -0.235123
vt 2.05466 8.76883
vt -0.545343 8.89018
vt 2.27379 7.86357
vt -3.48891 8.49917
vt -4.3283 7.74437
vt -3.57267 7.19981
vt 0.810734 5.31123
vt 1.9119 5.55968
vt 1.08195 6.11808
vt -1.9698 1.67168
vt -1.08125 1.2122
vt -0.885018 2.60922
vt 0.770922 8.44204
vt 0.329734 9.06383
vt -0.251717 7.8988
vt -7.36235 -4.57102
vt -6.31965 -5.07469
vt -6.75184 -3.88894
vt -7.74727 0.479647
vt -7.79661 1.70113
vt -8.63545 0.258061
vt 1.98873 3.11456
vt 2.99113 7.39237
vt 1.62451 7.5714
vt 3.09487 8.19413
vt 2.40064 15.7592
vt 1.72823 8.37295
vt 6.71369 7.915
vt 7.39114 15.3008
vt 5.05513 14.7336
vt 6.31001 8.22095
vt 7.76021 8.18039
vt 6.09408 14.9971
vt 7.74034 7.40889
vt 6.29015 7.44977
vt 7.02969 2.97222
vt 6.86127 3.60386
vt 8.23362 3.41706
vt 7.36958 7.87226
vt 6.29435 8.23722
vt 7.29272 4.16963
vt 7.42371 8.4662
vt 2.59434 3.3164
vt 3.62326 3.39219
vt 2.51365 7.43085
vt 6.41383 7.69145
vt 7.5435 7.91887
vt 5.99009 14.2097
vt 7.86401 8.08651
vt 7.80334 14.8659
vt 6.25436 14.3632
vt 6.29127 14.1289
vt 7.83862 14.6366
vt 6.12321 18.7415
vt 7.88186 14.8103
vt 7.21522 18.8964
vt 6.12135 18.896
vt 6.12134 18.4711
vt 7.21521 18.4715
vt 6.46799 22.4338
vt 4.776 13.9529
vt 3.13922 13.8932
vt 4.98717 7.42428
vt 4.66608 3.39925
vt 4.24274 7.85086
vt 3.34569 3.44809
vt 5.81457 -3.20305
vt 7.11156 -3.28333
vt 7.34741 -0.971254
vt 5.85032 -2.90517
vt 6.39067 -4.46499
vt 7.14782 -2.97668
vt 7.69746 0.44973
vt 6.29335 1.31776
vt 5.82765 0.0367953
vt 1.67125 1.62579
vt 2.0495 2.93524
vt -0.849438 2.32422
vt -3.4874 -6.21535
vt -2.48357 -5.71732
vt -4.64285 -4.24112
vt 4.08715 -7.07847
vt 2.43516 -6.35377
vt 1.96919 -7.37288
vt 6.92185 2.66236
vt 6.97714 3.36167
vt 5.12887 2.86107
vt 7.68929 1.8004
vt 7.97089 1.82677
vt 7.81981 2.48965
vt -7.21855 4.47244
vt -6.94468 4.40184
vt -7.2553 5.35244
vt -1.99226 8.54725
vt -2.33609 7.60815
vt -0.208153 7.39767
vt 7.92983 5.67426
vt 6.71328 6.13861
vt 6.6603 4.01687
vt -0.93538 -9.61774
vt -0.548617 -9.9938
vt 0.210996 -9.00014
vt -9.06014 5.50664
vt -8.7513 4.94831
vt -8.24336 5.12999
vt 8.34878 1.92492
vt 8.96742 2.08111
vt 8.47282 2.25259
vt 5.49649 -6.38104
vt 5.82706 -5.87186
vt 5.02981 -6.14388
vt 5.76222 -5.94001
vt 5.527 -6.53513
vt 6.31186 -6.22921
vt 4.88717 -6.71724
vt 5.15574 -6.1364
vt 3.98008 -6.04733
vt 3.42006 -7.84042
vt 4.58876 -7.99613
vt 4.02017 -6.44123
vt 4.16267 -8.21267
vt 4.74592 -7.63381
vt 3.66332 -6.63417
vt 2.5667 -7.85054
vt 1.8712 -8.28821
vt 2.63255 -8.5769
vt 0.913261 -9.54013
vt 0.205081 -9.13829
vt 0.533416 -9.66549
vt 8.53542 1.31493
vt 9.24604 1.94584
vt 8.07643 2.92045
vt 9.76347 2.24098
vt 9.03451 2.73736
vt 8.38015 2.04827
vt -1.67614 -8.66871
vt -0.48879 -9.1148
vt -0.995786 -8.10755
vt 3.64654 5.06069
vt 2.39604 5.27297
vt 2.38993 4.82193
vt 7.37552 2.87254
vt 7.50397 3.30494
vt 6.39626 2.80155
vt 8.96515 1.20991
vt 9.79234 2.1022
vt 8.40682 1.92603
vt 6.10823 2.76197
vt 6.63751 2.96846
vt 5.82902 3.38187
vt 5.23471 6.47959
vt 6.21995 7.24692
vt 5.25864 7.04722
vt -9.02976 3.67816
vt -8.0514 2.90208
vt -8.26521 3.75651
vt 6.00762 -8.07879
vt 6.69437 -7.07489
vt 5.96631 -6.82872
vt 3.69636 4.30127
vt 3.74311 4.6485
vt 2.48541 4.41556
vt 5.19413 34.3796
vt 2.15491 33.6928
vt 5.14686 33.1421
vt 1.07202 27.4049
vt 1.09634 25.9224
vt 4.04024 26.9432
vt 3.12607 36.0243
vt 0.481606 34.9455
vt 3.46926 34.6333
vt -1.47668 35.7841
vt -0.998713 34.4334
vt 0.969832 35.0295
vt 1.21577 34.2047
vt -0.752711 33.6083
vt 1.61254 33.1323
vt -0.40034 34.8523
vt -0.223636 33.6266
vt 1.96351 34.3693
vt 0.0255113 35.5139
vt -1.82014 34.546
vt 0.625516 33.7886
vt -1.74525 35.4309
vt -1.29206 32.7667
vt 0.5417 33.7569
vt -3.71299 38.9095
vt -4.41601 36.9244
vt -1.29923 38.3908
vt -1.99566 38.6475
vt 0.144498 36.1868
vt 0.169724 40.8708
vt -0.144498 36.1868
vt 1.99566 38.6475
vt -0.169724 40.8708
vt 8.52651e-14 40.5536
vt 2.15669 43.5295
vt -2.15669 43.5295
vt 0.19065 45.134
vt 0.203164 46.948
vt -2.77918 46.8441
vt -0.201691 46.9479
vt -0.190745 45.1339
vt 2.77908 46.844
vt -0.186798 46.5964
vt 2.79391 46.4908
vt 2.38031 48.9416
vt 2.67416 49.1603
vt 0.653429 49.2992
vt 1.21778 46.8786
vt 2.71461 48.6699
vt 2.67442 50.8486
vt 0.694085 48.8118
vt 0.380486 50.0336
vt -2.69648 51.3084
vt -2.255 49.1745
vt 0.387847 50.0246
vt -2.55301 54.8235
vt -2.68884 51.3001
vt 1.84006 54.958
vt 0.604999 54.1761
vt 1.35252 51.4658
vt 1.78564 53.5586
vt 2.65753 49.6182
vt 3.87873 50.4215
vt 3.2208 52.1067
vt 5.45644 52.0848
vt 4.21345 55.9243
vt 5.46694 53.7982
vt 3.23129 53.8199
vt 3.66669 51.2282
vt 3.4385 51.2075
vt 2.99933 53.7985
vt 0.98898 51.3075
vt 3.4569 53.4196
vt 1.50806 53.4752
vt 1.44715 50.9282
vt 2.70329 55.0202
vt 1.48273 51.5564
vt 3.43154 51.4997
vt 2.29693 55.445
vt 0.935073 55.4278
vt 1.02137 52.0011
vt 0.943511 53.0322
vt 2.30536 53.0499
vt 2.14949 54.3424
vt 1.17209 53.8402
vt 1.24372 52.5403
vt 2.12974 54.1891
vt 3.31157 48.261
vt 5.00032 48.6246
vt 3.8978 50.0386
vt 3.02584 55.2912
vt 3.8025 51.7811
vt 4.72232 55.617
vt 0.641076 38.0069
vt 1.00959 36.2522
vt 1.92366 38.4222
vt 2.29091 34.2944
vt 4.61958 35.3978
vt 2.8713 36.5764
vt 3.36136 52.2751
vt 0.91034 51.4798
vt 2.86408 48.254
vt 5.50892 52.463
vt 5.61988 48.4128
vt 7.55594 50.615
vt 4.12823 52.5275
vt 4.83782 52.624
vt 6.20112 54.6014
vt 3.17921 46.7032
vt 3.97453 44.1689
vt 3.88464 46.8266
vt 4.35147 42.9884
vt 3.89697 46.8213
vt 3.98406 44.1635
vt 5.80272 55.1543
vt 4.42253 53.1887
vt 6.93707 53.0272
vt -3.52631 45.8347
vt -3.24886 43.4401
vt -1.30304 46.3502
vt -3.38523 43.7541
vt -0.847259 43.5607
vt -1.41967 46.6509
vt -0.571879 53.0378
vt -3.11139 53.2098
vt -1.03773 48.8832
vt -2.01448 53.9174
vt -1.91825 49.362
vt 0.0918557 49.6066
vt 0.127859 49.2322
vt -1.8822 48.9871
vt -0.817371 44.8988
vt 5.81218 50.4528
vt 4.78384 49.5513
vt 6.75582 46.3348
vt 6.28015 49.1171
vt 6.94402 45.0715
vt 8.12836 45.828
vt 8.38223 46.0101
vt 7.19108 45.2644
vt 9.18872 41.5669
vt 8.60145 35.73
vt 10.2902 36.0057
vt 9.22101 40.0701
vt 10.2861 36.2123
vt 8.5971 35.938
vt 10.0504 28.8575
vt 3.67973 33.4358
vt 2.54748 33.4489
vt 2.18838 26.3632
vt 2.55777 35.8754
vt 3.69003 35.8629
vt 3.82695 40.1514
vt 3.28524 35.8448
vt 4.41476 39.9705
vt 3.49449 40.1304
vt 7.90252 39.9706
vt 8.02992 35.695
vt 9.00294 39.9698
vt 3.97272 46.3018
vt 3.64422 42.5382
vt 4.56547 42.3841
vt 0.0127211 47.3734
vt -1.62692 43.7538
vt -0.721776 43.6676
vt -1.61 44.0593
vt -2.58457 39.9284
vt -0.704834 43.9733
vt -1.66849 44.0835
vt -3.44558 40.2284
vt -2.64662 39.9535
vt -7.83012 41.2621
vt -6.19993 45.1815
vt -8.526 41.5919
vt -8.65821 41.8017
vt -10.9541 35.2884
vt -7.96032 41.4761
vt -9.93368 35.4671
vt -7.48465 41.9245
vt -10.5726 35.5712
vt -9.26932 27.3059
vt -8.79938 28.3794
vt -9.42686 28.5386
vt -2.54585 36.1359
vt -1.5233 36.0441
vt -1.64865 36.8898
vt -2.30198 35.5322
vt -1.63004 36.1087
vt -2.65287 36.1973
vt 0.806144 32.9939
vt 1.53954 32.7511
vt 1.49421 33.551
vt -0.200845 26.6297
vt 0.414181 27.4616
vt -0.313497 27.7211
vt -0.819512 27.4864
vt -0.0746195 27.3283
vt -0.189066 28.3066
vt 0.382294 30.8506
vt -0.364048 31.0017
vt 0.220345 30.0627
vt -2.18274 29.3969
vt -2.50415 28.5099
vt -1.627 28.4407
vt 0.239175 27.9962
vt -0.546021 28.184
vt -0.0306914 27.0922
vt -0.722272 26.873
vt 0.0619473 26.6812
vt -0.0597742 27.7716
vt -2.05058 28.7464
vt -1.35473 29.6194
vt -2.44938 29.7991
vt -1.30885 35.7708
vt -0.21502 35.5861
vt -0.525462 36.271
vt -7.05182 27.9776
vt -7.94997 27.8661
vt -7.57778 27.2113
vt -6.96489 29.1472
vt -6.83514 30.3831
vt -7.86387 29.0427
vt -6.71024 19.376
vt -7.93009 20.5452
vt -7.88723 19.4968
vt -6.46263 19.1074
vt -6.60368 20.1472
vt -7.49548 19.8032
vt -8.87826 29.93
vt -7.96305 30.2057
vt -9.11863 37.7351
vt 1.41153 31.9382
vt -0.829882 39.4184
vt 0.790839 31.6904
vt -1.72885 39.1262
vt -3.06951 38.7397
vt -0.238836 31.3719
vt -3.02225 38.4463
vt -1.68195 38.834
vt -3.48878 42.4244
vt -8.5246 38.5735
vt -7.48212 34.6917
vt -6.50024 38.73
vt -8.40111 47.4648
vt -8.63316 43.2471
vt -6.60793 43.3919
vt 3.52263 44.3649
vt 2.65899 48.4998
vt 1.82086 44.1444
vt 1.80367 44.3436
vt 4.43264 40.6672
vt 3.50549 44.5638
vt 6.84639 42.5777
vt 4.19931 46.241
vt 5.31406 41.865
vt 6.58564 42.8991
vt 5.05531 42.1821
vt 9.04499 35.4649
vt 11.2175 34.6118
vt 7.70497 41.5904
vt 10.1971 34.6667
vt 10.0765 33.6562
vt 10.3964 32.997
vt 11.097 33.6033
vt 10.9679 34.1044
vt 11.4981 34.0867
vt 11.1653 34.7395
vt 10.9659 34.0344
vt 11.0228 32.3036
vt 11.4961 34.0166
vt 9.79073 34.0766
vt 9.35233 33.4707
vt 9.86034 32.3463
vt 4.503 35.4415
vt 5.12554 34.7022
vt 5.5003 35.3494
vt -1.19166 31.3529
vt -0.452695 31.7279
vt -1.12069 32.4264
vt -1.20212 33.5159
vt -1.94281 33.1443
vt -1.08615 32.5388
vt -2.27269 30.5162
vt -3.12421 31.1289
vt -3.00474 30.2509
vt -5.39911 30.8872
vt -6.09772 30.5035
vt -5.31291 30.0053
vt -5.14177 27.3765
vt -4.45311 27.7778
vt -5.10284 28.3608
vt -3.14046 32.0639
vt -2.46494 31.5111
vt -2.37739 32.5834
vt -3.38625 32.5556
vt -2.62186 33.0732
vt -3.40074 33.3567
vt -2.25261 35.9231
vt -1.47547 35.6349
vt -1.71818 36.4349
vt 1.62384 35.7938
vt 2.26683 36.3179
vt 1.43725 36.6087
vt 4.81487 34.3572
vt 4.1561 33.853
vt 5.15392 33.7667
vt 8.73161 35.3171
vt 9.04343 34.7118
vt 9.17773 35.3631
vt 7.59105 37.1289
vt 9.12522 30.2679
vt 9.57114 30.3159
vt -1.10554 28.3138
vt -0.279833 28.0122
vt 0.928672 34.9379
vt -3.72498 38.801
vt -5.85739 32.2419
vt -2.9276 38.5215
vt -6.26124 32.3265
vt -5.55551 32.0339
vt -3.46857 38.6076
vt -3.72916 35.9307
vt -3.21444 36.4623
vt -3.91586 36.7651
vt -5.12444 32.5012
vt -5.31905 31.7207
vt -4.33467 32.0109
vt -4.18257 31.4151
vt -5.16674 31.1242
vt -4.24846 30.7404
vt -4.92309 31.7835
vt -4.92512 31.1547
vt -4.00439 31.4008
vt -1.43173 31.1355
vt -1.43311 31.7643
vt -2.31041 31.8317
vt -2.73132 30.8442
vt -1.68605 30.7886
vt -2.56424 31.4854
vt -1.77015 28.7501
vt -2.81537 28.8066
vt -2.80037 28.4971
vt -6.95938 28.8535
vt -6.11693 28.6555
vt -6.11414 28.9653
vt -6.51165 25.8723
vt -7.35193 26.0793
vt -6.89539 25.7922
vt -4.03795 32.7654
vt -4.01764 32.4817
vt -3.57325 32.4917
vt -10.9988 31.2639
vt -11.0475 31.544
vt -11.5041 31.1948
vt -10.9138 31.4362
vt -11.2516 31.5942
vt -11.3709 31.0876
vt -10.9736 31.3215
vt -10.8646 31.7212
vt -11.3114 31.4794
vt -6.94704 30.204
vt -7.04382 29.8012
vt -6.19844 29.9119
vt -6.3627 31.9227
vt -5.61324 31.6329
vt -5.44442 32.2736
vt -5.36115 29.648
vt -5.3665 28.5726
vt -4.45151 28.932
vt -11.8183 31.7564
vt -11.5913 32.8075
vt -12.1416 32.6356
vt -12.3409 29.9528
vt -11.796 30.1414
vt -12.1703 30.6352
vt 2.97434 33.1282
vt 3.46752 33.3588
vt 3.24275 33.6867
vt -2.86294 25.2956
vt -2.46061 25.2683
vt -2.49529 25.6971
vt 3.54125 8.71205
vt 3.6856 8.4249
vt 4.08818 8.44811
vt 8.09055 17.12
vt 7.85689 17.3407
vt 7.55498 16.8275
vt 0.602795 29.5768
vt 0.0348446 29.7067
vt 0.137585 29.2052
vt -0.437309 26.2205
vt 0.128976 26.0836
vt 0.0249592 26.8106
vt -1.54147 25.7649
vt -0.75083 25.9819
vt -1.60417 26.4966
vt 3.39082 6.35478
vt 2.68532 5.93704
vt 3.21337 5.63712
vt -7.25805 24.8317
vt -7.88531 24.4405
vt -7.04603 23.6432
vt -0.0864219 31.0609
vt 0.786518 30.5802
vt 0.328 31.6084
vt -8.08378 34.1344
vt -8.7897 33.936
vt -8.43003 33.5414
vt -9.63764 28.4845
vt -9.84551 27.6384
vt -9.161 27.9013
vt -9.11101 24.0116
vt -8.54754 24.347
vt -9.08033 25.0364
vt -8.79195 22.4494
vt -8.08991 22.0609
vt -8.23602 22.7971
vt -8.53427 23.5075
vt -8.27781 23.0537
vt -7.82563 23.1312
vt -2.01672 30.7958
vt -2.36737 31.1815
vt -2.65887 30.732
vt -4.87455 32.6477
vt -4.57467 32.4552
vt -4.27486 32.8993
vt -4.78374 32.0467
vt -4.45401 32.6681
vt -4.75399 32.8604
vt -8.77284 32.2566
vt -8.22829 32.2849
vt -8.18902 33.0982
vt -8.14154 30.1177
vt -8.1657 30.7096
vt -8.71023 30.6809
vt -12.0519 32.109
vt -11.6679 31.8139
vt -11.9806 32.697
vt -11.3804 31.7921
vt -11.7605 32.0922
vt -11.8241 31.5447
vt -8.42169 29.0617
vt -8.50099 29.6071
vt -9.06583 30.1741
vt -8.97411 29.3587
vt 0.363379 30.9924
vt 0.185756 31.7936
vt -0.780777 31.4983
vt -0.79433 31.5484
vt 0.172219 31.8437
vt -1.13806 33.5167
vt -2.88323 28.7922
vt -3.24805 30.8941
vt -4.13516 30.5093
vt -5.33261 30.5639
vt -5.06055 28.448
vt -4.52046 29.3184
vt -4.77313 31.1166
vt -3.94615 29.8809
vt -3.94259 30.7081
vt -4.04352 29.8892
vt -3.44647 30.1471
vt -4.0384 30.7164
vt -8.29038 24.0102
vt -7.79943 23.3518
vt -7.85313 24.3756
vt -7.06543 20.1849
vt -6.65749 20.5828
vt -7.8349 20.6993
vt -4.00532 30.0186
vt -3.11922 30.4057
vt -4.24057 30.9475
vt 0.881947 32.3145
vt 1.68811 32.439
vt 1.37327 33.344
vt 1.37835 34.6674
vt 0.572068 34.5436
vt 0.980276 32.6938
vt 4.49031 33.2376
vt 4.11929 35.0953
vt 3.6874 33.2704
vt 5.3881 34.8234
vt 4.74265 34.7966
vt 4.93907 33.0027
vt 4.79205 33.6839
vt 5.43751 33.7107
vt 5.28896 34.4902
vt 0.312477 33.3686
vt 0.439222 32.5853
vt 0.934582 33.6128
vt 4.8915 34.1805
vt 4.99542 33.5485
vt 5.4918 34.3551
vt 9.38136 34.3918
vt 10.1886 34.3607
vt 10.0863 34.993
vt 10.1802 34.1818
vt 9.37299 34.2129
vt 9.58622 32.3901
vt 10.1469 32.5485
vt 10.8172 32.4385
vt 10.616 34.2627
vt 10.2031 32.6987
vt 10.2764 31.9945
vt 10.8733 32.5882
vt 9.33235 30.4949
vt 9.72057 30.4487
vt 9.74444 31.1563
vt 9.6215 28.6887
vt 9.23346 28.7363
vt 9.56131 28.2945
vt 6.36963 23.262
vt 6.27423 22.761
vt 6.62719 22.7759
vt -1.49855 27.9808
vt -2.09697 27.8425
vt -1.73671 27.5297
vt -2.45241 31.1754
vt -2.50927 30.4999
vt -1.90996 30.6343
vt -2.50503 29.8623
vt -2.3118 30.6718
vt -3.04399 30.4068
vt 10.1078 30.5137
vt 10.1944 29.6859
vt 10.5828 30.3615
vt 10.4687 33.5797
vt 10.483 32.5958
vt 10.9591 32.4475
vt -2.99222 26.1582
vt -3.1119 25.7703
vt -2.6397 25.8367
vt -3.05402 26.1989
vt -3.97061 25.9378
vt -3.17445 25.8112
vt -3.39469 31.3325
vt -3.42117 30.9916
vt -2.5974 31.2132
vt -2.27844 30.9009
vt -2.2521 31.2418
vt -3.28335 30.993
vt -2.5382 32.0258
vt -2.10178 32.4027
vt -3.10658 32.4961
vt 9.43754 16.9779
vt 9.05444 17.3789
vt 8.8004 16.8612
vt -11.3941 30.5508
vt -11.8664 30.26
vt -11.8002 30.0412
vt -4.95206 31.9769
vt -5.01108 32.1978
vt -5.33456 31.9649
vt -8.32044 30.4086
vt -8.62806 30.6627
vt -8.61105 30.1357
vt 12.1561 25.6612
vt 11.859 25.395
vt 11.867 25.0972
vt 8.87446 23.1989
vt 9.00134 23.4684
vt 8.36059 23.3735
vt 9.78507 29.7395
vt 9.96637 30.2885
vt 9.44606 30.4429
vt 10.7102 30.0853
vt 11.186 30.0529
vt 10.7929 30.6575
vt 11.1386 28.2691
vt 11.2481 28.9235
vt 10.7725 28.9582
vt 0.888384 32.2696
vt 1.09534 31.6391
vt 1.32953 31.7089
vt 0.875783 31.5837
vt 0.642721 31.5103
vt 1.2933 30.2679
vt 1.34939 31.3911
vt 1.69285 30.0487
vt 1.96469 30.1308
vt 9.94242 26.8949
vt 10.292 26.9621
vt 10.6437 28.3023
vt 10.0199 25.3459
vt 10.1394 25.7403
vt 9.79089 25.6675
vt 1.48837 29.543
vt 1.21846 29.4548
vt 1.34819 29.0635
vt 2.122 29.1367
vt 2.02148 29.5785
vt 1.86831 29.103
vt -6.87715 29.6278
vt -6.62325 29.2525
vt -6.64054 29.7034
vt -6.26406 29.3212
vt -6.02171 29.3523
vt -6.27667 29.7722
vt -5.93534 29.1792
vt -6.17776 29.1487
vt -6.02611 28.8948
vt 2.22837 29.3633
vt 2.15512 29.6497
vt 2.01767 29.3052
vt 2.2844 29.6539
vt 2.03045 29.6223
vt 2.14495 29.3102
vt 9.28264 26.3867
vt 8.99521 26.2893
vt 9.25296 26.0557
vt 9.39407 26.7567
vt 9.14503 27.0631
vt 9.10568 26.6622
vt 8.42212 27.6401
vt 8.10316 27.7481
vt 8.20526 27.3006
vt 9.41633 29.5058
vt 8.38565 28.2427
vt 8.10324 27.7629
vt 8.4222 27.6549
vt 8.77716 30.0495
vt 8.29229 30.181
vt 7.74459 28.7879
vt 8.01897 28.9956
vt 8.50363 28.8634
vt 8.17281 29.5706
vt -3.70175 32.0496
vt -3.34865 31.5355
vt -3.22097 32.1168
vt -3.47841 32.1324
vt -3.51649 31.7362
vt -3.12727 31.6169
vt -11.4783 29.967
vt -11.5326 30.3613
vt -11.9866 29.8787
vt -11.5811 30.12
vt -12.1403 30.0951
vt -12.0316 29.6341
vt -11.9285 30.4004
vt -12.1232 30.0693
vt -11.564 30.094
vt -8.14769 25.0406
vt -7.99576 25.3934
vt -8.54691 25.1101
vt -10.4567 31.2311
vt -11.0466 31.4557
vt -11.012 30.956
vt 12.4779 20.1734
vt 11.9508 19.8263
vt 12.1827 19.6807
vt -6.70685 10.8254
vt -6.47585 10.9724
vt -6.70095 11.2194
vt -5.17692 12.8558
vt -5.04861 13.1918
vt -5.42445 13.0804
vt -11.6197 30.7369
vt -11.8976 30.5087
vt -11.5322 30.2033
vt -3.66588 32.0509
vt -3.57533 31.5178
vt -3.09443 31.5843
vt 8.15983 26.0241
vt 7.86054 26.2803
vt 7.86114 25.6649
vt -3.65535 27.7994
vt -3.48268 28.3901
vt -3.92707 28.3801
vt -0.304634 30.1527
vt 0.0463514 30.0262
vt -0.244879 30.5974
vt -0.0493692 29.7325
vt -0.400311 29.8591
vt -0.466268 29.4431
vt -10.9219 30.7032
vt -10.4384 30.6165
vt -10.3839 31.0341
vt -10.3206 30.8039
vt -10.8039 30.892
vt -10.8382 30.2267
vt -7.57679 28.6985
vt -7.70783 29.3517
vt -7.96978 28.6776
vt -8.44376 29.7359
vt -8.8964 29.538
vt -8.70901 29.063
vt -8.59135 29.2933
vt -8.51229 28.3771
vt -8.06041 28.5768
vt 2.68808 30.7534
vt 3.30069 29.9507
vt 3.14989 30.8578
vt 3.22566 31.1514
vt 3.42868 30.2389
vt 3.83791 30.3484
vt 12.1138 30.1603
vt 12.6181 29.63
vt 12.559 30.563
vt 11.8581 30.5947
vt 11.8783 30.1786
vt 12.3711 30.0728
vt 7.24234 29.0413
vt 7.27914 29.4563
vt 6.98677 29.1057
vt 7.54167 29.1929
vt 7.27344 29.1842
vt 7.25024 28.8416
vt 7.60107 26.3716
vt 7.63775 26.7166
vt 7.33286 26.3626
vt 11.9981 30.4467
vt 12.0686 30.107
vt 12.5117 30.5119
vt 12.013 20.6947
vt 11.687 21.1271
vt 11.5078 20.5813
vt 5.12448 30.564
vt 4.22709 30.4655
vt 4.71153 30.2235
vt 5.10096 30.7998
vt 4.94482 31.3571
vt 4.20357 30.7013
vt -8.7791 27.9995
vt -9.32879 28.3015
vt -9.29019 27.724
vt -8.96598 28.6724
vt -9.47851 28.3996
vt -8.99277 28.1526
vt -8.70703 30.549
vt -8.63433 30.3128
vt -8.21831 30.308
vt 2.47623 33.1158
vt 2.06935 32.768
vt 2.53063 32.8747
vt -8.64358 29.2444
vt -8.11321 28.5275
vt -8.22755 29.2396
vt -11.24 30.7352
vt -10.7046 31.0703
vt -11.1676 31.4528
vt -11.065 30.9036
vt -11.0266 31.3506
vt -11.5319 31.2813
vt 0.321571 34.1996
vt -0.511194 33.8745
vt -0.376177 33.4977
vt 0.609773 32.8674
vt 1.44955 33.1739
vt 0.307225 33.6838
vt 2.93348 33.2631
vt 2.65684 34.0886
vt 1.99754 33.1871
vt 3.47846 33.74
vt 2.71627 33.7336
vt 2.80858 32.8463
vt 3.49319 32.3605
vt 3.136 34.3263
vt 2.731 32.3542
vt 4.24107 32.8548
vt 4.16573 33.7438
vt 3.37848 33.1367
vt 4.50432 33.4685
vt 3.70143 33.5015
vt 3.71453 32.8647
vt 7.86367 32.5628
vt 7.88253 33.1994
vt 7.14561 32.6573
vt 8.19056 32.9067
vt 7.47951 32.9044
vt 7.45178 32.3671
vt 8.1899 33.0398
vt 8.04392 34.8384
vt 7.47885 33.0374
vt 10.5793 31.8088
vt 11.1328 31.8632
vt 11.1794 32.3991
vt 11.1694 31.4776
vt 10.6159 31.4232
vt 11.1769 31.0585
vt 11.2407 30.4011
vt 11.2603 30.0029
vt 11.7889 30.0174
vt 11.7969 31.3044
vt 11.2683 31.2907
vt 11.5813 31.0379
vt 11.2059 29.9268
vt 11.121 29.7068
vt 11.5121 29.6657
vt 6.39365 32.1983
vt 6.04061 32.1852
vt 6.29596 31.9837
vt 4.35437 30.149
vt 4.24254 29.9445
vt 4.6102 29.9481
vt -3.5583 32.9733
vt -4.03067 32.908
vt -3.6548 32.7611
vt -5.53144 30.0655
vt -5.43145 29.8934
vt -5.15356 29.9238
vt -9.80836 27.0869
vt -10.0851 26.8634
vt -9.73187 26.9031
vt 11.2942 25.8057
vt 11.0312 26.0453
vt 10.9786 25.4687
vt -3.03083 32.4621
vt -3.85394 32.2381
vt -3.31104 31.9555
vt -1.14644 32.3983
vt -1.00021 32.0815
vt -0.629376 32.0709
vt -10.6046 29.0683
vt -10.8161 29.3458
vt -11.2109 28.8275
vt -11.0943 30.5526
vt -11.7013 30.3135
vt -11.0072 30.1567
vt -11.5568 28.784
vt -11.36 28.3795
vt -10.8658 28.6141
vt -4.82393 31.8566
vt -5.03145 32.2557
vt -5.41392 32.2428
vt -5.67299 31.2499
vt -5.53783 31.8077
vt -6.13689 32.1797
vt -6.22039 31.1532
vt -5.90846 31.2801
vt -6.0947 31.7132
vt -6.18631 30.2063
vt -6.54634 30.7607
vt -6.85493 30.626
vt -10.5806 28.098
vt -11.0521 27.7948
vt -10.6952 27.2383
vt -10.9662 29.5787
vt -10.7952 29.1393
vt -10.3146 29.4277
vt -10.5691 30.3255
vt -11.0703 30.1065
vt -10.4175 29.9609
vt -0.780105 32.1469
vt -0.801151 31.7526
vt -0.486688 31.7337
vt -0.423806 31.3536
vt -0.738217 31.3733
vt -0.562684 30.5643
vt 1.19872 31.1904
vt 1.00734 30.4777
vt 1.29886 30.3687
vt -9.81817 28.1723
vt -10.1268 28.8426
vt -10.2883 27.9905
vt -10.3785 27.3435
vt -10.193 26.9039
vt -9.91038 27.5304
vt -7.30074 30.0541
vt -6.80553 30.0061
vt -7.06986 30.4033
vt -7.12146 29.6902
vt -6.84231 29.4068
vt -6.62662 29.6385
vt 1.47532 26.9804
vt 1.37573 27.3656
vt 1.19513 26.856
vt 6.12256 28.4777
vt 5.76069 28.5386
vt 5.79118 28.0506
vt 6.01543 29.0595
vt 6.08978 29.9264
vt 5.65316 29.1179
vt -7.49346 30.0165
vt -7.26471 30.3671
vt -7.95141 30.7564
vt 4.14989 29.835
vt 3.73447 29.8694
vt 3.8067 28.9826
vt 3.54865 31.2405
vt 3.96438 31.2101
vt 3.50372 31.6484
vt 4.17279 31.242
vt 4.61996 30.79
vt 4.56384 31.8277
vt 4.07148 31.9427
vt 4.10928 31.2335
vt 4.49853 31.8203
vt 11.2694 29.196
vt 11.603 28.9467
vt 11.9426 29.5704
vt 11.25 30.1348
vt 11.1203 29.7315
vt 11.5881 29.8918
vt 7.53946 30.8995
vt 7.78989 30.7503
vt 7.90588 31.1578
vt 7.8643 30.929
vt 7.47084 30.2308
vt 8.11343 30.7777
vt 8.76446 29.3606
vt 8.94096 29.1504
vt 9.4204 29.8914
vt 8.8132 29.3969
vt 8.5066 28.9768
vt 8.98968 29.1866
vt 0.917234 30.1552
vt 1.1065 30.6397
vt 0.813964 30.7459
vt 0.887977 29.8503
vt 1.24754 30.1121
vt 1.15378 30.7044
vt 0.152985 29.3218
vt 0.326585 29.2844
vt 0.502099 29.5974
vt -0.302074 30.3507
vt -0.47666 30.3831
vt -0.408072 29.962
vt -2.5356 30.2593
vt -2.62462 29.8614
vt -2.44062 29.8433
vt -8.78006 28.6022
vt -9.14823 28.436
vt -8.7613 28.1949
vt -9.59658 26.5161
vt -9.23586 26.6979
vt -9.85768 26.9211
vt -9.96384 27.4479
vt -9.33932 27.2323
vt -9.66341 28.0661
vt -6.79268 28.8281
vt -7.06995 29.2222
vt -7.27992 28.9853
vt -7.37422 29.151
vt -7.16898 29.3513
vt -7.65928 29.4987
vt -6.95667 29.4779
vt -7.16375 29.2795
vt -7.0098 29.0274
vt 2.3363 28.9456
vt 2.094 28.8469
vt 2.35625 28.6509
vt 1.44287 28.4159
vt 1.55513 27.9842
vt 1.79406 28.0908
vt 9.72175 25.0963
vt 9.92733 24.9181
vt 10.1325 25.3141
vt 9.69762 26.0772
vt 9.48583 26.2481
vt 9.63861 25.862
vt 10.2641 22.3237
vt 10.0493 21.8677
vt 10.3144 21.9116
vt 7.15691 26.3136
vt 7.18789 26.0655
vt 7.52866 26.4369
vt -2.90089 25.7282
vt -3.08493 25.7459
vt -2.92964 25.4798
vt -3.976 25.0043
vt -4.13542 24.7988
vt -3.82646 24.7349
vt -9.34455 28.6013
vt -9.11057 28.1572
vt -8.95452 28.3653
vt -8.1164 28.4903
vt -8.33706 28.9412
vt -8.36103 28.4882
vt -8.33388 11.4036
vt -8.57832 11.3939
vt -8.40958 11.0973
vt -5.44323 13.6529
vt -5.5886 13.5122
vt -5.4077 13.3135
vt 1.1612 29.6404
vt 1.23254 29.429
vt 1.43278 29.4576
vt 6.72094 28.9677
vt 6.55739 28.5994
vt 6.92988 28.7205
vt 7.36991 29.2604
vt 7.57687 29.0116
vt 7.80506 29.3374
vt 10.1129 26.691
vt 9.95385 26.3264
vt 10.3732 26.5271
vt 10.2258 25.7428
vt 10.4824 25.5732
vt 10.6748 26.0227
vt 10.5918 27.022
vt 10.3559 26.5897
vt 10.8136 26.8551
vt 8.35404 29.2534
vt 8.53847 29.0721
vt 8.83685 29.4639
vt 7.78775 28.7881
vt 7.53747 28.531
vt 7.97273 28.6073
vt 10.5987 26.9522
vt 10.8202 26.7849
vt 11.2704 27.5523
vt 11.0674 28.1915
vt 10.689 27.3942
vt 11.3764 27.9763
vt 11.02 28.7058
vt 11.3313 28.494
vt 11.4847 28.8746
vt 2.1004 28.178
vt 1.81524 28.0655
vt 2.15865 27.7322
vt 7.87213 31.1513
vt 7.72702 30.769
vt 8.09441 31.026
vt -1.7323 32.2583
vt -2.08649 32.2503
vt -1.7737 31.8516
vt -2.01997 32.5755
vt -2.05959 32.1721
vt -1.7054 32.1798
vt -0.701367 32.6982
vt -1.07223 32.7078
vt -0.767784 32.3043
vt 7.82898 31.3763
vt 7.68862 31.0023
vt 7.91126 30.8776
vt 9.6516 31.2863
vt 9.43212 31.2612
vt 9.50103 30.7606
vt 9.88212 28.945
vt 10.0144 29.2187
vt 9.66267 28.9197
vt 11.1008 28.5904
vt 10.9858 28.309
vt 11.4964 28.1432
vt 11.2581 30.768
vt 11.0918 30.247
vt 11.7712 30.6101
vt 11.3896 27.3861
vt 10.7874 27.292
vt 11.1697 26.8334
vt -8.94854 21.4185
vt -9.53084 21.5984
vt -9.4956 21.2337
vt 6.45071 32.6998
vt 5.82491 32.9243
vt 6.13704 32.5105
vt 6.08501 32.7383
vt 6.17626 33.2925
vt 5.45681 32.9561
vt 4.73637 33.342
vt 3.87654 33.6321
vt 3.81681 33.0737
vt 3.97642 33.2343
vt 3.06379 32.9433
vt 3.96653 32.744
vt 3.62548 33.0584
vt 2.72039 33.2467
vt 2.94868 32.6974
vt 3.70382 32.522
vt 3.95348 32.9863
vt 3.27334 32.6316
vt 2.61871 33.585
vt 1.68346 33.5009
vt 1.71695 33.0117
vt 3.07359 33.2835
vt 2.9807 33.6729
vt 2.07152 33.1114
vt 4.14333 29.7081
vt 3.13869 29.5518
vt 3.64177 29.1153
vt 11.7762 25.5197
vt 11.4462 26.0983
vt 11.2452 25.4972
vt 11.6789 29.2618
vt 11.8394 29.8985
vt 11.3082 29.8805
vt -1.00742 32.9504
vt -1.38775 32.8328
vt -1.20213 32.2029
vt -0.56397 32.5215
vt -0.456398 33.0108
vt -0.945399 32.4075
vt 0.0163164 32.9126
vt -0.197386 32.1704
vt 0.260112 31.6229
vt -7.40552 31.6458
vt -6.97978 30.4042
vt -6.86992 31.1255
vt -6.15589 30.391
vt -5.82462 30.5246
vt -6.03861 31.1111
vt -5.80612 29.6167
vt -6.17697 30.9412
vt -6.5075 30.8057
vt -6.60811 29.4218
vt -6.37102 29.4958
vt -6.99985 30.7402
vt -11.3506 26.9032
vt -11.2015 27.4959
vt -11.9012 28.1841
vt -11.358 27.0808
vt -10.9318 27.0413
vt -11.2032 27.672
vt -10.9318 26.4533
vt -11.3579 26.4937
vt -11.1242 26.0616
vt -10.5461 27.6412
vt -10.63 28.0375
vt -10.8489 27.6599
vt -3.48722 30.0404
vt -3.52187 29.6368
vt -3.22727 29.6541
vt -2.96813 26.2315
vt -3.26278 26.2148
vt -3.07765 25.9164
vt -4.48625 25.2316
vt -4.49396 24.9754
vt -4.30731 24.9295
vt -10.5943 27.4881
vt -10.8971 27.5063
vt -10.6412 27.2361
vt -11.0162 27.2752
vt -10.9435 26.9264
vt -10.7624 27.0029
vt -7.72104 28.632
vt -7.71918 28.9883
vt -7.79663 28.7
vt 1.00199 26.9833
vt 0.966071 27.0785
vt 0.760049 27.0056
vt 0.695439 27.5932
vt 0.915911 27.7035
vt 0.673848 27.7244
vt -8.49582 11.0183
vt -8.64623 10.8916
vt -8.44052 10.7557
vt -6.63386 10.6999
vt -6.81233 10.7712
vt -6.7125 10.5222
vt 7.76912 16.3559
vt 7.8979 16.2104
vt 8.05189 16.5855
vt 9.10165 26.0268
vt 9.29736 25.6717
vt 9.35703 25.7905
vt 5.37459 23.2862
vt 5.32898 22.9558
vt 5.64174 23.1425
vt 6.68591 27.2551
vt 6.51108 26.9427
vt 6.78204 26.8062
vt -2.23926 30.1005
vt -2.62344 30.1618
vt -2.37388 29.7688
vt -2.06359 29.9969
vt -1.89876 30.5286
vt -2.44737 30.0607
vt -2.11777 30.4478
vt -2.55206 30.6527
vt -2.66216 29.9749
vt -2.83479 30.5639
vt -2.57817 32.0386
vt -3.2743 30.7573
vt -2.62462 32.0363
vt -3.01239 32.1602
vt -3.31899 30.754
vt -11.9005 28.1132
vt -11.2038 27.4219
vt -11.5598 28.8164
vt -12.0113 29.2488
vt -11.8589 28.6434
vt -11.5033 29.3393
vt -7.27288 30.8231
vt -7.41087 31.2761
vt -7.81086 31.341
vt 7.6401 31.0768
vt 6.92195 31.1706
vt 6.91553 30.7515
vt 8.05 31.5953
vt 7.89234 31.2909
vt 8.31999 31.1529
vt 8.29416 31.2265
vt 7.86631 31.3639
vt 7.83913 30.9042
vt 11.3178 29.273
vt 11.5125 29.6903
vt 11.1214 29.7314
vt 11.1466 30.1241
vt 11.4333 29.9937
vt 11.2245 30.4465
vt 11.1433 29.9294
vt 11.1936 29.4907
vt 11.4297 29.7983
vt 11.1051 29.7413
vt 10.9006 29.479
vt 11.1497 29.302
vt 6.31684 31.7492
vt 5.88065 31.6957
vt 6.14081 31.467
vt 6.28433 31.6263
vt 5.95017 31.7769
vt 5.84823 31.5721
vt 4.83482 32.3998
vt 4.76945 32.2186
vt 5.10936 32.0814
vt -6.2061 32.1093
vt -5.95921 32.0906
vt -5.95422 32.2832
vt -6.061 31.1143
vt -6.05844 30.8652
vt -5.81425 31.0938
vt -11.0476 29.0661
vt -11.1599 29.2885
vt -11.3118 28.9649
vt -11.141 29.6179
vt -11.4481 29.4954
vt -11.2972 29.2963
vt -11.4505 30.3566
vt -11.4185 30.2382
vt -11.1103 30.3578
vt -6.58579 31.6111
vt -6.26523 31.8102
vt -6.30376 31.9266
vt -8.10314 31.4788
vt -7.64824 31.4873
vt -7.79168 31.6918
vt -8.09492 31.6336
vt -7.9307 31.382
vt -7.64002 31.6419
vt 7.02012 30.1279
vt 6.67216 30.1699
vt 6.96261 29.833
vt 7.02886 30.0563
vt 7.11196 30.4523
vt 6.68093 30.0986
vt -8.76677 31.8576
vt -8.53894 31.5232
vt -8.2733 31.8526
vt -8.21017 26.3259
vt -8.1427 26.4702
vt -8.70361 26.3331
vt -9.74031 18.2526
vt -9.64855 18.1224
vt -9.38849 18.3036
vt -11.1616 31.0361
vt -11.4499 30.9042
vt -11.1097 30.9054
vt -5.92067 32.4301
vt -5.89691 32.2914
vt -5.64298 32.4623
vt 6.96854 29.7952
vt 6.88585 29.4164
vt 7.25238 29.4527
vt 6.7669 25.2596
vt 6.87475 25.7341
vt 6.50947 25.6868
vt -8.39 30.9731
vt -8.67131 30.703
vt -8.30287 30.3853
vt -6.7407 31.0103
vt -7.07099 31.4095
vt -7.02424 30.8172
vt -11.0481 28.4254
vt -11.3115 28.3222
vt -10.9682 27.9341
vt -10.6346 27.8717
vt -10.9239 28.1589
vt -10.8188 27.6723
vt -7.02548 26.4098
vt -6.76499 26.4764
vt -7.08947 26.8124
vt -6.9353 26.9634
vt -6.59476 26.6328
vt -6.67428 27.0279
vt -7.43674 27.3999
vt -7.32935 27.0123
vt -7.08193 27.0847
vt -10.7388 28.9015
vt -10.9279 28.7068
vt -10.4628 28.609
vt -10.8986 29.6156
vt -10.5869 29.3041
vt -10.4329 29.5205
vt -6.38242 29.9782
vt -6.6356 30.3388
vt -6.57565 29.8113
vt -7.37002 30.1084
vt -7.6465 29.9053
vt -7.28627 29.5842
vt 7.77066 24.3499
vt 7.92912 23.8597
vt 8.09818 24.3117
vt 6.85757 25.496
vt 6.73497 25.0801
vt 7.05917 25.0219
vt 10.8219 28.5484
vt 10.6732 28.7555
vt 10.4852 28.2752
vt 10.7863 27.9499
vt 10.5321 27.7253
vt 10.6742 27.5137
vt 6.41595 31.1864
vt 6.42983 30.711
vt 6.66986 30.9507
vt 5.91534 31.3644
vt 5.66852 31.0981
vt 5.94185 30.8895
vt -6.39458 26.2213
vt -6.42465 26.5831
vt -6.70768 26.5679
vt -6.56275 30.2123
vt -6.27956 30.2243
vt -6.32576 30.4483
vt 6.22898 30.5286
vt 5.95902 30.7414
vt 5.70917 30.4253
vt 6.00947 29.6678
vt 5.49113 29.5574
vt 5.68485 29.2888
vt 5.90773 29.0351
vt 5.71822 29.3068
vt 5.46387 29.0282
vt -7.55698 24.3632
vt -7.80066 24.2791
vt -7.43467 24.0064
vt -8.10552 24.7493
vt -7.95253 24.3663
vt -7.73042 24.4893
vt -10.2682 28.839
vt -10.4182 28.6198
vt -9.94545 28.5822
vt -10.4246 28.3037
vt -9.98351 28.0324
vt -9.95184 28.2657
vt -6.98099 28.5108
vt -7.38663 28.8327
vt -7.14387 28.3555
vt -7.12602 28.824
vt -7.31059 28.6476
vt -6.89265 28.3422
vt 5.18046 21.9232
vt 5.22495 22.4389
vt 4.89291 21.9776
vt 7.24758 23.4599
vt 6.92454 23.5242
vt 6.83077 23.0735
vt 9.86189 26.9963
vt 9.94411 26.7942
vt 10.3133 27.0692
vt 9.56924 26.079
vt 9.21038 25.7895
vt 9.64323 25.8739
vt 4.63903 30.1049
vt 4.7453 29.9225
vt 5.09095 30.2277
vt -5.28287 26.0197
vt -4.96816 25.989
vt -5.09912 26.1545
vt -5.46182 22.4119
vt -5.45774 22.2515
vt -5.14737 22.3787
vt -9.83941 29.0785
vt -10.1317 29.2311
vt -9.90481 28.932
vt -10.2508 29.5088
vt -9.95696 29.3594
vt -9.90163 29.5195
vt -5.69414 27.384
vt -5.74191 27.2214
vt -5.55637 27.3538
vt -3.59579 28.1754
vt -3.46052 28.1355
vt -3.42821 28.5739
vt 4.97615 30.6718
vt 4.73128 30.3067
vt 5.18382 30.4272
vt 5.68416 29.9877
vt 5.92731 30.2443
vt 5.48344 30.238
vt 10.1047 27.9002
vt 9.83952 27.6663
vt 10.2911 27.7378
vt 10.5745 28.8151
vt 10.1885 28.4988
vt 10.3768 28.3387
vt -7.73871 25.2844
vt -7.53447 24.9702
vt -7.51366 25.402
vt -10.2058 29.2175
vt -10.2516 28.9865
vt -9.90244 28.9974
vt -6.78798 28.8494
vt -6.9531 28.6964
vt -6.65784 28.4972
vt 3.53138 21.9584
vt 3.49339 22.3125
vt 3.24104 21.9101
vt 5.03257 22.9535
vt 4.74426 23.0038
vt 4.72529 22.5913
vt 8.96215 29.2623
vt 9.0426 29.1267
vt 9.39625 29.3399
vt -5.24677 21.0569
vt -4.95358 21.0309
vt -4.93795 21.1878
vt 10.9997 27.7553
vt 10.7554 27.939
vt 10.641 27.5034
vt 7.98489 23.6475
vt 7.85279 23.2295
vt 8.17996 23.1885
vt 4.5869 32.1936
vt 4.21924 32.19
vt 4.49694 31.8744
vt -0.156581 29.4983
vt -0.115306 29.8392
vt -0.532284 29.55
vt -0.123258 29.7507
vt -0.0415404 30.3595
vt -0.417249 30.4111
vt 7.31189 29.3814
vt 7.05629 29.4457
vt 6.98179 28.8359
vt 9.72703 27.0204
vt 9.80766 27.6145
vt 9.50037 27.0559
vt 11.9647 29.7686
vt 12.014 29.171
vt 12.4568 29.6601
vt 10.6047 28.8982
vt 11.0364 28.9258
vt 10.9875 29.4355
vt 11.0911 29.7333
vt 10.6592 29.7072
vt 10.995 29.1905
vt 11.5649 28.2461
vt 11.5024 27.7277
vt 11.8636 27.7071
vt 9.80876 27.9326
vt 9.58202 27.9677
vt 9.58282 27.4619
vt 9.39921 27.9318
vt 9.17265 27.4289
vt 9.39808 27.4261
vt 1.1599 30.7944
vt 1.37653 31.3017
vt 0.836292 31.2997
vt 0.841911 30.3254
vt 1.38215 30.3274
vt 1.09234 30.9897
vt -11.3853 28.9284
vt -11.3698 29.6381
vt -11.854 29.0326
vt -11.4045 29.0458
vt -11.8734 29.1493
vt -11.7352 28.597
vt -7.92046 29.9067
vt -8.14679 30.4291
vt -8.33641 29.8826
vt -7.66666 30.3529
vt -8.05966 30.3319
vt -7.85898 29.8073
vt 2.04551 31.9493
vt 2.45535 31.485
vt 2.36263 32.039
vt 2.52354 31.9641
vt 2.60718 31.4193
vt 2.92715 31.4944
vt 1.83987 30.5099
vt 1.52353 30.4207
vt 1.98104 29.8332
vt 0.975983 30.6709
vt 1.14826 30.0026
vt 1.44907 30.0958
vt 11.8812 26.9783
vt 11.5201 26.9997
vt 11.5785 26.3581
vt 10.1352 28.7187
vt 10.0608 28.1
vt 10.2747 28.0897
vt 9.41026 28.7507
vt 9.18483 28.7535
vt 9.10963 28.2048
vt 9.31784 28.738
vt 8.94713 28.2807
vt 9.24293 28.1893
vt 2.05135 30.6748
vt 2.34523 31.1848
vt 1.85939 31.2714
vt 1.38864 31.0469
vt 1.87561 30.9671
vt 1.55875 31.4767
vt -11.6297 27.7355
vt -11.713 28.1901
vt -12.0284 27.7304
vt -11.6256 28.5912
vt -12.0243 28.5863
vt -11.8106 28.0187
vt -5.80891 30.3315
vt -6.02787 30.8971
vt -6.06309 30.3188
vt -8.02213 30.5142
vt -8.43802 30.4891
vt -8.02503 29.9347
vt -5.88196 30.354
vt -6.13611 30.3407
vt -6.01685 30.0192
vt 1.9043 30.6626
vt 1.6016 30.5757
vt 1.91594 30.3199
vt 1.75628 30.5057
vt 1.8554 30.2059
vt 2.06891 30.2479
vt 10.3163 27.0085
vt 10.1024 27.0195
vt 10.2602 26.6978
vt 9.18969 28.2662
vt 9.27003 27.7913
vt 9.3699 27.9565
vt 9.40109 24.23
vt 9.61998 24.659
vt 9.29753 24.395
vt 8.82928 26.2749
vt 8.53405 26.3681
vt 8.49972 26.0199
vt -0.300058 27.417
vt -0.22575 27.7589
vt -0.56197 27.4986
vt -1.39509 29.2542
vt -1.72484 29.322
vt -1.73121 28.9937
vt -0.925545 30.8984
vt -0.596889 30.8255
vt -0.843567 31.4016
vt -11.4019 28.233
vt -11.5537 28.7197
vt -11.7429 28.1485
vt -11.1985 28.3985
vt -11.216 28.7264
vt -11.5578 28.6452
vt -11.6746 27.4837
vt -11.5723 27.6455
vt -11.9298 27.8948
vt -2.44628 17.3831
vt -2.70283 17.4803
vt -2.71966 17.2897
vt -2.13409 15.5283
vt -2.13397 15.7232
vt -2.40587 15.6255
vt -3.26854 28.535
vt -2.99933 28.6391
vt -3.30948 28.7237
vt -0.496528 23.5353
vt -0.584181 23.7487
vt -0.787677 23.6717
vt -9.30435 28.0531
vt -9.43028 28.5203
vt -9.50486 28.1672
vt 2.24166 31.7885
vt 2.55922 31.8768
vt 2.43187 32.3712
vt 2.59645 32.1676
vt 2.80706 31.701
vt 3.00455 32.2812
vt 10.3923 26.8518
vt 11.1605 28.2238
vt 10.7959 28.9137
vt 5.41707 34.6348
vt 2.18162 41.8341
vt 4.81673 34.4603
vt -2.80965 34.6355
vt -2.45971 34.9695
vt -3.1018 34.9052
vt -0.0317144 33.1439
vt -0.388422 32.8171
vt -0.175537 32.5222
vt 10.4654 30.2714
vt 10.9156 30.1557
vt 10.8247 30.5079
vt 10.8505 26.0557
vt 11.1706 25.4483
vt 11.2942 25.9173
vt 8.139 15.345
vt 8.40738 15.9769
vt 7.88008 15.6698
vt 10.1154 22.1111
vt 9.8026 22.3843
vt 9.6356 21.9447
vt 1.63008 31.0048
vt 1.1432 31.0983
vt 1.32043 30.6509
vt 1.33163 30.158
vt 0.959545 29.7538
vt 1.44619 29.6591
vt -8.7433 31.4258
vt -9.2915 31.4695
vt -9.01292 30.9471
vt -9.07175 32.2584
vt -9.32 31.94
vt -8.7717 31.8974
vt -6.35975 18.6654
vt -6.55035 19.0213
vt -6.71209 18.4792
vt -7.63445 20.4075
vt -8.08561 20.3243
vt -7.83577 19.8788
vt 1.35697 32.5516
vt 0.982928 32.8994
vt 0.840023 32.2775
vt 1.0257 32.3484
vt 1.11975 33.0094
vt 0.602756 32.7354
vt 1.40202 32.2956
vt 1.7548 32.5429
vt 1.49623 32.9566
vt 0.956432 32.8775
vt 1.10493 32.6799
vt 1.30892 33.1252
vt 11.2053 28.5008
vt 11.4325 28.4569
vt 11.3811 28.6987
vt 11.3376 26.0093
vt 11.5027 25.5258
vt 11.5638 25.9605
vt 10.1743 18.8764
vt 9.75009 18.9969
vt 10.0334 18.3852
vt 10.2759 20.1461
vt 10.3264 20.4387
vt 9.8504 20.2618
vt 11.0134 28.6944
vt 11.1321 28.4222
vt 11.3059 28.6219
vt 11.2473 25.3665
vt 11.5369 25.283
vt 11.3776 25.8337
vt 9.11728 17.5678
vt 8.94283 17.0759
vt 9.35863 16.9384
vt 0.449581 28.1887
vt -0.0275552 28.3381
vt 0.0687392 27.8318
vt 0.739344 30.8832
vt 0.436381 30.5808
vt 0.914659 30.4351
vt -9.52376 29.3075
vt -10.0269 29.3957
vt -9.70824 28.9212
vt -10.0044 31.531
vt -10.2014 31.1052
vt -9.69683 31.0251
vt -7.32271 23.5339
vt -7.68532 23.3685
vt -7.12346 23.1091
vt -6.98646 26.5571
vt -6.79356 26.1089
vt -6.41641 26.3162
vt -6.77549 27.7087
vt -7.15528 27.5063
vt -6.64755 27.381
vt -7.27586 26.5886
vt -7.12115 26.2959
vt -6.76867 26.4611
vt 0.700808 32.8337
vt 1.09145 33.0066
vt 0.903819 33.2794
vt 1.3297 32.5409
vt 0.938885 32.3684
vt 1.21764 32.0687
vt 11.7801 24.9837
vt 11.9394 25.0097
vt 11.8707 25.4132
vt 11.3519 15.4169
vt 11.2495 15.7668
vt 11.0971 15.7138
vt 0.356792 33.8633
vt 0.696509 33.7308
vt 0.694079 34.0786
vt -0.0128851 33.734
vt 0.257566 33.8304
vt -0.0210339 34.0818
vt -11.5426 13.8506
vt -11.3579 13.823
vt -11.4862 14.1321
vt 11.9262 9.18126
vt 12.1105 9.21196
vt 11.9714 9.57764
vt 7.85028 7.65696
vt 7.45911 7.85383
vt 7.5306 7.41829
vt 5.86637 6.63336
vt 5.72018 6.3443
vt 5.87318 6.19204
vt -1.88653 19.0992
vt -2.14956 19.3255
vt -2.16078 18.9268
vt 1.72973 28.9577
vt 1.5531 28.6435
vt 1.84458 28.4553
vt -11.0938 29.6854
vt -11.5449 29.7523
vt -11.1816 29.3358
vt -11.5053 30.502
vt -11.5614 30.1547
vt -11.1101 30.0889
vt -11.6932 30.0231
vt -11.7563 29.629
vt -11.3189 29.6163
vt -8.63842 26.0529
vt -8.74101 26.4385
vt -8.98483 25.9816
vt -5.9145 22.6172
vt -6.26055 22.4389
vt -6.09237 22.1308
vt 2.80592 31.9885
vt 2.57611 32.2539
vt 2.46325 31.7818
vt -8.35275 22.779
vt -8.69799 22.7023
vt -8.45208 22.4188
vt -7.65889 21.8467
vt -7.76822 22.1412
vt -7.85479 21.7777
vt -11.9205 26.125
vt -11.9788 25.8164
vt -11.7048 25.8173
vt -11.7062 8.71454
vt -11.6993 9.00427
vt -11.9733 9.00165
vt -1.55874 19.2538
vt -1.827 18.9623
vt -1.55781 18.8549
vt -11.2994 25.8306
vt -11.7367 25.8455
vt -11.5469 25.5213
vt -10.7019 10.3918
vt -11.0469 10.5781
vt -10.8478 10.2328
vt -11.9106 12.3161
vt -11.9834 12.708
vt -12.1342 12.5651
vt -9.25918 32.9751
vt -10.026 32.7106
vt -9.70235 32.3706
vt -9.41895 34.1223
vt -9.81624 33.4855
vt -9.04611 33.7402
vt -5.99175 48.2902
vt -7.77345 48.0567
vt -5.8887 44.0254
vt -7.93327 50.1302
vt -6.15107 50.3598
vt -7.33067 54.2671
vt -6.69019 50.2001
vt -6.19523 53.7542
vt -7.8712 54.107
vt -8.01794 53.813
vt -8.46717 50.2528
vt -7.02036 53.4612
vt -8.54431 49.4203
vt -7.68585 48.9534
vt -7.19032 52.6689
vt -8.3283 50.1643
vt -8.94843 45.9436
vt -7.46791 49.701
vt -5.91544 53.6077
vt -6.68394 49.9389
vt -4.92013 53.4827
vt -4.86159 53.2821
vt -4.34422 54.2576
vt -5.8567 53.4087
vt -1.84567 53.5444
vt -2.80796 54.2775
vt -3.35038 53.3157
vt -2.91862 44.8025
vt -5.00799 44.5027
vt -4.15617 43.6437
vt -2.60579 43.3612
vt -2.87287 44.3977
vt -4.10216 43.2301
vt -4.15896 47.5101
vt -3.72248 46.6403
vt -2.66175 47.6312
vt -2.47149 51.6978
vt -1.14819 51.7909
vt -1.69875 52.5934
vt -2.53608 51.8131
vt -1.76221 52.7077
vt -3.26673 52.4777
vt -3.69585 53.6854
vt -4.86041 54.8661
vt -5.21328 52.8453
vt -8.0395 53.832
vt -7.04172 53.4807
vt -6.65106 55.4945
vt -5.57183 50.297
vt -6.16152 47.7706
vt -4.95066 49.5666
vt -8.26794 48.8397
vt -6.59751 48.4615
vt -5.9283 50.968
vt -7.04701 49.0862
vt -7.77327 46.0285
vt -5.51917 48.2472
vt -7.99572 36.5134
vt -6.67084 35.3807
vt -6.33046 37.9412
vt -4.31057 21.4761
vt -5.65684 22.188
vt -4.81932 19.3424
vt -5.52706 23.5404
vt -4.16136 22.8666
vt -3.67844 24.5923
vt -4.89576 45.789
vt -6.3524 44.7452
vt -3.61097 44.3803
vt -4.28055 21.618
vt -5.12941 19.688
vt -3.37115 20.8848
vt -2.81173 25.5889
vt -2.34551 27.0324
vt -3.80878 26.1976
vt -2.90625 42.1397
vt -3.65904 42.5543
vt -4.49386 41.5761
vt -2.63763 48.7355
vt -2.08809 49.5951
vt -3.41746 49.0967
vt -2.05904 57.622
vt -2.78129 58.2745
vt -3.4782 57.5293
vt -2.62388 59.8386
vt -1.88769 59.2018
vt -1.38569 60.1789
vt -2.16995 59.4068
vt -1.31181 59.0171
vt -1.66616 60.3829
vt -1.37066 58.6201
vt -2.22798 59.0116
vt -1.81836 57.7948
vt -1.51076 59.0303
vt -1.9666 58.2094
vt -1.14237 57.9134
vt -1.15783 56.9704
vt -1.98035 57.2711
vt -1.28037 56.2342
vt -0.0313028 57.2886
vt -1.14667 57.5369
vt -1.30373 56.8073
vt -0.67557 57.1535
vt -1.16023 56.2954
vt -0.0460402 56.0418
vt -0.615584 58.7387
vt -1.507 59.0209
vt -1.13927 57.9039
vt -1.4916 58.0838
vt -0.601726 57.7967
vt -1.00596 59.0708
vt -0.599044 57.7695
vt -0.229905 58.702
vt -1.00125 59.0442
vt -0.434376 56.3257
vt -0.680492 55.3534
vt 0.0441439 56.2341
vt -0.674219 57.0378
vt -0.0487998 55.9238
vt 0.0806051 57.8928
vt 0.673857 57.0193
vt -0.0759694 57.8762
vt 0.0441894 55.9066
vt 0.68009 55.3635
vt 0.434063 56.3369
vt -0.0397468 56.2457
vt 1.0012 59.0446
vt 0.229863 58.702
vt 0.598695 57.7683
vt 0.721067 42.5048
vt -0.0192924 42.8752
vt 0.028441 42.0225
vt 0.508968 52.0042
vt -0.17604 51.5944
vt 0.593397 51.2889
vt 0.0640907 39.7842
vt -1.5376 39.5501
vt -0.520531 39.2407
vt 0.0816917 42.2947
vt -0.508181 42.8479
vt -1.52206 42.0752
vt -0.139889 50.7437
vt -0.864746 49.873
vt -0.206587 49.4032
vt -0.304574 57.348
vt 0.543882 58.0988
vt -0.452766 58.6868
vt -0.674274 61.2138
vt 0.3384 60.6539
vt 0.612348 61.3786
vt -0.273701 59.3811
vt 0.824033 59.7363
vt -0.053538 60.1239
vt -0.321352 58.2268
vt 0.407345 57.8602
vt 0.773785 58.59
vt 0.746689 50.4998
vt 0.0500956 50.9243
vt -0.0841035 49.5888
vt 1.35912 58.8096
vt 0.396633 58.039
vt 1.33186 57.8172
vt 1.41928 51.8011
vt 0.490913 52.05
vt 0.580366 51.3353
vt 1.69454 60.4009
vt 0.819902 60.0062
vt 1.33687 59.0353
vt 1.49068 58.0836
vt 1.00588 59.071
vt 0.601358 57.7953
vt 0.615215 58.7356
vt 1.13878 57.9015
vt 1.50609 59.019
vt 1.1595 56.2807
vt 0.675223 57.1381
vt 0.0413716 56.0278
vt 1.14609 57.5589
vt 0.0267504 57.3114
vt 1.30346 56.8279
vt 1.15725 57.003
vt 1.28079 56.2655
vt 1.97803 57.3023
vt 1.1421 57.9119
vt 1.96451 58.2066
vt 1.51013 59.0291
vt 1.37008 58.6257
vt 1.81644 57.7989
vt 2.22792 59.0176
vt 1.83375 57.7472
vt 2.90755 58.154
vt 2.24205 58.9669
vt 2.05358 56.6516
vt 2.68115 55.809
vt 3.47168 56.5566
vt 3.64459 50.5091
vt 2.9551 49.6674
vt 4.87529 49.6665
vt 2.95511 50.9564
vt 3.44003 49.6917
vt 4.8753 50.9555
vt 2.80915 26.1763
vt 3.80902 26.7755
vt 2.34938 27.5952
vt 4.32514 21.627
vt 3.42235 20.8896
vt 5.19974 19.7389
vt -4.6185 35.3497
vt -2.32511 34.2129
vt -2.88572 36.5017
vt -0.942553 36.3076
vt -0.592134 38.0627
vt -1.86425 38.4763
vt -4.99138 48.6249
vt -3.30894 48.2622
vt -3.89684 50.0411
vt -3.7994 51.7818
vt -3.0225 55.2964
vt -4.71265 55.6213
vt -1.11554 51.4592
vt -2.57477 54.9253
vt -3.28414 51.3964
vt -0.655756 51.9958
vt -0.562708 55.4224
vt -2.16974 55.4384
vt -2.17662 52.9766
vt -0.569586 52.9601
vt -2.03251 54.2714
vt -0.22162 54.4919
vt -0.307413 55.845
vt -1.70883 55.7755
vt 0.35383 56.0385
vt 0.482379 54.6888
vt 1.71995 55.9692
vt 0.328599 53.9967
vt 1.69461 53.9254
vt 1.13093 55.5759
vt 0.477416 53.0535
vt -0.467864 53.1137
vt -0.135167 51.4017
vt -0.400099 58.6004
vt -0.417335 57.3205
vt 0.528167 57.2638
vt 0.290059 58.6179
vt -0.495419 58.5544
vt 0.323958 57.3383
vt -0.543135 60.5511
vt 0.242461 60.6131
vt 0.241874 61.7548
vt -1.32208 61.8296
vt -1.35894 60.6885
vt -0.696196 61.7601
vt -1.58192 60.962
vt -0.628197 61.064
vt -0.915486 62.0313
vt -0.480277 55.1273
vt -1.43306 55.0169
vt -0.619235 53.6077
vt -0.952704 56.3587
vt -1.54604 56.3087
vt -1.85208 54.8137
vt -1.63309 61.0773
vt -1.03951 61.1242
vt -1.30528 62.1978
vt -2.17434 61.7247
vt -1.93085 60.6458
vt -1.08041 61.0307
vt -1.07246 58.9981
vt -1.58882 59.7287
vt -2.4321 59.3284
vt -1.14532 61.8452
vt -2.14906 61.4607
vt -1.59707 60.7567
vt -2.37893 62.5618
vt -2.03617 61.6586
vt -1.03127 62.0401
vt -0.817277 62.0332
vt -1.61119 61.8162
vt -0.52308 61.113
vt -1.69349 60.7169
vt -0.900949 60.9389
vt -1.06478 61.7147
vt -1.96725 62.4791
vt -1.74879 61.7168
vt -0.699362 62.3884
vt -2.16285 57.7189
vt -0.777896 57.9576
vt -1.14908 58.4432
vt -0.708946 60.9374
vt -2.09611 60.7119
vt -0.757366 60.1677
vt 0.0822316 60.5337
vt -0.751908 60.919
vt -0.796676 60.1492
vt 0.181154 59.0845
vt -0.0407026 59.5782
vt -0.647896 59.4807
vt -0.462401 61.1494
vt 0.0695484 61.7176
vt -0.722988 61.6238
vt 0.695285 60.2969
vt -0.0671174 61.0403
vt -0.590956 60.4646
vt 0.176753 62.6487
vt -0.274188 62.1217
vt 0.503072 61.3938
vt -0.68768 63.6591
vt -0.017576 62.8113
vt 0.442126 63.3306
vt 0.0960285 62.5922
vt -0.568759 63.4443
vt -0.696701 62.5001
vt -1.30768 62.2186
vt -1.22086 63.1674
vt -1.49212 62.8793
vt -1.1774 63.5672
vt -0.901564 63.8509
vt -0.920959 64.4349
vt -0.694182 63.851
vt -0.0702956 64.3005
vt -0.710427 64.4351
vt -0.0961304 64.2711
vt -0.719688 63.8212
vt 0.410526 63.494
vt -0.25711 64.3248
vt 0.252491 63.5497
vt 0.909681 64.231
vt 0.631863 63.9255
vt -0.0188621 63.238
vt 0.941695 62.7517
vt 1.01915 62.2748
vt 0.0610747 62.766
vt 0.398481 61.5141
vt 0.0782006 60.2093
vt 0.803445 59.8326
vt 0.673751 60.9898
vt 0.920985 58.1256
vt 0.20233 58.5147
vt 0.106325 57.1712
vt 0.452766 58.6868
vt -0.543882 58.0988
vt 0.304574 57.348
vt -0.3384 60.6539
vt 0.674274 61.2138
vt -0.612348 61.3786
vt 0.053538 60.1239
vt -0.824033 59.7363
vt 0.273701 59.3811
vt -0.773785 58.59
vt -0.407345 57.8602
vt 0.321352 58.2268
vt -1.07138 60.5879
vt -1.50541 61.2796
vt -1.92718 60.1791
vt -1.18617 58.8304
vt -2.03527 58.4078
vt -1.1904 57.8376
vt -2.29207 60.9635
vt -2.66719 60.0816
vt -1.42887 60.4214
vt -1.67622 58.8121
vt -1.33036 59.7059
vt -2.69235 60.0263
vt -2.2425 55.3619
vt -3.17017 56.6449
vt -3.58873 54.911
vt -0.313773 53.1646
vt -0.597912 54.9255
vt -1.43647 53.3468
vt -0.504345 45.4866
vt -1.6225 45.695
vt -1.71216 44.2249
vt 2.47875 49.2089
vt 1.88528 50.5569
vt 1.5322 48.8309
vt 2.18979 33.4323
vt 1.60023 34.5752
vt 0.925577 32.9641
vt -0.396633 58.039
vt -1.35912 58.8096
vt -1.33186 57.8172
vt -0.746689 50.4998
vt 0.0841035 49.5888
vt -0.0500956 50.9243
vt 0.206587 49.4032
vt 0.864746 49.873
vt 0.139889 50.7437
vt 0.508181 42.8479
vt -0.0816917 42.2947
vt 1.52206 42.0752
vt -0.0640907 39.7842
vt 0.520531 39.2407
vt 1.5376 39.5501
vt 0.17604 51.5944
vt -0.508968 52.0042
vt -0.593397 51.2889
vt -0.490913 52.05
vt -1.41928 51.8011
vt -0.580366 51.3353
vt -1.33777 59.0363
vt -0.820002 60.0069
vt -1.69464 60.4015
vt 0.0190082 42.8608
vt -0.721286 42.4902
vt -0.0285757 42.0083
vt 0.384497 42.4975
vt -0.151692 42.841
vt -0.10908 41.9883
vt 0.449599 27.7358
vt 0.788578 27.1967
vt 1.42564 27.7571
vt 0.720265 24.7121
vt 1.49185 24.9496
vt 1.29928 25.3323
vt 0.284279 10.7207
vt 0.627121 10.4816
vt 0.841177 11.3052
vt 0.248596 33.7407
vt -0.163322 33.8116
vt 0.0867055 33.0091
vt -0.0846646 33.2186
vt -0.349659 32.5609
vt 0.11057 32.401
vt 0.172795 33.9367
vt -0.253363 33.866
vt -0.0792105 33.1372
vt -0.26886 10.5788
vt -0.81627 11.1721
vt -0.626188 10.336
vt -1.29928 25.3323
vt -1.49185 24.9496
vt -0.720265 24.7121
vt -1.33741 27.2377
vt -1.0932 27.5896
vt -1.69095 27.7061
vt -1.7272 30.8696
vt -1.12711 30.7659
vt -1.47219 31.0215
vt -1.24588 34.0859
vt -1.22529 34.429
vt -1.60926 34.3147
vt -1.45489 34.2762
vt -1.4308 33.9332
vt -0.454677 33.916
vt -0.449599 27.7358
vt -1.42564 27.7571
vt -0.788578 27.1967
vt 0.152054 42.8555
vt -0.384212 42.5121
vt 0.10925 42.0025
vt 0.348939 32.6048
vt 0.0830116 33.2623
vt -0.106634 32.4458
vt -1.04018 47.6189
vt -1.12816 48.0018
vt -1.43248 47.5375
vt -0.217203 49.5012
vt -1.43273 49.2099
vt -1.30584 48.838
vt -1.31399 56.7716
vt -0.0893276 57.0218
vt -0.900757 57.979
vt -0.920985 58.1256
vt -0.106325 57.1712
vt -0.20233 58.5147
vt -0.0782006 60.2093
vt -0.673751 60.9898
vt -0.803445 59.8326
vt -0.0610747 62.766
vt -1.01915 62.2748
vt -0.398481 61.5141
vt 0.0188621 63.238
vt -0.631863 63.9255
vt -0.941695 62.7517
vt -0.909681 64.231
vt -0.252491 63.5497
vt 0.25711 64.3248
vt 0.0961304 64.2711
vt -0.410526 63.494
vt 0.719688 63.8212
vt -0.442126 63.3306
vt 0.017576 62.8113
vt 0.68768 63.6591
vt 0.274188 62.1217
vt -0.176753 62.6487
vt -0.503072 61.3938
vt 0.0671174 61.0403
vt -0.695285 60.2969
vt 0.590956 60.4646
vt -0.0695484 61.7176
vt 0.462401 61.1494
vt 0.722988 61.6238
vt 0.0407026 59.5782
vt -0.181154 59.0845
vt 0.647896 59.4807
vt -0.0822316 60.5337
vt 0.796676 60.1492
vt 0.751908 60.919
vt 2.09611 60.7119
vt 0.708946 60.9374
vt 0.757366 60.1677
vt 1.14908 58.4432
vt 0.777896 57.9576
vt 2.16285 57.7189
vt -1.54999 46.9518
vt -1.48485 47.5595
vt -1.9869 47.2032
vt -2.05127 38.8689
vt -2.45472 39.185
vt -2.4823 38.4293
vt -2.69105 56.551
vt -2.82064 56.9966
vt -3.15875 56.7607
vt 0.824571 59.4015
vt 0.653398 58.9702
vt 1.92082 59.0672
vt 1.96725 62.4791
vt 0.699362 62.3884
vt 1.74879 61.7168
vt 1.06478 61.7147
vt 0.900949 60.9389
vt 1.69349 60.7169
vt 0.817277 62.0332
vt 0.52308 61.113
vt 1.61119 61.8162
vt 2.03617 61.6586
vt 2.37893 62.5618
vt 1.03127 62.0401
vt 2.14906 61.4607
vt 1.14532 61.8452
vt 1.59707 60.7567
vt 1.50541 61.2796
vt 1.07138 60.5879
vt 1.92718 60.1791
vt 2.03527 58.4078
vt 1.18617 58.8304
vt 1.1904 57.8376
vt 2.66719 60.0816
vt 2.29207 60.9635
vt 1.42887 60.4214
vt 1.33036 59.7059
vt 1.67622 58.8121
vt 2.69235 60.0263
vt 3.58685 54.9178
vt 3.16949 56.6519
vt 2.2416 55.3691
vt 0.601513 54.9398
vt 0.318131 53.1788
vt 1.44073 53.3615
vt 1.6273 45.7042
vt 0.509274 45.4954
vt 1.71774 44.2343
vt -1.56155 34.6725
vt -2.12903 33.5321
vt -0.875046 33.0664
vt 4.47232 41.8979
vt 3.64877 42.8697
vt 2.89455 42.4575
vt 2.63666 48.7883
vt 3.41653 49.1497
vt 2.08803 49.6481
vt 2.78067 58.2802
vt 2.05798 57.6277
vt 3.47618 57.5343
vt 1.88726 59.2007
vt 2.62381 59.8375
vt 1.38562 60.1778
vt 2.17018 59.4065
vt 1.66674 60.3826
vt 1.31154 59.0164
vt -1.88354 50.5591
vt -2.47669 49.2112
vt -1.53007 48.8332
vt -1.23884 52.5526
vt -1.16903 53.8535
vt -2.12677 54.2024
vt 0.467864 53.1137
vt -0.477416 53.0535
vt 0.135167 51.4017
vt -0.528167 57.2638
vt 0.417335 57.3205
vt 0.400099 58.6004
vt -0.294949 58.6186
vt -0.329209 57.339
vt 0.498325 58.5551
vt -0.670394 58.2346
vt 0.215253 58.0547
vt 0.176821 59.4371
vt 0.121826 54.9732
vt 0.127639 56.3465
vt -0.75717 56.5305
vt -0.071786 56.3558
vt -0.0950016 54.9827
vt 0.749354 56.5398
vt -0.180795 59.4114
vt -0.164097 58.0285
vt 0.657928 58.2085
vt -1.68659 53.9117
vt -0.285261 53.9831
vt -1.12381 55.5625
vt -0.247833 60.6131
vt 0.545558 60.5511
vt -0.247118 61.7548
vt 0.944036 61.0176
vt 0.937138 62.3343
vt 0.145417 62.2174
vt -0.938255 62.3309
vt -0.941352 61.0142
vt -0.150363 62.214
vt -0.741829 60.5817
vt 0.0451579 60.4588
vt 0.0130253 61.5243
vt -1.60684 61.9253
vt -1.45116 60.8708
vt -1.04794 61.8819
vt -1.1873 61.2607
vt -0.561642 61.1892
vt -0.765039 62.264
vt -1.54394 62.6601
vt -1.29112 61.5959
vt -0.813351 62.6867
vt -1.71526 60.9855
vt -1.11914 61.1439
vt -1.26921 62.0896
vt -1.41677 61.7424
vt -1.13761 60.7728
vt -0.819394 61.8961
vt -1.64461 62.2701
vt -1.46955 61.3287
vt -0.822469 62.3147
vt -1.68081 59.1685
vt -0.858828 59.2159
vt -1.02097 59.8589
vt -2.07013 61.4722
vt -1.8375 60.8513
vt -0.737895 61.1745
vt -1.92082 59.0672
vt -0.653398 58.9702
vt -0.824571 59.4015
vt 2.82064 56.9966
vt 2.69105 56.551
vt 3.15875 56.7607
vt 2.45472 39.185
vt 2.05127 38.8689
vt 2.4823 38.4293
vt 1.48485 47.5595
vt 1.54999 46.9518
vt 1.9869 47.2032
vt -2.59772 27.0044
vt -2.36985 26.5548
vt -2.15811 27.0336
vt -0.834326 49.056
vt -0.231272 49.1766
vt -0.378052 49.3128
vt -1.48652 62.3314
vt -1.31576 62.2268
vt -1.50063 62.8874
vt -2.6123 62.6356
vt -2.25152 62.4126
vt -2.30364 62.9664
vt -2.06794 60.2001
vt -2.42267 60.4326
vt -2.50835 60.1876
vt -2.27942 60.9326
vt -2.47841 60.9318
vt -2.37063 60.6896
vt -2.2751 61.3165
vt -2.26438 61.6534
vt -2.47409 61.3157
vt -1.77739 61.53
vt -1.77218 61.193
vt -1.46726 61.5272
vt -1.76651 64.008
vt -1.77165 63.5851
vt -1.46152 63.5824
vt -0.902222 63.6039
vt -0.891227 64.0266
vt -1.26877 63.7284
vt -0.634329 63.5843
vt -1.18986 63.6372
vt -1.01144 63.2855
vt -0.543386 62.7638
vt -0.670008 63.1328
vt -1.09878 62.8182
vt -1.09417 64.359
vt -1.80141 64.2759
vt -1.64994 63.9165
vt -1.08839 64.4144
vt -1.55032 64.6509
vt -1.79564 64.3315
vt -1.76075 63.8043
vt -1.83034 63.6401
vt -1.36932 63.4018
vt -1.01943 61.734
vt -0.960124 61.9023
vt -1.55626 62.106
vt -1.38745 64.5424
vt -0.789239 64.3448
vt -0.726643 64.967
vt -0.792383 64.6586
vt -1.3566 65.1689
vt -1.42939 64.5478
vt -0.795604 64.65
vt -0.241783 66.6384
vt -1.35979 65.1603
vt -0.48871 64.4067
vt 0.733757 64.3221
vt 0.0477975 66.3999
vt -0.481318 64.6959
vt -0.0795913 64.0518
vt 0.741166 64.6116
vt -0.147087 63.9519
vt -0.547876 64.5967
vt -0.787226 64.0865
vt -1.05114 64.3432
vt -0.809628 64.8523
vt -1.44667 64.7417
vt 0.564216 64.884
vt -0.256618 64.3243
vt 0.910172 64.2305
vt 1.03425 65.0287
vt 0.199531 64.7408
vt 0.546431 64.0878
vt 0.310331 63.8085
vt 1.1441 64.0992
vt -0.338188 65.8983
vt 1.12511 64.6187
vt -0.491056 65.2285
vt 0.972658 63.4142
vt 1.21645 65.7635
vt 0.416035 66.6304
vt -0.402831 66.365
vt 0.50128 62.6753
vt -0.304541 62.3694
vt 0.437751 61.4523
vt -0.119499 57.1323
vt 0.676214 57.4636
vt -0.219833 58.3454
vt -0.842695 48.6577
vt -0.150493 47.6083
vt -0.0250406 49.1916
vt -0.305302 47.8492
vt 0.52285 47.9608
vt -0.109769 49.4254
vt 0.429216 58.9569
vt -0.401335 58.8647
vt 0.0838248 57.7714
vt 0.89042 61.7791
vt 0.283124 62.8095
vt 0.181614 61.5891
vt 0.854207 62.8801
vt 0.144622 62.6931
vt 0.515666 61.8364
vt 1.25949 63.9823
vt 0.83844 64.8155
vt 0.66189 63.6144
vt 0.661278 65.1086
vt 0.0631427 64.7416
vt 0.313326 64.4624
vt 0.284041 64.528
vt 0.0334165 64.8068
vt -0.433058 63.8552
vt -0.0401622 63.3228
vt -0.74145 62.6336
vt 0.318822 62.7915
vt -0.544629 62.0082
vt 0.222111 61.4171
vt 0.515906 62.1644
vt 0.892404 63.5886
vt 0.116577 64.1678
vt 0.451371 63.0008
vt -0.0149331 62.1671
vt 0.659045 61.8831
vt 0.41078 62.7662
vt 0.254707 60.3455
vt 0.723398 61.2042
vt 0.0510507 61.492
vt 0.546857 60.7128
vt 0.0940008 59.8457
vt 0.959849 60.237
vt 0.280261 61.679
vt 1.17637 61.6372
vt 1.15242 62.056
vt 1.19652 59.7568
vt 0.300492 59.8001
vt 0.816899 58.6332
vt 0.900757 57.979
vt 0.0893276 57.0218
vt 1.31399 56.7716
vt 1.43273 49.2099
vt 0.217203 49.5012
vt 1.30584 48.838
vt 1.04018 47.6189
vt 1.43248 47.5375
vt 1.12816 48.0018
vt 1.60926 34.3147
vt 1.22529 34.429
vt 1.24588 34.0859
vt 0.454677 33.916
vt 1.4308 33.9332
vt 1.45489 34.2762
vt 1.7272 30.8696
vt 1.47219 31.0215
vt 1.12711 30.7659
vt 0.942146 52.1205
vt 0.909006 51.7282
vt 1.19222 51.6394
vt 1.06714 51.911
vt 1.1175 52.3015
vt 0.708977 52.3351
vt 0.659118 58.7578
vt 1.06795 58.7281
vt 1.29961 59.5916
vt 0.70364 58.7873
vt 0.537414 57.9089
vt 1.04746 58.575
vt 0.774533 59.1549
vt 1.17581 59.1721
vt 1.30524 59.8046
vt 1.14605 53.4191
vt 0.744862 53.3998
vt 1.01703 52.9309
vt 0.681422 52.4681
vt 0.603107 51.9693
vt 0.848315 51.9033
vt 1.62706 25.3919
vt 1.41538 25.5322
vt 1.13628 25.0159
vt 1.69095 27.7061
vt 1.0932 27.5896
vt 1.33741 27.2377
vt 0.540867 17.9658
vt 0.297985 17.3972
vt 0.649445 17.2152
vt 0.64179 10.5234
vt 1.14153 11.0518
vt 0.872832 11.3424
vt -0.887686 11.2461
vt -1.15353 10.9529
vt -0.658866 10.4197
vt -0.649445 17.2152
vt -0.297985 17.3972
vt -0.540867 17.9658
vt -1.62706 25.3919
vt -1.13628 25.0159
vt -1.41538 25.5322
vt -0.848315 51.9033
vt -0.603107 51.9693
vt -0.681422 52.4681
vt -1.14605 53.4191
vt -1.01703 52.9309
vt -0.744862 53.3998
vt -1.19222 51.6394
vt -0.909006 51.7282
vt -0.942146 52.1205
vt -0.708977 52.3351
vt -1.1175 52.3015
vt -1.06714 51.911
vt -1.06795 58.7281
vt -0.659118 58.7578
vt -1.29961 59.5916
vt -0.508599 57.9245
vt -0.836307 59.0643
vt -1.13068 58.7721
vt -1.19652 59.7568
vt -0.816899 58.6332
vt -0.300492 59.8001
vt -1.15242 62.056
vt -1.17637 61.6372
vt -0.280261 61.679
vt -0.552969 61.7551
vt -0.516241 62.1729
vt -0.801732 61.9137
vt -0.728407 62.5388
vt -0.514056 62.0215
vt -0.226976 62.279
vt -0.769042 61.869
vt -0.982414 62.3867
vt -1.34511 62.1617
vt -0.651268 60.2458
vt -1.0814 60.2563
vt -1.0102 60.0148
vt -1.07951 60.6985
vt -0.649381 60.688
vt -0.946021 61.1178
vt -0.408222 62.6405
vt -0.100351 62.2187
vt 0.492351 63.2087
vt 0.247506 62.7876
vt -0.0967381 63.5828
vt -0.689995 62.5932
vt 0.732305 63.5974
vt 0.0908658 63.5274
vt 0.431148 62.7306
vt 0.782182 63.2197
vt 0.450191 63.9508
vt 0.140733 63.1498
vt -0.222111 61.4171
vt 0.544629 62.0082
vt -0.515906 62.1644
vt -0.116577 64.1678
vt -0.892404 63.5886
vt -0.451371 63.0008
vt 0.0146641 62.1679
vt -0.411062 62.7669
vt -0.659308 61.8835
vt -0.0515314 61.4916
vt -0.723865 61.2034
vt -0.255135 60.3451
vt -0.546629 60.7096
vt -0.959633 60.2341
vt -0.0937945 59.8428
vt -0.675957 62.5997
vt -0.174613 62.3397
vt 0.261592 62.794
vt 0.74145 62.6336
vt 0.0401622 63.3228
vt -0.318822 62.7915
vt -0.284041 64.528
vt 0.433058 63.8552
vt -0.0334165 64.8068
vt -0.546431 64.0878
vt -0.199531 64.7408
vt -1.03425 65.0287
vt -0.564216 64.884
vt -0.910172 64.2305
vt 0.256618 64.3243
vt -0.741166 64.6116
vt 0.0795913 64.0518
vt 0.481318 64.6959
vt 0.547876 64.5967
vt 0.147087 63.9519
vt 0.787226 64.0865
vt 0.0702956 64.3005
vt 0.694182 63.851
vt 0.710427 64.4351
vt 0.920959 64.4349
vt 0.901564 63.8509
vt 1.1774 63.5672
vt 1.49212 62.8793
vt 1.22086 63.1674
vt 1.30768 62.2186
vt 0.568759 63.4443
vt -0.0960285 62.5922
vt 0.696701 62.5001
vt 1.48652 62.3314
vt 1.50063 62.8874
vt 1.31576 62.2268
vt 2.30364 62.9664
vt 2.25152 62.4126
vt 2.6123 62.6356
vt 2.42267 60.4326
vt 2.06794 60.2001
vt 2.50835 60.1876
vt 2.59772 27.0044
vt 2.15811 27.0336
vt 2.36985 26.5548
vt 0.378052 49.3128
vt 0.231272 49.1766
vt 0.834326 49.056
vt 2.47841 60.9318
vt 2.27942 60.9326
vt 2.37063 60.6896
vt 2.2751 61.3165
vt 2.47409 61.3157
vt 2.26438 61.6534
vt 1.52476 56.7058
vt 1.71973 57.2022
vt 1.35727 57.0663
vt 1.13508 58.0283
vt 1.57029 58.2073
vt 1.35489 58.5143
vt 2.79743 25.2092
vt 2.72126 25.0871
vt 2.83992 24.6317
vt 3.10771 60.9877
vt 2.97475 60.6334
vt 3.11071 60.6807
vt 3.18994 61.5976
vt 3.33999 61.9449
vt 2.96032 61.8941
vt 3.04667 57.3879
vt 3.42586 57.4422
vt 3.12285 57.7748
vt 3.48812 63.2872
vt 3.6012 63.683
vt 3.15621 63.591
vt 1.62666 62.8647
vt 1.91938 62.9183
vt 1.71289 63.2672
vt 1.89571 62.4398
vt 1.60308 62.3856
vt 1.66118 62.0842
vt -2.91949 54.3785
vt -3.37299 54.5387
vt -3.24926 54.1311
vt -3.03175 60.8948
vt -3.13376 61.2944
vt -3.4913 61.0367
vt 0.881016 62.2709
vt 0.768896 61.8741
vt 2.10203 62.1678
vt 2.07013 61.4722
vt 0.737895 61.1745
vt 1.8375 60.8513
vt 1.02097 59.8589
vt 0.858828 59.2159
vt 1.68081 59.1685
vt 1.64461 62.2701
vt 0.822469 62.3147
vt 1.46955 61.3287
vt 1.26921 62.0896
vt 1.11914 61.1439
vt 1.71526 60.9855
vt 1.13761 60.7728
vt 1.41677 61.7424
vt 0.819394 61.8961
vt 0.628197 61.064
vt 1.58192 60.962
vt 0.915486 62.0313
vt 0.480277 55.1273
vt 0.619235 53.6077
vt 1.43306 55.0169
vt 1.54604 56.3087
vt 0.952704 56.3587
vt 1.85208 54.8137
vt 1.03951 61.1242
vt 1.63309 61.0773
vt 1.30528 62.1978
vt 1.08041 61.0307
vt 1.93085 60.6458
vt 2.17434 61.7247
vt 1.58882 59.7287
vt 1.07246 58.9981
vt 2.4321 59.3284
vt 1.35894 60.6885
vt 1.32208 61.8296
vt 0.696196 61.7601
vt 0.765039 62.264
vt 0.561642 61.1892
vt 1.1873 61.2607
vt 1.54394 62.6601
vt 0.813351 62.6867
vt 1.29112 61.5959
vt 1.04947 59.1274
vt 0.852502 58.1075
vt 1.58299 58.0783
vt 1.97133 60.2024
vt 1.01402 59.8969
vt 1.67439 59.207
vt 1.19011 63.8813
vt 1.24384 63.1107
vt 2.20706 63.3971
vt 2.07646 63.6774
vt 0.865699 63.0066
vt 2.08684 62.905
vt 0.926462 64.1727
vt 0.988438 63.654
vt 2.20427 64.3156
vt -3.20354 63.4258
vt -3.28958 63.941
vt -3.71898 63.5991
vt -3.19617 62.5818
vt -3.59589 62.8283
vt -3.62029 62.2334
vt -3.23701 47.7315
vt -3.73262 47.4149
vt -3.3992 47.0841
vt 2.89669 64.2417
vt 3.1299 64.4698
vt 2.58881 64.7002
vt 2.92333 64.1789
vt 2.79473 64.7602
vt 2.5617 64.5319
vt 2.2477 63.8806
vt 2.58556 63.9574
vt 2.22329 64.3099
vt 2.22363 62.153
vt 2.363 62.5866
vt 2.02582 62.5069
vt -3.06213 62.5668
vt -3.57634 62.7438
vt -3.42354 62.3146
vt 2.84508 64.4181
vt 2.55385 64.3743
vt 2.87405 63.9891
vt 2.56845 64.1148
vt 2.85966 64.1586
vt 2.55236 64.6175
vt 2.16864 64.5543
vt 1.6114 64.1991
vt 2.17799 64.0513
vt 2.94528 36.1869
vt 3.10058 36.8292
vt 2.91296 36.8392
vt -2.81675 46.0898
vt -3.00448 46.0821
vt -2.84899 45.4331
vt 1.78155 65.6453
vt 1.65784 65.0228
vt 2.11171 64.5472
vt 1.68937 65.6583
vt 0.904249 65.4591
vt 1.56594 65.0358
vt 0.977192 64.932
vt 1.76213 65.1319
vt 1.49368 65.9876
vt 1.15202 65.595
vt 1.40897 64.7358
vt 2.2418 65.8073
vt 1.05453 65.4849
vt 2.31571 65.2942
vt 1.89744 66.5484
vt 1.03912 65.2749
vt 1.36136 64.1745
vt 2.30026 65.084
vt 1.90427 65.5114
vt 0.965116 64.6022
vt 2.24312 64.7434
vt 1.10483 65.2345
vt 1.44562 64.4674
vt 2.50213 64.8484
vt 2.18282 64.5939
vt 1.12878 64.2061
vt 2.14734 63.7252
vt 1.08451 64.6444
vt 1.09376 63.775
vt 1.94827 64.07
vt 1.5642 60.3865
vt 0.71823 60.0678
vt 1.28745 59.0377
vt 1.2253 60.1266
vt 0.992561 58.7696
vt 1.55123 58.8158
vt 1.60684 61.9253
vt 1.04794 61.8819
vt 1.45116 60.8708
vt -0.0169508 61.5238
vt -0.0487777 60.4584
vt 0.742042 60.5813
vt 0.520864 59.8229
vt 1.23661 58.8471
vt 1.56118 61.439
vt -1.23049 58.8809
vt -0.518253 59.856
vt -1.56866 61.4711
vt -0.184343 58.8508
vt -0.214467 60.3012
vt -1.18099 60.4996
vt -1.4924 60.6491
vt -1.29598 59.2117
vt -0.93438 60.5131
vt -1.55123 58.8158
vt -0.992561 58.7696
vt -1.2253 60.1266
vt -1.5642 60.3865
vt -1.28745 59.0377
vt -0.71823 60.0678
vt -1.58299 58.0783
vt -0.852502 58.1075
vt -1.04947 59.1274
vt -1.97133 60.2024
vt -1.67439 59.207
vt -1.01402 59.8969
vt -2.20706 63.3971
vt -1.24384 63.1107
vt -1.19011 63.8813
vt -2.07646 63.6774
vt -2.08684 62.905
vt -0.865699 63.0066
vt -2.10203 62.1678
vt -0.768896 61.8741
vt -0.881016 62.2709
vt 3.13376 61.2944
vt 3.03175 60.8948
vt 3.4913 61.0367
vt 3.37299 54.5387
vt 2.91949 54.3785
vt 3.24926 54.1311
vt -1.89571 62.4398
vt -1.66118 62.0842
vt -1.60308 62.3856
vt -3.11071 60.6807
vt -2.97475 60.6334
vt -3.10771 60.9877
vt -2.72126 25.0871
vt -2.79743 25.2092
vt -2.83992 24.6317
vt -1.15523 57.4147
vt -0.59074 56.9114
vt -0.628656 57.1738
vt -1.57029 58.2073
vt -1.13508 58.0283
vt -1.35489 58.5143
vt -1.35727 57.0663
vt -1.71973 57.2022
vt -1.52476 56.7058
vt -3.33999 61.9449
vt -3.18994 61.5976
vt -2.96032 61.8941
vt -3.42586 57.4422
vt -3.04667 57.3879
vt -3.12285 57.7748
vt -3.6012 63.683
vt -3.48812 63.2872
vt -3.15621 63.591
vt -1.91938 62.9183
vt -1.62666 62.8647
vt -1.71289 63.2672
vt -2.363 62.5866
vt -2.22363 62.153
vt -2.02582 62.5069
vt 3.57634 62.7438
vt 3.06213 62.5668
vt 3.42354 62.3146
vt 3.28958 63.941
vt 3.20354 63.4258
vt 3.71898 63.5991
vt -2.20427 64.3156
vt -0.988438 63.654
vt -0.926462 64.1727
vt -1.90427 65.5114
vt -2.24312 64.7434
vt -0.965116 64.6022
vt -2.50213 64.8484
vt -1.44562 64.4674
vt -1.10483 65.2345
vt -2.18282 64.5939
vt -2.14734 63.7252
vt -1.12878 64.2061
vt -1.94827 64.07
vt -1.09376 63.775
vt -1.08451 64.6444
vt -1.94776 64.8907
vt -1.9591 64.0367
vt -1.09563 64.6115
vt -1.75596 64.2607
vt -1.1956 64.1347
vt -1.15495 64.9877
vt -1.57054 65.4255
vt -1.55936 64.5168
vt -0.952838 65.2393
vt -1.472 64.741
vt -0.502067 64.56
vt -0.481052 65.4685
vt -1.18792 65.804
vt -1.18501 64.97
vt -0.189072 65.6906
vt 1.18934 65.8031
vt 0.177488 65.6899
vt 1.16283 64.9696
vt 0.195061 65.897
vt 0.253102 65.0385
vt 1.26495 65.1517
vt 1.47215 66.0776
vt 0.776566 65.918
vt 1.54279 65.2201
vt 0.729388 64.6869
vt 0.962456 63.6798
vt 1.65721 63.843
vt 2.19763 66.1757
vt 1.29195 65.9289
vt 2.48977 65.1841
vt 2.4436 61.934
vt 2.06273 62.7118
vt 1.5417 61.6738
vt 0.686777 58.3973
vt 0.950519 57.5724
vt 1.50121 58.6729
vt 1.22973 56.6403
vt 2.01642 56.8497
vt 1.74695 57.7569
vt 1.64752 65.4194
vt 0.855033 65.2331
vt 1.78757 64.3945
vt 0.490418 64.8731
vt 0.578819 63.8425
vt 1.64673 64.0273
vt 1.4725 66.5186
vt 0.40388 66.3379
vt 1.47487 65.5942
vt -1.47719 66.5148
vt -1.47732 65.5904
vt -0.419134 66.3341
vt -1.2682 65.1538
vt -0.269343 65.0405
vt -0.21112 65.8991
vt -1.47215 66.0776
vt -1.54279 65.2201
vt -0.776566 65.918
vt -1.77967 65.5457
vt -1.16127 65.3618
vt -1.01282 66.243
vt -2.19025 66.3309
vt -2.33126 65.4486
vt -1.26473 65.9674
vt -2.22493 65.3252
vt -1.37101 65.0516
vt -1.15804 65.8433
vt -2.42623 65.9093
vt -2.62813 65.1147
vt -1.23113 65.5019
vt -2.29978 66.6358
vt -2.60034 65.532
vt -1.40496 65.1255
vt -2.48455 65.1585
vt -1.55996 64.7926
vt -1.28684 65.9034
vt -2.19763 66.1757
vt -2.48977 65.1841
vt -1.29195 65.9289
vt -1.65721 63.843
vt -0.962456 63.6798
vt -0.729388 64.6869
vt -1.64752 65.4194
vt -1.78757 64.3945
vt -0.855033 65.2331
vt -1.65225 64.0329
vt -0.594907 63.8481
vt -0.505792 64.8786
vt -1.01467 61.6429
vt -1.08655 60.6094
vt 0.0320091 61.4917
vt 1.01274 61.715
vt -0.0316269 61.5639
vt 1.09773 60.6825
vt 0.0737908 55.0252
vt 0.14384 54.0814
vt 1.18552 54.25
vt 0.756092 51.9435
vt -0.211913 51.7522
vt 0.868553 50.934
vt 0.465763 29.82
vt 1.40236 30.1305
vt 0.18763 31.3927
vt 2.4277 42.0607
vt 1.6689 43.44
vt 0.955048 43.0094
vt -1.6689 43.44
vt -2.4277 42.0607
vt -0.955048 43.0094
vt -1.40236 30.1305
vt -0.465763 29.82
vt -0.18763 31.3927
vt -0.755755 51.9583
vt -0.870489 50.949
vt 0.212259 51.767
vt -1.18524 54.2485
vt -0.14122 54.0799
vt -0.0714559 55.0237
vt -1.74695 57.7569
vt -2.01642 56.8497
vt -1.22973 56.6403
vt -0.686777 58.3973
vt -1.50121 58.6729
vt -0.950519 57.5724
vt -2.19674 42.5872
vt -1.41982 42.2189
vt -0.795001 43.2728
vt -2.39463 49.7005
vt -1.5719 49.4685
vt -1.58164 50.6171
vt -1.51055 61.7692
vt -1.20047 62.6178
vt -2.03437 62.8058
vt -2.24149 65.4844
vt -2.62329 64.6656
vt -1.33625 64.4051
vt -1.25632 66.0319
vt -2.54435 66.2875
vt -1.65794 64.7723
vt -2.31571 65.2942
vt -1.05453 65.4849
vt -1.89744 66.5484
vt -1.03912 65.2749
vt -2.30026 65.084
vt -1.36136 64.1745
vt -1.65784 65.0228
vt -1.78155 65.6453
vt -2.11171 64.5472
vt -1.68937 65.6583
vt -1.56594 65.0358
vt -0.904249 65.4591
vt -1.49368 65.9876
vt -1.76213 65.1319
vt -0.977192 64.932
vt -1.40897 64.7358
vt -1.15202 65.595
vt -2.2418 65.8073
vt -1.91268 65.7171
vt -2.27983 64.8823
vt -1.19052 64.6676
vt -1.29026 63.9571
vt -2.49437 64.202
vt -1.61213 63.1038
vt -2.60017 59.753
vt -1.39948 59.4919
vt -2.15992 60.257
vt -1.67085 56.7926
vt -1.05927 57.4955
vt -2.39572 57.5915
vt -1.40205 61.6554
vt -2.05977 60.9954
vt -0.881581 60.7003
vt -0.744198 65.3841
vt -1.92692 65.6604
vt -1.2059 64.6101
vt -0.0609922 66.3973
vt -1.19678 66.7333
vt -1.67828 65.9715
vt -0.467025 64.8137
vt -1.32763 64.2046
vt -0.195155 63.8576
vt -0.176783 60.6446
vt -1.51035 60.9632
vt -1.00945 59.9978
vt -1.67138 51.4555
vt -0.352211 51.0817
vt -1.03321 52.2549
vt -0.559694 49.3544
vt 0.266529 49.883
vt -1.16853 50.5667
vt -0.887976 58.2484
vt 0.146486 57.4956
vt -0.018108 58.7017
vt 0.561192 64.0012
vt -0.520382 64.6847
vt -0.25468 63.7268
vt -1.57613 32.7378
vt -0.382447 31.6881
vt -0.948495 33.4349
vt -0.125538 33.2917
vt 0.485244 34.0536
vt -0.897108 34.9579
vt -0.980521 21.2675
vt -0.320651 19.7532
vt -0.242446 21.6078
vt -0.221726 19.725
vt 0.544709 20.0937
vt -0.280575 21.5803
vt 0.26582 44.9938
vt -0.567741 44.8247
vt 0.547544 43.489
vt -0.518431 46.0514
vt -0.236283 44.4811
vt 0.637302 44.7505
vt 0.361169 60.6155
vt -0.530241 60.4127
vt 0.456172 59.2742
vt -0.755167 58.0573
vt -0.520536 56.8352
vt 0.179251 56.8757
vt 0.428052 59.4488
vt 0.0137134 60.6222
vt -0.422202 59.467
vt 0.439145 63.8148
vt -0.411131 63.8319
vt -0.202241 62.8655
vt 0.369592 63.6248
vt 0.121077 64.5817
vt -0.283506 63.5617
vt 0.307068 65.5754
vt -0.346151 65.5135
vt -0.0984555 65.1871
vt 0.670393 64.4334
vt 0.431755 64.7665
vt 0.0926861 64.1156
vt 0.242384 60.3721
vt -0.320521 60.0287
vt -0.155436 59.9819
vt -0.391193 64.5437
vt -0.557341 64.5866
vt -0.179231 64.0688
vt -0.479686 64.6243
vt -0.265726 64.1502
vt -0.288085 64.579
vt 0.310366 64.5326
vt 0.320705 64.1034
vt 0.437419 64.2587
vt -0.628143 61.0236
vt -0.0846796 60.9553
vt -0.52531 61.1885
vt -0.488405 62.7337
vt -0.244219 63.4741
vt -0.78818 63.5383
vt -0.696838 62.9797
vt 0.092833 63.427
vt -0.446618 63.7181
vt 0.253068 62.1867
vt -0.532652 61.7325
vt 0.330065 61.5767
vt -0.45591 63.3391
vt 0.445076 62.7716
vt 0.407328 63.1862
vt 0.100351 62.2187
vt 0.408222 62.6405
vt -0.492351 63.2087
vt 0.649381 60.688
vt 1.07951 60.6985
vt 0.946021 61.1178
vt 1.0814 60.2563
vt 0.651268 60.2458
vt 1.0102 60.0148
vt 0.982414 62.3867
vt 0.769042 61.869
vt 1.34511 62.1617
vt 0.514056 62.0215
vt 0.728407 62.5388
vt 0.226976 62.279
vt 0.675986 62.5997
vt -0.261562 62.7943
vt 0.174643 62.3397
vt 0.690075 62.5932
vt 0.0968199 63.5828
vt -0.247425 62.788
vt -0.431135 62.7308
vt -0.0908528 63.5273
vt -0.732292 63.5973
vt -0.782182 63.2197
vt -0.140733 63.1498
vt -0.450191 63.9508
vt 0.516241 62.1729
vt 0.552969 61.7551
vt 0.801732 61.9137
vt 0.429051 61.2766
vt 0.69279 61.3174
vt 0.67669 61.4369
vt 0.4284 61.2628
vt 0.734547 60.9829
vt 0.692137 61.3037
vt 0.836307 59.0643
vt 0.508599 57.9245
vt 1.13068 58.7721
vt 0.697941 61.0012
vt 0.799561 61.113
vt 0.654694 61.3218
vt 0.875625 60.2101
vt 0.627839 60.529
vt 0.527762 60.4158
vt 0.74416 60.0959
vt 0.988387 59.7743
vt 1.06127 59.8725
vt 0.211908 56.3297
vt 0.599408 56.21
vt 0.274179 56.435
vt 0.488124 58.8563
vt 0.0987906 58.97
vt 0.0569358 58.3257
vt 1.11776 60.665
vt 1.17358 61.1887
vt 0.71264 60.6836
vt 0.258032 61.0732
vt 0.224883 60.5476
vt 0.567351 60.5075
vt 0.774612 48.8331
vt 0.433618 48.8843
vt 0.665684 48.2452
vt 0.347235 49.2319
vt 0.20545 48.6485
vt 0.592191 48.5977
vt 1.17854 52.1531
vt 0.773597 52.1753
vt 0.928908 51.6071
vt 1.26108 17.5384
vt 0.902483 17.6919
vt 0.891328 16.9336
vt -1.26108 17.5384
vt -0.891328 16.9336
vt -0.902483 17.6919
vt -0.592191 48.5977
vt -0.20545 48.6485
vt -0.347235 49.2319
vt -1.17854 52.1531
vt -0.928908 51.6071
vt -0.773597 52.1753
vt -1.17358 61.1887
vt -1.11776 60.665
vt -0.71264 60.6836
vt -0.567351 60.5075
vt -0.224883 60.5476
vt -0.258032 61.0732
vt -0.774612 48.8331
vt -0.665684 48.2452
vt -0.433618 48.8843
vt -0.330094 61.3098
vt -0.325355 60.7223
vt -0.0102483 61.2849
vt 0.330143 61.3115
vt 0.00717205 61.2866
vt 0.322335 60.7241
vt -0.247643 39.8186
vt 0.0737594 39.859
vt 0.0742478 39.9603
vt -0.0716143 39.8824
vt 0.246651 39.8421
vt -0.0752799 39.9836
vt -0.142595 50.6177
vt -0.142731 50.7769
vt -0.476988 50.7266
vt -0.674742 51.567
vt -1.01176 51.475
vt -0.982364 51.3185
vt -0.854304 57.0409
vt -0.514749 57.123
vt -0.877707 57.3479
vt -0.752088 59.6749
vt -0.793681 59.9252
vt -1.12172 59.8886
vt -1.29206 60.3558
vt -1.23799 60.1079
vt -1.08023 60.4067
vt -0.892962 60.915
vt -0.572624 61.1338
vt -0.726559 61.2091
vt -0.987032 59.7842
vt -0.742759 60.1062
vt -1.0599 59.8828
vt -0.628339 60.5309
vt -0.876111 60.2116
vt -0.528257 60.4177
vt -0.538285 57.9101
vt -0.704622 58.7885
vt -1.04841 58.5757
vt -1.17579 59.1697
vt -0.774516 59.1526
vt -1.30522 59.8019
vt -0.098014 58.9659
vt -0.487358 58.8526
vt -0.0562178 58.3219
vt -0.209426 56.3581
vt -0.271656 56.4637
vt -0.596974 56.2388
vt -0.799561 61.113
vt -0.697941 61.0012
vt -0.654694 61.3218
vt -0.734547 60.9829
vt -0.4284 61.2628
vt -0.692137 61.3037
vt -0.69279 61.3174
vt -0.429051 61.2766
vt -0.67669 61.4369
vt -0.524118 61.3988
vt -0.50666 61.5181
vt -0.728173 61.4761
vt -0.494987 61.6884
vt -1.0693 61.9845
vt -0.71653 61.6465
vt -1.62307 62.0369
vt -1.6416 61.8267
vt -1.26696 61.7024
vt -0.768478 61.619
vt -0.754986 61.8296
vt -1.15902 61.6363
vt -0.879208 62.3256
vt -1.34854 62.3556
vt -1.28359 62.1331
vt -1.37196 55.034
vt -1.43689 54.8839
vt -0.967783 54.8507
vt 0.207047 50.2422
vt 0.229401 50.4041
vt -0.0561105 50.3999
vt -0.074307 60.8837
vt 0.211213 60.8873
vt 0.161127 61.1584
vt -1.00823 60.0219
vt -0.675516 60.094
vt -1.03504 60.2962
vt -1.03895 60.7991
vt -0.628189 60.6311
vt -0.706077 60.8705
vt -1.14946 58.9611
vt -0.792172 58.755
vt -0.889162 59.0793
vt -0.423204 59.5325
vt -0.312477 59.9584
vt -0.531847 59.8531
vt -1.71868 48.9133
vt -1.88965 49.0163
vt -1.92126 48.7785
vt -2.31878 61.119
vt -2.40909 60.9152
vt -2.22667 60.8343
vt -2.29575 61.3646
vt -2.20206 61.5669
vt -2.47224 61.6129
vt -2.57986 57.9685
vt -2.68292 57.6536
vt -2.41313 57.6054
vt -2.07397 55.877
vt -2.40955 55.9479
vt -2.14129 55.5526
vt -2.0334 58.1224
vt -2.08895 58.7986
vt -2.3695 58.1907
vt -1.5976 58.498
vt -1.46189 59.089
vt -1.69769 59.1691
vt -1.15699 58.8816
vt -1.44196 59.0397
vt -1.57588 58.4482
vt -1.0966 63.465
vt -0.806535 63.3165
vt -0.631276 63.688
vt 0.696316 61.3373
vt 0.311235 61.4197
vt 0.161909 61.037
vt 0.719635 58.5688
vt 1.10323 58.4797
vt 0.868907 58.7144
vt 1.31212 56.3263
vt 1.41199 56.5278
vt 1.08783 56.5705
vt -0.115639 51.3971
vt -0.51702 51.3388
vt -0.526019 51.114
vt -0.358312 62.1735
vt 0.044536 62.2207
vt -0.32066 62.3092
vt 0.118684 60.2158
vt 0.0730989 60.3129
vt -0.245672 60.3077
vt -0.807666 63.8406
vt -0.982744 63.654
vt -0.926073 63.5629
vt 2.70592 45.8449
vt 2.74336 46.0981
vt 2.57146 45.9226
vt 2.16188 61.5077
vt 2.08375 61.5266
vt 1.95464 61.3758
vt 2.76368 19.7821
vt 2.81902 19.7238
vt 2.81707 19.9823
vt 2.53308 19.8592
vt 2.75736 20.0937
vt 2.61081 20.1058
vt -1.09499 64.8743
vt -1.12486 64.7241
vt -0.809633 64.6472
vt 1.65766 64.2276
vt 1.68832 64.3777
vt 1.39794 64.2791
vt 1.45901 64.2671
vt 0.665525 47.9658
vt 0.334849 48.0031
vt 0.392047 47.827
vt 0.193128 61.6973
vt 0.194128 61.4982
vt 0.525691 61.4699
vt 0.729095 61.6788
vt 1.12273 61.768
vt 1.14532 61.9658
vt 0.0801125 38.7683
vt 0.179162 38.5917
vt 0.455389 38.9169
vt -1.21457 51.6823
vt -1.11169 51.8955
vt -1.26889 52.0231
vt -2.51412 46.2985
vt -2.48496 46.0636
vt -2.43847 46.0814
vt -0.613119 19.8402
vt -0.646672 19.8034
vt -0.374565 19.6355
vt -0.815855 17.7515
vt -0.630062 17.4761
vt -0.555245 17.5662
vt 1.56369 62.0296
vt 1.68991 62.1302
vt 1.36964 62.2183
vt 0.943692 64.4383
vt 1.26857 64.4015
vt 1.07193 64.5363
vt 1.28946 64.3562
vt 1.34411 64.486
vt 1.09292 64.4912
vt 0.894841 13.1858
vt 0.87606 13.0702
vt 1.12641 13.049
vt 0.359894 8.2518
vt 0.146843 8.29611
vt 0.331335 8.10045
vt 0.352118 8.21052
vt 0.0502884 8.49715
vt 0.017789 8.38995
vt 0.335407 8.41752
vt 0.217679 8.46946
vt 0.215171 8.46996
vt 0.201725 8.47615
vt 0.062458 8.53735
vt 0.942097 21.8586
vt 0.692892 21.7652
vt 0.842333 21.7367
vt 0.856818 21.7337
vt 0.859392 21.7339
vt 0.985754 21.7096
vt 0.600793 56.1815
vt 0.92193 56.0106
vt 0.746868 56.217
vt 1.46406 64.1352
vt 1.62634 64.2661
vt 1.29616 64.4187
vt -0.162773 63.048
vt 0.220752 62.772
vt 0.0576978 63.0584
vt -0.604213 58.3622
vt -0.691487 57.8254
vt -0.235426 58.0668
vt -1.68265 59.6024
vt -1.44668 59.5229
vt -1.30116 60.0468
vt -2.16199 64.6378
vt -2.30727 63.9179
vt -1.89817 64.3371
vt 0.012445 63.0704
vt -0.275806 63.0009
vt -0.0362069 62.3376
vt -0.602493 63.9521
vt -0.57475 63.4342
vt -0.286713 63.5046
vt 0.57475 63.4342
vt 0.602493 63.9521
vt 0.286713 63.5046
vt 0.129645 62.1774
vt -0.42696 62.2682
vt -0.163374 61.7146
vt -0.0722776 64.9071
vt -0.0699803 66.0596
vt -0.629761 64.9924
vt 0.0699803 66.0596
vt 0.0722776 64.9071
vt 0.629761 64.9924
vt 0.42696 62.2682
vt -0.129645 62.1774
vt 0.163374 61.7146
vt 0.0649058 61.1618
vt -0.172785 60.5966
vt 0.323306 60.8127
vt -0.352311 57.0601
vt 0.0702583 56.7222
vt 0.137018 57.291
vt -0.457426 58.3359
vt -0.248835 57.9946
vt -0.0284258 58.0062
vt 0.70525 57.8797
vt 0.972321 58.2175
vt 0.843283 58.4356
vt -0.119692 51.8676
vt 0.025083 51.9081
vt 0.0808835 52.2487
vt 0.462977 60.5537
vt 0.605164 60.344
vt 1.01629 60.6383
vt 0.580981 64.8383
vt 1.13526 64.9162
vt 1.16854 65.2699
vt 0.148952 65.1395
vt 0.134603 64.7846
vt 0.549212 64.7458
vt 0.613124 61.6019
vt 0.198747 61.643
vt 0.531152 61.4153
vt -0.135622 59.5625
vt -0.198179 59.3686
vt 0.256191 59.1663
vt 0.23904 59.4833
vt -0.215866 59.6844
vt 0.0486077 59.4333
vt 0.265726 64.1502
vt 0.479686 64.6243
vt 0.288085 64.579
vt 0.179231 64.0688
vt 0.557341 64.5866
vt 0.391193 64.5437
vt 0.320521 60.0287
vt -0.242384 60.3721
vt 0.155436 59.9819
vt -0.431755 64.7665
vt -0.670393 64.4334
vt -0.0926861 64.1156
vt 0.346151 65.5135
vt -0.307068 65.5754
vt 0.0984555 65.1871
vt -0.121077 64.5817
vt -0.369592 63.6248
vt 0.283506 63.5617
vt 0.411131 63.8319
vt -0.439145 63.8148
vt 0.202241 62.8655
vt -0.0137134 60.6222
vt -0.428052 59.4488
vt 0.422202 59.467
vt -0.179251 56.8757
vt 0.520536 56.8352
vt 0.755167 58.0573
vt 0.582706 65.7041
vt -0.117342 65.7397
vt 0.435503 64.6689
vt 0.178277 65.9049
vt 0.0157648 64.8721
vt 0.853832 64.9796
vt -0.160673 62.3354
vt 0.107611 61.9938
vt 0.6765 62.4498
vt -0.364762 60.5958
vt -0.453858 59.2542
vt 0.532157 60.393
vt 0.240263 44.4709
vt 0.520464 46.0414
vt -0.638939 44.7403
vt 0.109769 49.4254
vt -0.52285 47.9608
vt 0.305302 47.8492
vt 0.401335 58.8647
vt -0.429216 58.9569
vt -0.0838248 57.7714
vt -0.283124 62.8095
vt -0.89042 61.7791
vt -0.181614 61.5891
vt -0.144622 62.6931
vt -0.854207 62.8801
vt -0.515666 61.8364
vt -0.83844 64.8155
vt -1.25949 63.9823
vt -0.66189 63.6144
vt -0.0631427 64.7416
vt -0.661278 65.1086
vt -0.313326 64.4624
vt -1.12511 64.6187
vt -0.972658 63.4142
vt 0.491056 65.2285
vt 0.338188 65.8983
vt -1.1441 64.0992
vt -0.310331 63.8085
vt -0.0477975 66.3999
vt -0.733757 64.3221
vt 0.48871 64.4067
vt 0.795604 64.65
vt 1.35979 65.1603
vt 0.241783 66.6384
vt 0.792383 64.6586
vt 1.42939 64.5478
vt 1.3566 65.1689
vt 0.809628 64.8523
vt 1.05114 64.3432
vt 1.44667 64.7417
vt 1.83034 63.6401
vt 1.76075 63.8043
vt 1.36932 63.4018
vt 0.960124 61.9023
vt 1.01943 61.734
vt 1.55626 62.106
vt 0.726643 64.967
vt 0.789239 64.3448
vt 1.38745 64.5424
vt 1.55032 64.6509
vt 1.08839 64.4144
vt 1.79564 64.3315
vt 1.09417 64.359
vt 1.64994 63.9165
vt 1.80141 64.2759
vt 1.62964 63.9495
vt 1.07356 64.3916
vt 1.32616 63.5228
vt 1.77165 63.5851
vt 1.76651 64.008
vt 1.46152 63.5824
vt 0.902222 63.6039
vt 1.26877 63.7284
vt 0.891227 64.0266
vt 1.01144 63.2855
vt 1.18986 63.6372
vt 0.634329 63.5843
vt 0.670008 63.1328
vt 0.543386 62.7638
vt 1.09878 62.8182
vt 1.68627 57.3224
vt 1.377 57.1247
vt 1.77541 56.7725
vt 1.75598 64.3696
vt 1.99853 64.0481
vt 2.32233 64.221
vt 3.36234 58.3497
vt 3.18259 57.8224
vt 3.62561 57.9235
vt 1.77739 61.53
vt 1.46726 61.5272
vt 1.77218 61.193
vt 1.15009 64.6473
vt 1.65959 65.7063
vt 0.0426277 66.1333
vt 1.67828 65.9715
vt 1.19678 66.7333
vt 0.0609922 66.3973
vt 0.744198 65.3841
vt 1.2059 64.6101
vt 1.92692 65.6604
vt 1.19052 64.6676
vt 2.27983 64.8823
vt 1.91268 65.7171
vt 2.49437 64.202
vt 1.29026 63.9571
vt 1.61213 63.1038
vt 1.39948 59.4919
vt 2.60017 59.753
vt 2.15992 60.257
vt 1.30768 50.6651
vt 0.914704 50.1121
vt 1.22541 49.5194
vt 2.48334 41.8084
vt 2.62772 42.4713
vt 1.14973 41.6789
vt 2.54735 45.4158
vt 0.572323 45.5816
vt 1.04351 44.6736
vt 2.37643 22.7709
vt 2.49959 23.6502
vt 0.41948 23.0848
vt 1.59535 32.7215
vt 0.949658 34.1823
vt 0.294379 33.5831
vt 1.41982 42.2189
vt 2.19674 42.5872
vt 0.795001 43.2728
vt 2.39463 49.7005
vt 1.58164 50.6171
vt 1.5719 49.4685
vt 2.03437 62.8058
vt 1.20047 62.6178
vt 1.51055 61.7692
vt 2.62329 64.6656
vt 2.24149 65.4844
vt 1.33625 64.4051
vt 2.54435 66.2875
vt 1.25632 66.0319
vt 1.65794 64.7723
vt 2.60034 65.532
vt 2.29978 66.6358
vt 1.40496 65.1255
vt 1.28684 65.9034
vt 1.55996 64.7926
vt 2.48455 65.1585
vt 2.19025 66.3309
vt 1.26473 65.9674
vt 2.33126 65.4486
vt 1.15804 65.8433
vt 1.37101 65.0516
vt 2.22493 65.3252
vt 2.42623 65.9093
vt 1.23113 65.5019
vt 2.62813 65.1147
vt 1.94776 64.8907
vt 1.09563 64.6115
vt 1.9591 64.0367
vt 1.15495 64.9877
vt 1.1956 64.1347
vt 1.75596 64.2607
vt 1.4924 60.6491
vt 0.93438 60.5131
vt 1.29598 59.2117
vt 0.227476 60.3021
vt 0.195658 58.8518
vt 1.18351 60.5005
vt 0.497482 65.4678
vt 0.518025 64.5593
vt 1.47751 64.7403
vt 1.57054 65.4255
vt 0.952838 65.2393
vt 1.55936 64.5168
vt 1.01282 66.243
vt 1.16127 65.3618
vt 1.77967 65.5457
vt 2.49688 23.833
vt 0.428105 24.2097
vt 0.415623 23.2718
vt 0.139748 8.82377
vt 2.00918 7.86099
vt 0.491861 9.55626
vt 2.71913 22.8787
vt 2.83673 23.704
vt 0.556405 23.5849
vt -2.83673 23.704
vt -2.71913 22.8787
vt -0.556405 23.5849
vt -2.00918 7.86099
vt -0.139748 8.82377
vt -0.491861 9.55626
vt -0.415623 23.2718
vt -0.428105 24.2097
vt -2.49688 23.833
vt -2.37643 22.7709
vt -0.41948 23.0848
vt -2.49959 23.6502
vt -1.04351 44.6736
vt -0.572323 45.5816
vt -2.54735 45.4158
vt -2.48334 41.8084
vt -1.14973 41.6789
vt -2.62772 42.4713
vt -1.22541 49.5194
vt -0.914704 50.1121
vt -1.30768 50.6651
vt -0.949658 34.1823
vt -1.59535 32.7215
vt -0.294379 33.5831
vt 0.980521 21.2675
vt 0.242446 21.6078
vt 0.320651 19.7532
vt 0.280575 21.5803
vt -0.544709 20.0937
vt 0.221726 19.725
vt 0.567948 44.8548
vt -0.265635 45.0237
vt -0.552506 43.52
vt 0.897108 34.9579
vt -0.485244 34.0536
vt 0.125538 33.2917
vt 0.842695 48.6577
vt 0.0250406 49.1916
vt 0.150493 47.6083
vt 0.219833 58.3454
vt -0.676214 57.4636
vt 0.119499 57.1323
vt 0.304541 62.3694
vt -0.50128 62.6753
vt -0.437751 61.4523
vt 0.402831 66.365
vt -0.416035 66.6304
vt -1.21645 65.7635
vt 0.520382 64.6847
vt -0.561192 64.0012
vt 0.25468 63.7268
vt 0.887976 58.2484
vt 0.018108 58.7017
vt -0.146486 57.4956
vt 1.16853 50.5667
vt -0.266529 49.883
vt 0.559694 49.3544
vt 1.57613 32.7378
vt 0.948495 33.4349
vt 0.382447 31.6881
vt 1.67138 51.4555
vt 1.03321 52.2549
vt 0.352211 51.0817
vt 1.51035 60.9632
vt 0.176783 60.6446
vt 1.00945 59.9978
vt 1.32763 64.2046
vt 0.467025 64.8137
vt 0.195155 63.8576
vt 2.05977 60.9954
vt 1.40205 61.6554
vt 0.881581 60.7003
vt 1.05927 57.4955
vt 1.67085 56.7926
vt 2.39572 57.5915
vt -0.320705 64.1034
vt -0.310366 64.5326
vt -0.437419 64.2587
vt 0.628143 61.0236
vt 0.52531 61.1885
vt 0.0846796 60.9553
vt 0.78818 63.5383
vt 0.244219 63.4741
vt 0.488405 62.7337
vt 0.696838 62.9797
vt 0.446618 63.7181
vt -0.092833 63.427
vt 0.532652 61.7325
vt -0.253068 62.1867
vt -0.330065 61.5767
vt -1.90421 62.9498
vt -1.77132 63.5502
vt -2.2165 63.1439
vt -2.3012 57.6111
vt -2.60278 57.8215
vt -2.43814 57.4574
vt -2.79467 63.2222
vt -2.94403 63.0805
vt -2.8228 62.8069
vt -0.445076 62.7716
vt 0.45591 63.3391
vt -0.407328 63.1862
vt 0.117342 65.7397
vt -0.582706 65.7041
vt -0.435503 64.6689
vt -0.0157648 64.8721
vt -0.178277 65.9049
vt -0.853832 64.9796
vt 0.160673 62.3354
vt -0.6765 62.4498
vt -0.107611 61.9938
vt -1.16854 65.2699
vt -1.13526 64.9162
vt -0.580981 64.8383
vt -0.134603 64.7846
vt -0.148952 65.1395
vt -0.549212 64.7458
vt -0.198747 61.643
vt -0.613124 61.6019
vt -0.531152 61.4153
vt 0.198179 59.3686
vt 0.135622 59.5625
vt -0.256191 59.1663
vt -0.23904 59.4833
vt -0.0486077 59.4333
vt 0.215866 59.6844
vt 0.809633 64.6472
vt 1.12486 64.7241
vt 1.09499 64.8743
vt -2.75736 20.0937
vt -2.53308 19.8592
vt -2.61081 20.1058
vt -2.81902 19.7238
vt -2.76368 19.7821
vt -2.81707 19.9823
vt -1.95464 61.3758
vt -2.08375 61.5266
vt -2.16188 61.5077
vt -2.70592 45.8449
vt -2.57146 45.9226
vt -2.74336 46.0981
vt -0.692892 21.7652
vt -0.942097 21.8586
vt -0.985754 21.7096
vt -0.859392 21.7339
vt -0.856818 21.7337
vt -0.842333 21.7367
vt -0.217679 8.46946
vt -0.335407 8.41752
vt -0.017789 8.38995
vt -0.0502884 8.49715
vt -0.062458 8.53735
vt -0.201725 8.47615
vt -0.215171 8.46996
vt 0.245672 60.3077
vt -0.0730989 60.3129
vt -0.118684 60.2158
vt 0.982744 63.654
vt 0.807666 63.8406
vt 0.926073 63.5629
vt 0.358312 62.1735
vt 0.32066 62.3092
vt -0.044536 62.2207
vt -1.09292 64.4912
vt -1.34411 64.486
vt -1.28946 64.3562
vt -1.12641 13.049
vt -0.87606 13.0702
vt -0.894841 13.1858
vt 0.630062 17.4761
vt 0.815855 17.7515
vt 0.555245 17.5662
vt -1.68991 62.1302
vt -1.56369 62.0296
vt -1.36964 62.2183
vt -0.943692 64.4383
vt -1.07193 64.5363
vt -1.26857 64.4015
vt -1.41199 56.5278
vt -1.31212 56.3263
vt -1.08783 56.5705
vt 0.526019 51.114
vt 0.51702 51.3388
vt 0.115639 51.3971
vt -1.10323 58.4797
vt -0.719635 58.5688
vt -0.868907 58.7144
vt -0.161909 61.037
vt -0.311235 61.4197
vt -0.696316 61.3373
vt 0.631276 63.688
vt 0.806535 63.3165
vt 1.0966 63.465
vt 1.44196 59.0397
vt 1.15699 58.8816
vt 1.57588 58.4482
vt 1.77132 63.5502
vt 1.90421 62.9498
vt 2.2165 63.1439
vt 2.3012 57.6111
vt 2.43814 57.4574
vt 2.60278 57.8215
vt 2.79467 63.2222
vt 2.8228 62.8069
vt 2.94403 63.0805
vt 2.22667 60.8343
vt 2.40909 60.9152
vt 2.31878 61.119
vt 1.71868 48.9133
vt 1.92126 48.7785
vt 1.88965 49.0163
vt 0.423204 59.5325
vt 0.531847 59.8531
vt 0.312477 59.9584
vt 0.889162 59.0793
vt 0.792172 58.755
vt 1.14946 58.9611
vt 0.675516 60.094
vt 1.00823 60.0219
vt 1.03504 60.2962
vt 1.03895 60.7991
vt 0.706077 60.8705
vt 0.628189 60.6311
vt 1.43689 54.8839
vt 1.37196 55.034
vt 0.967783 54.8507
vt 0.0477759 50.4024
vt -0.227502 50.4067
vt -0.205093 50.2447
vt -0.208648 60.8851
vt 0.0666395 60.8815
vt -0.158603 61.1562
vt 0.99425 62.5165
vt 1.00806 62.8347
vt 0.76449 62.7873
vt -1.00207 62.8117
vt -0.998005 62.4932
vt -0.758516 62.7643
vt -0.845128 60.0802
vt -0.602131 60.0299
vt -0.621043 60.2095
vt -1.81943 61.1099
vt -1.55854 61.2268
vt -1.86273 61.2852
vt -1.56516 61.4168
vt -1.60979 61.5592
vt -1.86938 61.475
vt 0.622557 59.3999
vt 0.472334 59.3552
vt 0.481081 59.2061
vt -2.66423 18.0877
vt -2.63797 18.2423
vt -2.88676 18.0877
vt -2.27018 27.6066
vt -2.57495 27.6229
vt -2.54512 27.5056
vt -2.65838 61.6472
vt -2.35326 61.6403
vt -2.53162 61.8873
vt -2.02817 63.0348
vt -1.89032 63.2687
vt -2.25234 63.26
vt -2.14657 57.9503
vt -2.22195 57.5588
vt -1.85994 57.5681
vt -0.438957 56.1415
vt -0.457603 56.5398
vt -0.722012 56.551
vt -0.742964 52.2475
vt -0.478591 52.2354
vt -0.666188 52.8355
vt -0.473208 52.2513
vt -0.395379 52.9162
vt -0.661339 52.8512
vt -0.811615 61.8852
vt -0.870438 61.1545
vt -0.602672 61.2116
vt 0.870438 61.1545
vt 0.811615 61.8852
vt 0.602672 61.2116
vt 0.275806 63.0009
vt -0.012445 63.0704
vt 0.0362069 62.3376
vt 2.16199 64.6378
vt 1.89817 64.3371
vt 2.30727 63.9179
vt 0.248835 57.9946
vt 0.457426 58.3359
vt 0.0284258 58.0062
vt -0.0702583 56.7222
vt 0.352311 57.0601
vt -0.137018 57.291
vt 0.172785 60.5966
vt -0.0649058 61.1618
vt -0.323306 60.8127
vt -0.972321 58.2175
vt -0.70525 57.8797
vt -0.843283 58.4356
vt 0.119692 51.8676
vt -0.0808835 52.2487
vt -0.025083 51.9081
vt 1.26889 52.0231
vt 1.11169 51.8955
vt 1.21457 51.6823
vt -0.0801125 38.7683
vt -0.455389 38.9169
vt -0.179162 38.5917
vt -1.14532 61.9658
vt -1.12273 61.768
vt -0.729095 61.6788
vt -0.194128 61.4982
vt -0.193128 61.6973
vt -0.525691 61.4699
vt -0.334849 48.0031
vt -0.665525 47.9658
vt -0.392047 47.827
vt -1.68832 64.3777
vt -1.65766 64.2276
vt -1.45901 64.2671
vt -1.39794 64.2791
vt -2.69293 11.5388
vt -2.54724 11.5587
vt -2.64514 11.7992
vt -2.65669 11.738
vt -1.9655 13.9174
vt -2.07901 14.1279
vt -2.13932 14.1102
vt 2.81566 12.2066
vt 2.75731 12.23
vt 2.63448 11.8928
vt 1.9599 27.0869
vt 1.62297 26.9718
vt 1.62983 26.9461
vt 2.63816 50.6531
vt 2.61594 50.6677
vt 2.51788 50.4572
vt 2.48496 46.0636
vt 2.51412 46.2985
vt 2.43847 46.0814
vt 0.646672 19.8034
vt 0.613119 19.8402
vt 0.374565 19.6355
vt -1.10682 45.9942
vt -1.12843 45.8103
vt -0.776387 45.7242
vt -0.462977 60.5537
vt -1.01629 60.6383
vt -0.605164 60.344
vt -0.92193 56.0106
vt -0.600793 56.1815
vt -0.746868 56.217
vt -1.62634 64.2661
vt -1.46406 64.1352
vt -1.29616 64.4187
vt -0.220752 62.772
vt 0.162773 63.048
vt -0.0576978 63.0584
vt 0.604213 58.3622
vt 0.235426 58.0668
vt 0.691487 57.8254
vt 1.30116 60.0468
vt 1.44668 59.5229
vt 1.68265 59.6024
vt 1.69769 59.1691
vt 1.46189 59.089
vt 1.5976 58.498
vt 2.08895 58.7986
vt 2.0334 58.1224
vt 2.3695 58.1907
vt 2.40955 55.9479
vt 2.07397 55.877
vt 2.14129 55.5526
vt 2.41313 57.6054
vt 2.68292 57.6536
vt 2.57986 57.9685
vt 2.20206 61.5669
vt 2.29575 61.3646
vt 2.47224 61.6129
vt 2.35326 61.6403
vt 2.65838 61.6472
vt 2.53162 61.8873
vt 2.57495 27.6229
vt 2.27018 27.6066
vt 2.54512 27.5056
vt 2.63797 18.2423
vt 2.66423 18.0877
vt 2.88676 18.0877
vt -0.481081 59.2061
vt -0.472334 59.3552
vt -0.622557 59.3999
vt 1.86938 61.475
vt 1.60979 61.5592
vt 1.56516 61.4168
vt 2.66423 30.7047
vt 2.87483 30.5311
vt 2.88676 30.7047
vt 2.92498 30.52
vt 3.08489 30.5534
vt 2.94416 30.6929
vt 2.80158 21.4113
vt 3.04281 21.2505
vt 2.9574 21.4604
vt 2.54014 38.8015
vt 2.26368 38.8888
vt 2.4205 38.683
vt 0.621043 60.2095
vt 0.602131 60.0299
vt 0.845128 60.0802
vt 1.81943 61.1099
vt 1.86273 61.2852
vt 1.55854 61.2268
vt -2.54014 38.8015
vt -2.4205 38.683
vt -2.26368 38.8888
vt -3.04281 21.2505
vt -2.80158 21.4113
vt -2.9574 21.4604
vt -2.94416 30.6929
vt -3.08489 30.5534
vt -2.92498 30.52
vt -2.71114 42.1778
vt -2.66592 42.0362
vt -2.49593 42.1381
vt -1.61137 40.9416
vt -1.60584 41.0901
vt -1.8471 40.8955
vt -1.18172 47.0199
vt -1.49482 47.005
vt -1.44196 46.8516
vt -1.42011 63.1645
vt -1.40269 62.9181
vt -1.08941 62.9288
vt 1.10365 62.871
vt 1.41405 62.8602
vt 1.42514 63.107
vt 1.50642 46.8485
vt 1.1962 46.8635
vt 1.45518 46.6946
vt 1.61131 41.0857
vt 1.61663 40.9372
vt 1.85163 40.8912
vt 2.49593 42.1381
vt 2.66592 42.0362
vt 2.71114 42.1778
vt 2.22698 27.3208
vt 2.21458 27.2004
vt 2.4238 27.2646
vt 1.62818 62.0433
vt 1.83158 62.0203
vt 1.84702 62.2737
vt 0.857688 62.2874
vt 0.861015 62.0335
vt 1.17916 62.274
vt 0.756162 54.6287
vt 1.07758 54.6141
vt 1.01288 55.0484
vt -1.05533 54.5862
vt -0.724232 54.6008
vt -0.991803 55.0206
vt -0.823133 62.2911
vt -1.15429 62.2778
vt -0.827082 62.0373
vt -1.83158 62.0203
vt -1.62818 62.0433
vt -1.84702 62.2737
vt -2.22698 27.3208
vt -2.4238 27.2646
vt -2.21458 27.2004
vt 0.483592 56.5316
vt 0.466287 56.1333
vt 0.738751 56.5429
vt 2.22195 57.5588
vt 2.14657 57.9503
vt 1.85994 57.5681
vt 1.89032 63.2687
vt 2.02817 63.0348
vt 2.25234 63.26
vt 0.760781 52.1687
vt 0.690562 52.7575
vt 0.50566 52.1566
vt 0.661339 52.8512
vt 0.395379 52.9162
vt 0.473208 52.2513
vt 1.98124 32.2805
vt 2.03587 32.3621
vt 1.80386 32.4215
vt -2.02843 32.466
vt -1.9734 32.3847
vt -1.79564 32.5252
vt -2.66423 30.7047
vt -2.88676 30.7047
vt -2.87483 30.5311
vt 0.211347 47.7991
vt -0.036523 47.6337
vt 0.227867 47.5519
vt 0.923882 61.9002
vt 0.930773 62.0336
vt 0.661954 62.0993
vt -0.669729 62.078
vt -0.937015 62.0122
vt -0.93158 61.8787
vt 0.0385125 47.5253
vt -0.219632 47.6911
vt -0.224275 47.4434
vt -0.440344 62.165
vt -0.502538 62.3883
vt -0.765661 62.1907
vt -0.497722 42.8093
vt -0.464475 42.5314
vt -0.173775 42.77
vt 0.464475 42.5314
vt 0.497722 42.8093
vt 0.173775 42.77
vt 0.440344 62.165
vt 0.765661 62.1907
vt 0.502538 62.3883
vt 1.34854 62.3556
vt 0.879208 62.3256
vt 1.28359 62.1331
vt 0.754986 61.8296
vt 0.768478 61.619
vt 1.15902 61.6363
vt 1.26696 61.7024
vt 1.6416 61.8267
vt 1.62307 62.0369
vt 0.808753 49.3143
vt 0.448976 49.152
vt 0.751377 49.1128
vt 0.484964 46.3322
vt 0.523823 46.2756
vt 0.787014 46.2904
vt -0.157301 52.0275
vt -0.204561 52.0773
vt -0.233317 51.9791
vt 0.198308 53.4096
vt 0.235553 53.5049
vt 0.0370889 53.4142
vt 0.728173 61.4761
vt 0.50666 61.5181
vt 0.524118 61.3988
vt 0.494987 61.6884
vt 0.71653 61.6465
vt 1.0693 61.9845
vt 0.155368 61.94
vt -0.00587127 61.9439
vt 0.144109 61.7387
vt 0.967379 61.7817
vt 0.824544 61.9089
vt 0.81281 61.7077
vt -0.171132 56.5321
vt -0.0374687 56.3953
vt -0.125512 56.5427
vt 0.428335 58.6475
vt 0.483572 58.7256
vt 0.332561 58.7899
vt 0.749 57.3916
vt 0.696088 57.3118
vt 0.907599 57.2596
vt 1.23799 60.1079
vt 1.29206 60.3558
vt 1.08023 60.4067
vt 1.12172 59.8886
vt 0.793681 59.9252
vt 0.752088 59.6749
vt 0.552803 53.9557
vt 0.880544 53.9166
vt 0.837853 54.1674
vt 0.753077 54.0213
vt 0.792316 53.77
vt 1.1334 54.0588
vt 0.210872 59.3527
vt 0.584229 59.3183
vt 0.570832 59.6177
vt 0.397562 57.2474
vt 0.395224 56.9394
vt 0.770683 57.2105
vt 0.854304 57.0409
vt 0.877707 57.3479
vt 0.514749 57.123
vt 0.982364 51.3185
vt 1.01176 51.475
vt 0.674742 51.567
vt 0.142731 50.7769
vt 0.142595 50.6177
vt 0.476988 50.7266
vt 0.0964191 53.7317
vt 0.43112 53.6845
vt 0.457966 54.0211
vt -0.457966 54.0211
vt -0.43112 53.6845
vt -0.0964191 53.7317
vt -0.397562 57.2474
vt -0.770683 57.2105
vt -0.395224 56.9394
vt -0.570832 59.6177
vt -0.584229 59.3183
vt -0.210872 59.3527
vt -0.754722 54.0022
vt -1.13503 54.0402
vt -0.794029 53.7512
vt -0.143477 22.3081
vt 0.213187 22.277
vt 0.223419 22.4152
vt -0.11092 20.1851
vt -0.134824 20.0731
vt 0.245387 20.1501
vt 0.790692 22.1835
vt 0.509181 22.171
vt 0.734531 22.0838
vt -0.645331 52.7449
vt -0.6454 52.956
vt -0.927151 52.9605
vt -0.475009 52.966
vt -0.468641 52.755
vt -0.318809 52.8968
vt -0.907599 57.2596
vt -0.696088 57.3118
vt -0.749 57.3916
vt -0.332561 58.7899
vt -0.483572 58.7256
vt -0.428335 58.6475
vt 2.80759 23.6014
vt 2.77453 23.7621
vt 2.70532 23.7253
vt 2.76339 27.1124
vt 2.65116 27.2078
vt 2.69184 27.0803
vt -2.62028 36.7659
vt -2.74896 36.6942
vt -2.67774 36.6802
vt 2.73757 39.2054
vt 2.76078 39.2524
vt 2.66619 39.1922
vt 1.13919 39.0288
vt 1.18303 39.0123
vt 1.12155 39.0782
vt 0.171132 56.5321
vt 0.125512 56.5427
vt 0.0374687 56.3953
vt -0.824544 61.9089
vt -0.967379 61.7817
vt -0.81281 61.7077
vt 0.00587127 61.9439
vt -0.155368 61.94
vt -0.144109 61.7387
vt -0.198308 53.4096
vt -0.0370889 53.4142
vt -0.235553 53.5049
vt 0.233317 51.9791
vt 0.204561 52.0773
vt 0.157301 52.0275
vt -0.523823 46.2756
vt -0.484964 46.3322
vt -0.787014 46.2904
vt -0.448976 49.152
vt -0.808753 49.3143
vt -0.751377 49.1128
vt -0.637723 48.1541
vt -0.323537 48.1436
vt -0.360605 48.3498
vt -0.0760572 16.746
vt -0.388468 16.781
vt -0.350895 16.6795
vt 1.8284 16.6345
vt 1.87564 16.7318
vt 1.52883 16.8576
vt 0.705486 5.93665
vt 1.06648 5.99516
vt 1.00954 6.14561
vt -0.530805 41.7325
vt -0.165334 41.7195
vt -0.244261 41.9761
vt -1.01012 44.9243
vt -0.88472 44.687
vt -0.619998 44.8992
vt -1.06648 5.99516
vt -0.705486 5.93665
vt -1.00954 6.14561
vt 0.165334 41.7195
vt 0.530805 41.7325
vt 0.244261 41.9761
vt 0.88472 44.687
vt 1.01012 44.9243
vt 0.619998 44.8992
vt 0.323537 48.1436
vt 0.637723 48.1541
vt 0.360605 48.3498
vt 0.388468 16.781
vt 0.0760572 16.746
vt 0.350895 16.6795
vt 1.44784 7.75457
vt 1.4293 7.91711
vt 1.18007 7.66375
vt -1.30582 13.2052
vt -1.04558 13.1633
vt -1.18101 13.311
vt -2.16778 26.2708
vt -2.10824 26.1758
vt -1.99078 26.3648
vt -2.76078 39.2524
vt -2.73757 39.2054
vt -2.66619 39.1922
vt -1.13919 39.0288
vt -1.12155 39.0782
vt -1.18303 39.0123
vt 2.74896 36.6942
vt 2.62028 36.7659
vt 2.67774 36.6802
vt -2.69184 27.0803
vt -2.65116 27.2078
vt -2.76339 27.1124
vt -2.80759 23.6014
vt -2.70532 23.7253
vt -2.77453 23.7621
vt 0.191568 22.9712
vt -0.00935038 22.8963
vt 0.101536 22.78
vt 2.36281 23.5424
vt 2.19985 23.5864
vt 2.28221 23.3918
vt -2.32878 7.39502
vt -2.3604 7.71035
vt -2.47559 7.58696
vt -0.780354 22.3642
vt -0.724547 22.2641
vt -0.49889 22.3506
vt -0.252749 20.3552
vt 0.128416 20.2792
vt 0.104264 20.3912
vt -0.222961 22.2725
vt 0.134393 22.3049
vt -0.232822 22.4107
vt 0.647502 52.7451
vt 0.929242 52.9611
vt 0.647493 52.9562
vt 0.318809 52.8968
vt 0.468641 52.755
vt 0.475009 52.966
vt -1.87564 16.7318
vt -1.8284 16.6345
vt -1.52883 16.8576
vt -1.4293 7.91711
vt -1.44784 7.75457
vt -1.18007 7.66375
vt 1.04558 13.1633
vt 1.30582 13.2052
vt 1.18101 13.311
vt 2.10824 26.1758
vt 2.16778 26.2708
vt 1.99078 26.3648
vt -0.101536 22.78
vt 0.00935038 22.8963
vt -0.191568 22.9712
vt -2.36281 23.5424
vt -2.28221 23.3918
vt -2.19985 23.5864
vt 2.47559 7.58696
vt 2.3604 7.71035
vt 2.32878 7.39502
vt -0.880269 53.8949
vt -0.55253 53.9341
vt -0.83759 54.1454
vt 0.572624 61.1338
vt 0.892962 60.915
vt 0.726559 61.2091
vt -0.146843 8.29611
vt -0.359894 8.2518
vt -0.352118 8.21052
vt -0.331335 8.10045
vt -2.61594 50.6677
vt -2.63816 50.6531
vt -2.51788 50.4572
vt -1.62983 26.9461
vt -1.62297 26.9718
vt -1.9599 27.0869
vt -2.81566 12.2066
vt -2.63448 11.8928
vt -2.75731 12.23
vt 0.776387 45.7242
vt 1.12843 45.8103
vt 1.10682 45.9942
vt 2.13932 14.1102
vt 2.07901 14.1279
vt 1.9655 13.9174
vt 2.65669 11.738
vt 2.64514 11.7992
vt 2.54724 11.5587
vt 2.69293 11.5388
vt -0.0426277 66.1333
vt -1.65959 65.7063
vt -1.15009 64.6473
vt 2.81675 46.0898
vt 2.84899 45.4331
vt 3.00448 46.0821
vt 3.3992 47.0841
vt 3.73262 47.4149
vt 3.23701 47.7315
vt 3.59589 62.8283
vt 3.19617 62.5818
vt 3.62029 62.2334
vt -2.5617 64.5319
vt -2.79473 64.7602
vt -2.92333 64.1789
vt -3.1299 64.4698
vt -2.89669 64.2417
vt -2.58881 64.7002
vt -2.85966 64.1586
vt -2.56845 64.1148
vt -2.55236 64.6175
vt -2.84508 64.4181
vt -2.87405 63.9891
vt -2.55385 64.3743
vt -2.2477 63.8806
vt -2.22329 64.3099
vt -2.58556 63.9574
vt -3.62561 57.9235
vt -3.18259 57.8224
vt -3.36234 58.3497
vt -1.377 57.1247
vt -1.68627 57.3224
vt -1.77541 56.7725
vt -1.75598 64.3696
vt -2.32233 64.221
vt -1.99853 64.0481
vt -1.6114 64.1991
vt -2.16864 64.5543
vt -2.17799 64.0513
vt -3.10058 36.8292
vt -2.94528 36.1869
vt -2.91296 36.8392
vt -2.4436 61.934
vt -1.5417 61.6738
vt -2.06273 62.7118
vt 0.59074 56.9114
vt 1.15523 57.4147
vt 0.628656 57.1738
vt -1.32616 63.5228
vt -1.07356 64.3916
vt -1.62964 63.9495
vt -1.24191 51.0333
vt -1.14429 53.5791
vt -3.31292 53.5177
vt -0.904622 51.3034
vt -2.97498 53.7884
vt -3.41669 51.2006
vt -3.67 51.2243
vt -3.23238 53.8128
vt -5.47067 53.7955
vt -5.46229 52.0829
vt -3.224 52.1005
vt -4.20931 55.9221
vt -4.08631 50.9304
vt -1.86993 51.0452
vt -3.55574 53.6931
vt -1.97493 49.3201
vt -1.81678 51.3907
vt -4.03332 51.2789
vt -3.22929 51.3617
vt -3.34461 49.2882
vt -0.733635 49.2258
vt -0.73829 49.1664
vt -3.34927 49.2287
vt -0.719769 46.9524
vt -2.38043 48.9409
vt -2.79401 46.4905
vt 0.188265 46.5961
vt -1.2208 46.878
vt -0.656684 49.2982
vt -2.67878 49.1586
vt -2.71976 48.662
vt -0.69788 48.8047
vt -2.68157 50.8392
vt -1.945 46.2597
vt -0.0763402 46.2519
vt -1.42356 48.5996
vt 0.72127 46.9526
vt 3.34921 49.2294
vt 0.73823 49.1667
vt 3.34456 49.2885
vt 3.22802 51.3642
vt 0.733586 49.2256
vt 4.02683 51.2813
vt 1.81256 51.3927
vt 1.97192 49.3197
vt 4.07994 50.9311
vt 3.55094 53.6924
vt 1.86582 51.0455
vt 3.44263 51.2705
vt 0.993109 51.3706
vt 0.942269 49.1388
vt -0.92102 49.1526
vt -0.910109 51.385
vt -3.42217 51.2821
vt -2.25673 31.0635
vt -2.25415 28.3057
vt -0.0917694 29.0356
vt 6.75765 48.1065
vt 8.41611 48.566
vt 5.98093 50.588
vt 7.9448 54.0649
vt 6.2774 53.639
vt 6.9292 50.1155
vt 8.74699 50.3659
vt 8.11206 53.8925
vt 7.12744 53.495
vt 7.15206 53.5072
vt 8.13691 53.9041
vt 6.66614 55.5119
vt 6.34014 47.3221
vt 5.64324 49.8272
vt 5.04463 49.0741
vt 6.89721 44.0923
vt 5.23158 44.8487
vt 6.46669 43.232
vt 6.55071 34.7221
vt 6.2583 37.2896
vt 4.97374 35.6492
vt 5.26473 45.5262
vt 4.24237 44.5077
vt 6.5258 43.9297
vt 5.64183 46.4829
vt 6.59427 47.8582
vt 4.30045 48.3935
vt 5.38408 52.649
vt 4.94747 54.665
vt 3.79736 53.4501
vt -0.8333 48.6894
vt -2.20791 46.8034
vt 0.185604 45.2714
vt -0.608426 47.7631
vt -2.16672 48.6433
vt -1.0558 45.2541
vt -1.54443 43.8471
vt -1.2478 46.131
vt -2.95065 45.7844
vt 1.7451 48.0915
vt 0.0966173 47.973
vt 1.93428 46.0713
vt 0.0929095 48.0039
vt 1.74139 48.1225
vt 1.613 49.8836
vt 1.28482 49.8757
vt 1.41885 48.115
vt 3.67195 49.4095
vt 3.81881 48.145
vt 2.9906 49.5555
vt 1.43551 48.6305
vt 2.45953 51.4415
vt 1.85811 50.8572
vt 2.76844 49.4982
vt 3.74611 51.2835
vt 2.24984 51.4517
vt 2.56676 49.5097
vt 2.16393 50.5062
vt 3.66014 50.3374
vt 2.92955 51.8192
vt 3.79412 47.223
vt 4.40905 48.613
vt 1.56773 48.642
vt 1.53471 49.8347
vt 0.539656 47.9513
vt 3.15313 48.0842
vt 0.345189 51.389
vt 2.05563 49.7283
vt 2.24832 51.9164
vt 1.39991 51.9343
vt 1.25495 49.7425
vt 2.5308 50.5058
vt 1.68874 50.4178
vt 1.65998 51.8778
vt 0.538253 51.8306
vt -0.200178 50.3913
vt 2.54491 51.6714
vt -0.243825 51.851
vt 2.57893 51.8839
vt 0.0315892 52.5365
vt -0.209735 52.0646
vt 0.941926 51.7904
vt 1.18898 52.2594
vt 0.0630526 52.7555
vt 1.63865 52.0395
vt 0.767423 53.0115
vt 0.516933 51.9919
vt 0.0535382 51.2134
vt 0.0624077 50.1541
vt 1.54759 51.3065
vt 11.5263 35.7333
vt 8.91084 42.1428
vt 8.23518 41.7717
vt 12.7982 28.6125
vt 12.1978 28.6245
vt 12.7388 27.7015
vt -1.66958 25.5159
vt -0.849367 25.8048
vt -2.50975 32.5817
vt 12.7096 31.8159
vt 13.0475 32.1611
vt 12.5082 32.7739
vt 6.12567 28.4528
vt 5.40797 28.093
vt 6.27375 28.1052
vt 10.9769 32.6452
vt 10.6255 32.1832
vt 11.1114 32.3252
vt 10.3813 24.3425
vt 9.9623 24.373
vt 9.89525 24.0324
vt 9.80653 24.5236
vt 9.99497 25.4367
vt 9.50395 25.1346
vt -1.44157 28.6434
vt -1.08674 28.7784
vt -1.5479 28.9365
vt -1.85858 31.071
vt -2.21383 30.9371
vt -1.98847 30.3539
vt -9.48306 28.1015
vt -9.72593 27.9926
vt -9.29162 27.5063
vt -9.3584 26.5904
vt -9.27155 26.2013
vt -9.02995 26.313
vt -12.8262 30.8004
vt -13.2779 30.8532
vt -12.8979 30.4082
vt -12.8641 30.8505
vt -12.9963 30.3523
vt -12.4965 30.3952
vt -12.5447 29.6465
vt -13.0443 29.6018
vt -12.6278 29.0616
vt -11.9322 25.2682
vt -11.7684 24.7004
vt -11.5394 24.7478
vt -11.2357 23.2182
vt -11.4618 23.773
vt -11.6906 23.7246
vt -2.75764 29.6511
vt -3.28973 29.5451
vt -2.95499 29.0483
vt -3.37242 31.3121
vt -3.49967 30.5946
vt -2.96759 30.7006
vt -2.34878 29.1542
vt -2.61863 29.6003
vt -2.81572 28.9974
vt 11.9109 28.7531
vt 12.2781 28.8913
vt 11.8177 29.2661
vt 12.5302 28.9195
vt 12.5227 29.5242
vt 12.1528 29.3931
vt 7.18131 28.2136
vt 7.43444 28.1898
vt 7.41947 28.7695
vt 7.45329 29.5485
vt 7.58535 29.8647
vt 7.33221 29.8884
vt -0.0220587 31.8775
vt -0.122143 31.5497
vt 0.248048 31.7153
vt -0.23661 31.6405
vt -0.0416073 31.5435
vt 0.133195 31.8069
vt 4.2397 29.7952
vt 4.09782 29.6132
vt 4.41484 29.6658
vt 10.693 29.7993
vt 10.8819 29.932
vt 10.7744 30.2765
vt 13.0637 28.9816
vt 13.2111 28.8591
vt 13.3263 29.3293
vt 5.48098 12.2573
vt 5.27887 12.072
vt 5.56733 12.0863
vt 0.384464 22.903
vt 0.62008 23.0433
vt 0.232947 23.2182
vt 1.51953 26.0633
vt 1.43192 26.3792
vt 1.12943 26.2315
vt 12.2371 29.6915
vt 12.3296 29.3769
vt 12.5863 29.7289
vt 12.0909 29.0481
vt 12.4397 29.0883
vt 12.0592 29.5594
vt -0.670936 30.2803
vt -0.367598 30.4263
vt -0.563893 30.8995
vt -3.57082 31
vt -3.19759 30.5366
vt -3.10429 31.158
vt -10.9218 23.8083
vt -10.6196 23.8769
vt -10.9462 24.3742
vt -10.281 20.4726
vt -10.5819 20.3982
vt -10.2686 20.123
vt -11.6196 18.5713
vt -11.4507 18.1202
vt -11.3287 18.2726
vt -8.17002 30.3303
vt -7.9076 30.7343
vt -8.19594 30.5215
vt -8.86843 29.7125
vt -9.06716 29.7922
vt -9.14629 29.4862
vt -8.9667 30.4481
vt -9.05224 29.7755
vt -8.85358 29.6957
vt 0.721491 32.208
vt 0.988838 32.0412
vt 1.32186 32.6318
vt -10.9654 29.8157
vt -11.417 29.3962
vt -11.1966 28.6679
vt -10.5423 23.6597
vt -10.5767 24.2251
vt -11.0492 24.7152
vt 4.94269 31.4177
vt 5.19499 31.2774
vt 5.26145 31.4585
vt 5.34256 10.0455
vt 5.41834 9.86555
vt 5.63097 10.0608
vt -9.20161 26.4179
vt -9.4664 26.391
vt -9.13887 26.1125
vt 10.5215 28.6283
vt 9.86315 28.2678
vt 10.0306 27.7252
vt -0.811846 32.5879
vt -0.318691 32.9049
vt -0.374697 33.5183
vt -11.2026 31.2547
vt -11.6632 31.0818
vt -11.261 30.5864
vt -10.7287 28.9422
vt -10.9736 29.5315
vt -11.1987 28.8278
vt -11.0777 29.4095
vt -11.5268 29.3614
vt -11.2974 28.7041
vt -11.171 26.0465
vt -11.636 25.9135
vt -11.0866 25.2147
vt 2.65126 27.6221
vt 2.86669 27.4891
vt 3.18718 28.3183
vt 3.91555 25.857
vt 3.63518 25.3462
vt 4.11893 25.7063
vt 10.5748 28.7555
vt 10.3827 28.9547
vt 10.0864 28.4375
vt 11.219 28.8859
vt 10.7168 28.5691
vt 10.8905 28.3886
vt 12.3192 27.7081
vt 12.1131 27.1515
vt 12.6232 27.4556
vt 12.2473 27.806
vt 11.6811 27.4492
vt 12.0576 27.2436
vt -1.97066 25.5245
vt -2.38507 25.2845
vt -1.8004 24.8772
vt -2.52505 25.428
vt -2.31282 24.9242
vt -1.9363 25.0267
vt -11.2288 29.4224
vt -11.004 29.6769
vt -11.4839 29.9385
vt -10.8351 29.2615
vt -10.9663 29.703
vt -11.1916 29.4489
vt -9.86047 29.6139
vt -9.67958 29.8574
vt -9.97498 30.0601
vt -8.01378 29.3877
vt -8.18671 29.6725
vt -8.37487 29.4346
vt -0.587303 31.3349
vt -0.472312 31.0221
vt -0.292669 31.3236
vt 0.955757 31.0588
vt 1.14445 31.0945
vt 1.1498 31.3512
vt 2.41174 23.4411
vt 2.45482 23.2514
vt 2.60046 23.4767
vt -8.5034 24.072
vt -8.46812 24.2633
vt -8.82877 24.3135
vt -10.5153 19.8041
vt -10.5771 20.2046
vt -10.6345 19.8616
vt -10.3834 20.6312
vt -10.6726 20.5393
vt -10.4519 20.2902
vt -10.5216 22.0411
vt -10.5517 21.6479
vt -10.2608 21.7343
vt -11.4141 20.3243
vt -11.7277 20.1562
vt -11.3825 19.9312
vt -11.7781 23.7964
vt -11.3604 23.4418
vt -11.0355 23.587
vt 2.61778 24.5398
vt 2.87702 24.4233
vt 3.0735 24.9348
vt 4.22251 21.277
vt 4.43434 21.6304
vt 4.19105 21.7773
vt 3.22289 21.6523
vt 3.46606 21.5727
vt 3.4034 22.07
vt 2.52252 23.6302
vt 2.67643 23.9254
vt 2.42876 23.9897
vt 2.58102 23.6094
vt 2.78127 23.5215
vt 2.69482 23.8828
vt 7.80911 15.2807
vt 7.72828 15.2193
vt 7.94499 15.1094
vt 11.2297 27.4515
vt 11.04 27.1501
vt 11.1401 27.1668
vt 10.0449 29.384
vt 10.1677 29.2302
vt 10.3983 29.5016
vt 3.88088 21.8565
vt 4.11864 21.9212
vt 4.01531 22.0887
vt 6.86654 17.4072
vt 7.01529 17.2107
vt 7.09261 17.3181
vt 9.97043 29.7492
vt 9.89408 29.5041
vt 10.247 29.6232
vt 11.0001 27.8797
vt 10.7233 27.5836
vt 10.9927 27.443
vt -0.297981 27.5969
vt -0.00355951 27.581
vt -0.0393925 27.9847
vt -1.68757 27.1995
vt -1.53193 26.8769
vt -1.30683 27.285
vt 12.0922 26.3899
vt 11.7188 26.6011
vt 11.6531 26.1693
vt 10.4924 27.2115
vt 10.6859 27.0629
vt 10.9247 27.4449
vt 10.2168 28.0996
vt 10.1584 27.807
vt 10.4142 27.9562
vt 10.9012 27.0823
vt 11.3152 27.2711
vt 11.1491 27.4585
vt -12.0125 25.1542
vt -11.8461 24.3348
vt -11.1014 24.1331
vt -11.9991 30.306
vt -10.8593 29.5486
vt -11.1059 30.0689
vt 3.718 28.7097
vt 3.37202 27.9348
vt 3.93944 28.6056
vt -12.8814 31.4915
vt -12.9764 31.6603
vt -13.2688 31.4267
vt -12.8021 31.2922
vt -12.8781 31.6028
vt -13.2655 31.5382
vt -6.36378 33.1369
vt -6.72636 33.1767
vt -6.68636 32.8594
vt -12.7555 31.186
vt -13.2179 31.434
vt -13.0099 31.0225
vt -0.273996 20.7839
vt 0.110322 21.1454
vt -0.644743 21.2486
vt -0.108071 41.3625
vt -0.00247064 40.839
vt 0.387775 41.543
vt 0.00174915 40.7641
vt 0.102449 41.2885
vt -0.385111 41.4693
vt 0.266717 21.1577
vt 0.647524 21.6141
vt -0.113084 21.5128
vt -0.651141 3.50225
vt -1.05739 3.20239
vt -0.658902 2.73497
vt -0.480026 4.8497
vt -0.792584 5.39913
vt -0.940325 4.64214
vt 0.494889 4.83422
vt 0.946405 4.62629
vt 0.805725 5.38462
vt 0.658684 2.74865
vt 1.06088 3.21289
vt 0.662875 3.51071
vt 1.13542 3.8448
vt 0.630539 3.49498
vt 1.35797 3.7326
vt -0.512393 16.4915
vt -0.436786 16.8348
vt -1.27571 16.5459
vt 0.0177092 33.545
vt 0.73804 33.3893
vt 0.326837 33.7125
vt -0.00662442 35.7192
vt 0.726441 36.3813
vt 0.00342674 36.524
vt 0.58222 45.5387
vt 0.405951 45.7032
vt 0.115625 45.775
vt -0.0488077 61.2765
vt 0.24555 61.2237
vt -0.0789586 61.5938
vt -0.0492606 56.8967
vt 0.311198 57.1218
vt -0.340808 57.2933
vt -0.418553 24.987
vt -0.647329 24.8593
vt -0.0972566 24.4695
vt 0.503011 15.9338
vt 0.69346 16.8752
vt 0.509814 17.062
vt -0.243758 61.1117
vt -0.263784 61.4298
vt -1.18698 61.1651
vt -1.09731 55.8968
vt -0.213987 55.9805
vt -1.15689 56.0393
vt -0.967226 54.5853
vt -1.01693 54.7314
vt -1.66819 54.5416
vt -1.29111 49.682
vt -0.643945 49.8854
vt -1.06293 50.1812
vt -1.39442 37.7706
vt -1.06443 37.3779
vt -0.0579364 37.8876
vt 0.934991 2.24025
vt 0.573664 3.53227
vt 0.0664458 3.30635
vt -0.103484 16.6548
vt 0.0209329 17.224
vt -0.532418 17.27
vt -0.0523389 16.3108
vt 0.539761 16.2961
vt -0.00334382 16.8914
vt 0.574037 17.9014
vt 0.533695 18.4889
vt -0.0199031 18.446
vt 0.553692 21.5262
vt 0.235354 21.0308
vt 0.48412 20.9211
vt 0.647329 24.8593
vt 0.418553 24.987
vt 0.0972566 24.4695
vt -0.509814 17.062
vt -0.69346 16.8752
vt -0.503011 15.9338
vt 0.263784 61.4298
vt 0.243758 61.1117
vt 1.18698 61.1651
vt -0.24555 61.2237
vt 0.0488077 61.2765
vt 0.0789586 61.5938
vt -0.405951 45.7032
vt -0.58222 45.5387
vt -0.115625 45.775
vt -0.73804 33.3893
vt -0.0177092 33.545
vt -0.326837 33.7125
vt -0.72636 36.4032
vt 0.00612278 35.7415
vt -0.00332894 36.5458
vt 0.436786 16.8348
vt 0.512393 16.4915
vt 1.27571 16.5459
vt -0.630539 3.49498
vt -1.13542 3.8448
vt -1.35797 3.7326
vt 0.280431 1.40562
vt -0.00937652 0.776616
vt 0.467661 1.24111
vt -1.48838 12.2924
vt -1.43506 11.9357
vt -0.753457 12.0584
vt -0.478806 21.6628
vt -0.644348 21.0868
vt -0.178356 21.4634
vt 0.478806 21.6628
vt 0.178356 21.4634
vt 0.644348 21.0868
vt 0.753457 12.0584
vt 1.43506 11.9357
vt 1.48838 12.2924
vt -0.280431 1.40562
vt -0.467661 1.24111
vt 0.00937652 0.776616
vt 0.527871 48.7499
vt 1.1477 48.4636
vt 1.19327 48.7263
vt -1.59366 59.146
vt -0.954414 59.3857
vt -1.6556 59.3458
vt -1.5164 58.7776
vt -1.57341 58.9788
vt -1.86799 58.8842
vt -1.58163 58.5474
vt -2.00226 58.5269
vt -1.87597 58.452
vt -1.54559 57.8124
vt -1.88948 57.9951
vt -1.96622 57.7919
vt -1.97084 54.532
vt -1.6332 54.338
vt -1.33377 54.798
vt 0.461363 19.1835
vt 0.477402 19.8736
vt 0.0978365 19.1316
vt 0.0382769 24.2453
vt -0.344846 24.42
vt -0.524456 23.6305
vt -1.42565 10.9604
vt -1.51081 10.5481
vt -0.178458 10.8883
vt 1.51064 10.5258
vt 1.42565 10.939
vt 0.178463 10.8667
vt 0.523719 23.6228
vt 0.345125 24.4125
vt -0.0388177 24.2377
vt -0.461363 19.1835
vt -0.0978365 19.1316
vt -0.477402 19.8736
vt -0.229507 54.1119
vt -0.147028 53.8932
vt 0.137158 54.092
vt -0.24298 53.9821
vt -0.128003 53.9785
vt -0.211322 54.197
vt -0.0491798 49.7092
vt -0.0474071 49.8422
vt -0.162369 49.8462
vt -0.183114 49.8471
vt -0.179923 49.7141
vt 0.102882 49.7211
vt -0.264711 17.2461
vt 0.0176327 17.2285
vt 0.131822 17.6953
vt 1.05874 18.423
vt 1.20548 17.9654
vt 1.30328 18.0814
vt 1.04714 40.0596
vt 1.1868 40.0005
vt 1.14125 40.1723
vt 1.87597 58.452
vt 2.00226 58.5269
vt 1.58163 58.5474
vt 1.54559 57.8124
vt 1.96622 57.7919
vt 1.88948 57.9951
vt 1.97084 54.532
vt 1.33377 54.798
vt 1.6332 54.338
vt 1.06293 50.1812
vt 0.643945 49.8854
vt 1.29111 49.682
vt 1.39442 37.7706
vt 0.0579364 37.8876
vt 1.06443 37.3779
vt -0.573664 3.53227
vt -0.934991 2.24025
vt -0.0664458 3.30635
vt 1.01693 54.7314
vt 0.967226 54.5853
vt 1.66819 54.5416
vt 0.213987 55.9805
vt 1.09731 55.8968
vt 1.15689 56.0393
vt 0.954414 59.3857
vt 1.59366 59.146
vt 1.6556 59.3458
vt -1.19327 48.7263
vt -1.1477 48.4636
vt -0.527871 48.7499
vt -1.7551 49.2557
vt -1.70262 49.517
vt -2.10031 49.3815
vt 1.5164 58.7776
vt 1.86799 58.8842
vt 1.57341 58.9788
vt -0.357757 54.9116
vt -0.066549 54.7982
vt -0.0601487 55.0016
vt 0.0690156 54.87
vt 0.360287 54.9833
vt 0.0816165 55.0731
vt -0.102882 49.7211
vt 0.179923 49.7141
vt 0.183114 49.8471
vt -0.131822 17.6953
vt -0.0176327 17.2285
vt 0.264711 17.2461
vt -1.20548 17.9654
vt -1.05874 18.423
vt -1.30328 18.0814
vt 1.70262 49.517
vt 1.7551 49.2557
vt 2.10031 49.3815
vt -1.1868 40.0005
vt -1.04714 40.0596
vt -1.14125 40.1723
vt 0.0474071 49.8422
vt 0.0491798 49.7092
vt 0.162369 49.8462
vt 0.211322 54.197
vt 0.128003 53.9785
vt 0.24298 53.9821
vt 0.147028 53.8932
vt 0.229507 54.1119
vt -0.137158 54.092
vt -0.915194 41.3518
vt -0.645128 41.2388
vt -0.880066 41.4939
vt 0.553976 42.4892
vt 0.844792 42.5992
vt 0.7964 42.7373
vt -0.311198 57.1218
vt 0.0492606 56.8967
vt 0.340808 57.2933
vt -0.54266 17.8144
vt -0.069329 17.8279
vt -0.550417 18.4032
vt -0.235354 21.0308
vt -0.553692 21.5262
vt -0.48412 20.9211
vt 2.15163 64.4657
vt 2.17505 64.6489
vt 2.05344 64.6656
vt 2.26811 64.5369
vt 2.29278 64.7092
vt 2.16976 64.7337
vt 2.14393 64.5507
vt 2.15266 64.6803
vt 2.27158 64.6716
vt 2.18022 64.8521
vt 2.28143 64.0715
vt 2.28191 64.2298
vt 2.16299 64.2386
vt 2.14635 64.2883
vt 2.14934 64.13
vt 2.27139 64.278
vt 2.14746 64.1184
vt 2.27123 64.1315
vt 2.26948 64.2664
vt 2.10651 58.1387
vt 2.14432 57.9886
vt 2.23012 58.1533
vt 2.17326 56.8744
vt 2.28835 56.9009
vt 2.26235 57.0535
vt 2.11524 47.7694
vt 2.17966 47.5984
vt 2.229 47.8012
vt 2.16781 44.3337
vt 2.29254 44.3537
vt 2.27103 44.5351
vt 2.16682 31.6483
vt 2.21602 31.4693
vt 2.28998 31.6764
vt 2.00021 29.8505
vt 2.12517 29.8563
vt 2.11822 30.0418
vt 2.24272 6.42685
vt 2.19945 6.61755
vt 2.07699 6.592
vt 2.1233 6.39733
vt 1.77439 13.4485
vt 1.9372 13.3402
vt 1.84976 13.5485
vt 1.97501 13.1287
vt 2.04451 13.2321
vt 1.89411 13.3397
vt -0.338618 14.5906
vt -0.487818 14.4805
vt -0.416116 14.3786
vt 0.570965 28.2339
vt 0.521491 28.3447
vt 0.392811 28.1824
vt -0.751863 39.9705
vt -0.84539 39.8442
vt -0.750903 39.768
vt -0.345236 44.0698
vt -0.441854 44.1445
vt -0.453629 43.956
vt -0.786485 51.2224
vt -0.852727 51.0966
vt -0.74849 51.033
vt -0.240509 55.7125
vt -0.243498 55.7142
vt -0.242889 55.7116
vt -0.215039 55.5449
vt -0.131497 55.6598
vt -0.447625 60.3711
vt -0.483313 60.2722
vt -0.480276 60.2705
vt -0.369177 60.2224
vt 0.349627 62.5723
vt 0.214143 62.6061
vt 0.304285 62.4774
vt 0.115549 64.4332
vt 0.108778 64.3691
vt 0.244543 64.3364
vt -0.955347 64.1865
vt -0.958155 64.128
vt -0.927365 64.1228
vt -0.924644 64.1873
vt -0.527595 64.291
vt -0.577045 64.289
vt -0.532002 64.2326
vt -0.510092 64.8056
vt -0.521744 64.8627
vt -0.559544 64.8036
vt -0.943881 64.7779
vt -0.973773 64.7712
vt -0.962119 64.7141
vt -0.784043 61.7033
vt -0.810986 61.7634
vt -0.813877 61.6964
vt 0.291903 64.3513
vt 0.17841 64.271
vt 0.209279 64.2128
vt 0.493179 63.1174
vt 0.415643 63.1933
vt 0.380556 63.0358
vt -0.149369 58.5858
vt -0.233178 58.4987
vt -0.161164 58.4175
vt 0.273709 54.6702
vt 0.157416 54.7406
vt 0.196179 54.5774
vt -0.124911 48.5472
vt -0.189247 48.4439
vt -0.0784326 48.3651
vt 0.861401 42.7564
vt 0.69747 42.787
vt 0.825848 42.64
vt 0.580454 34.4212
vt 0.562678 34.3061
vt 0.725177 34.2687
vt 1.37068 34.6059
vt 1.19081 34.5669
vt 1.38635 34.4905
vt 1.63785 21.784
vt 1.60026 21.9052
vt 1.41552 21.8408
vt 1.46393 21.7239
vt 0.454035 20.9259
vt 0.49785 21.0451
vt 0.311343 21.108
vt 0.278179 20.9855
vt -1.04623 34.5457
vt -1.14776 34.4693
vt -1.04641 34.3266
vt -0.275408 43.2385
vt -0.407472 43.3535
vt -0.361928 43.1589
vt -0.420758 43.3141
vt -0.495041 43.2218
vt -0.375947 43.1193
vt 0.797142 34.8197
vt 0.615321 34.8574
vt 0.761847 34.7066
vt -0.0493846 48.2939
vt -0.176541 48.3863
vt -0.132331 48.2036
vt -0.529759 54.2766
vt -0.621657 54.1955
vt -0.536233 54.0857
vt -0.0336082 58.4692
vt -0.127878 58.5715
vt -0.13915 58.4031
vt -0.318091 62.2659
vt -0.425771 62.2032
vt -0.379543 62.1093
vt 0.394187 64.1556
vt 0.343354 64.2471
vt 0.260998 64.1085
vt 0.223876 64.9335
vt 0.0906109 64.8866
vt 0.24274 64.8318
vt 0.0844076 64.891
vt 0.0965007 64.8279
vt 0.236544 64.8362
vt -0.909558 64.7058
vt -0.922033 64.7688
vt -0.940262 64.7051
vt 0.221821 64.5461
vt 0.0817819 64.5378
vt 0.210944 64.4412
vt -0.474945 64.3823
vt -0.599935 64.3747
vt -0.606209 64.2694
vt -0.449383 64.8101
vt -0.47193 64.9408
vt -0.574379 64.8026
vt -1.13462 64.8018
vt -1.11239 64.671
vt -0.989848 64.6817
vt -1.03269 64.3948
vt -1.15523 64.384
vt -1.15513 64.2505
vt -0.457054 64.3202
vt -0.45175 64.4536
vt -0.583162 64.3409
vt -0.329485 60.3785
vt -0.455316 60.4009
vt -0.376705 60.2523
vt -0.989129 58.5501
vt -1.02288 58.4195
vt -0.905745 58.3831
vt -0.680019 51.1987
vt -0.795243 51.2408
vt -0.756848 51.0515
vt -1.03065 49.1781
vt -1.09394 49.0246
vt -0.984898 48.9754
vt -0.608261 39.9194
vt -0.710871 39.9809
vt -0.712555 39.7784
vt -1.63671 33.2077
vt -1.68071 33.0379
vt -1.561 33.0025
vt -0.336655 14.349
vt -0.42049 14.4415
vt -0.491003 14.2271
vt -1.76544 9.22314
vt -1.8076 9.03102
vt -1.68747 9.00452
vt -1.8062 9.36945
vt -1.9305 9.37894
vt -1.82913 9.17013
vt -1.88313 31.272
vt -1.88528 31.4633
vt -2.00777 31.2745
vt -2.32792 33.2899
vt -2.25215 33.1142
vt -2.13855 33.1636
vt -2.21273 33.333
vt -1.90806 14.1804
vt -1.97102 14.0737
vt -1.73957 14.0821
vt -1.97287 14.7757
vt -1.79917 14.6753
vt -1.74141 14.7836
vt -0.107534 13.4049
vt -0.0562945 13.2933
vt 0.123914 13.3803
vt 0.0705572 13.577
vt -0.10629 13.4905
vt 0.125172 13.466
vt -0.460061 20.9453
vt -0.429502 20.8228
vt -0.241686 20.8818
vt -1.43849 21.8537
vt -1.61222 21.9139
vt -1.47608 21.7332
vt -1.61896 21.8365
vt -1.66768 21.7199
vt -1.48371 21.6551
vt -2.27162 36.8507
vt -2.16501 36.6996
vt -2.06179 36.7724
vt -2.16334 36.9174
vt -2.31068 48.4265
vt -2.23846 48.2449
vt -2.12206 48.2961
vt -2.18992 48.4672
vt -2.12588 46.5736
vt -2.17408 46.763
vt -2.24494 46.5427
vt -2.18064 46.6804
vt -2.30099 46.6506
vt -2.25041 46.4597
vt -2.25693 57.1821
vt -2.22662 56.9965
vt -2.10504 57.0208
vt -1.82895 56.7753
vt -1.95215 56.7653
vt -1.82565 56.5873
vt -1.77249 64.328
vt -1.79233 64.5166
vt -1.89579 64.3193
vt -2.08037 64.6526
vt -2.20348 64.6395
vt -2.17801 64.4516
vt -2.18653 64.3572
vt -2.17175 64.168
vt -2.04865 64.1811
vt -1.8884 64.3042
vt -1.76788 64.316
vt -1.78793 64.5048
vt -1.9104 64.4886
vt -1.81041 64.4795
vt -1.93093 64.4676
vt -1.91361 64.282
vt -1.62514 64.231
vt -1.63853 64.4169
vt -1.74974 64.2286
vt -1.64256 64.4079
vt -1.76618 64.3948
vt -1.75371 64.2196
vt -1.74021 64.6676
vt -1.71748 64.4947
vt -1.59385 64.5077
vt -1.2061 64.8357
vt -1.32634 64.8081
vt -1.18119 64.6631
vt -0.983992 58.819
vt -1.04621 58.9807
vt -1.10367 58.7891
vt -1.53927 56.8623
vt -1.66036 56.8286
vt -1.61681 56.661
vt -1.32643 46.6739
vt -1.40209 46.8506
vt -1.44544 46.6334
vt -1.61981 45.0262
vt -1.73741 44.9946
vt -1.68258 44.8103
vt -1.52085 30.8202
vt -1.44662 30.6516
vt -1.33352 30.6967
vt -1.40936 30.8724
vt -0.91816 34.3877
vt -1.02434 34.5383
vt -1.02275 34.3192
vt -1.37603 46.7592
vt -1.4899 46.7075
vt -1.41759 46.5417
vt -0.744288 51.3422
vt -0.844102 51.4931
vt -0.852689 51.2894
vt -0.778529 51.4514
vt -0.874534 51.3835
vt -0.784014 51.2476
vt -0.438135 54.1517
vt -0.538096 54.2808
vt -0.544882 54.09
vt -0.754183 60.1475
vt -0.863962 60.0913
vt -0.810789 59.9688
vt -0.222161 62.0554
vt -0.283044 62.1743
vt -0.344001 62.0176
vt -0.448388 64.9266
vt -0.570608 64.89
vt -0.550846 64.7884
vt -0.723781 60.0959
vt -0.785245 60.238
vt -0.842571 60.0594
vt -1.0368 58.9503
vt -1.14803 58.9036
vt -1.09398 58.7586
vt -0.987822 64.8891
vt -1.10726 64.8548
vt -0.962464 64.7347
vt -1.33257 64.7955
vt -1.30783 64.6411
vt -1.18743 64.6505
vt -1.22587 64.3794
vt -1.34626 64.3699
vt -1.34312 64.212
vt -1.03705 64.2256
vt -1.03711 64.3835
vt -1.15951 64.2392
vt -0.939895 58.8646
vt -1.06219 58.8796
vt -0.976686 58.7137
vt -1.30766 58.0406
vt -1.33416 57.8876
vt -1.21617 57.8613
vt -1.04491 49.5055
vt -1.1617 49.5367
vt -1.10876 49.3358
vt -1.77832 46.4595
vt -1.65597 46.4409
vt -1.62963 46.6313
vt -1.7533 46.6391
vt -1.50024 33.1147
vt -1.62109 33.1414
vt -1.5468 32.9356
vt -1.86835 31.6838
vt -1.99196 31.6813
vt -1.99276 31.4962
vt -1.98068 45.9506
vt -1.98027 45.7585
vt -1.85663 45.7602
vt -1.83489 45.6825
vt -1.9569 45.6768
vt -1.83486 45.4851
vt -1.93579 56.5981
vt -1.93218 56.4149
vt -1.81013 56.4195
vt -1.64212 56.8169
vt -1.76671 56.8141
vt -1.65278 56.6339
vt -1.78095 56.9258
vt -1.79014 56.7524
vt -1.66639 56.746
vt -1.17214 57.97
vt -1.29532 57.979
vt -1.20427 57.7994
vt -1.23088 64.1781
vt -1.237 64.3536
vt -1.35413 64.1861
vt -2.12908 28.7332
vt -2.00181 28.7375
vt -1.99946 28.922
vt -2.127 28.9245
vt -2.01752 43.5173
vt -2.14484 43.5144
vt -2.0127 43.3267
vt -2.15062 43.4097
vt -2.14423 43.2152
vt -2.01915 43.2216
vt -1.54169 44.7121
vt -1.59773 44.8985
vt -1.65868 44.6821
vt -1.69383 55.8625
vt -1.81213 55.8381
vt -1.77975 55.6605
vt -1.46134 56.51
vt -1.50652 56.6847
vt -1.58263 56.4828
vt -1.64887 64.5994
vt -1.7708 64.5753
vt -1.62462 64.4153
vt -1.67336 55.7863
vt -1.7088 55.9695
vt -1.7955 55.7678
vt -2.16326 55.2344
vt -2.15445 55.048
vt -2.03004 55.0586
vt -2.07618 64.2904
vt -2.20071 64.2813
vt -2.06306 64.105
vt -2.24369 64.246
vt -2.23418 64.0604
vt -2.10713 64.0735
vt -2.13008 64.7247
vt -2.25714 64.7117
vt -2.22862 64.5276
vt -2.06167 64.4529
vt -2.08772 64.6373
vt -2.18524 64.4363
vt -2.13515 57.2312
vt -2.2584 57.2124
vt -2.10641 57.0511
vt -2.29444 57.899
vt -2.25214 57.7215
vt -2.12936 57.7556
vt -2.17147 57.9802
vt -2.29597 57.9532
vt -2.13077 57.81
vt -2.09608 64.5685
vt -2.12252 64.7415
vt -2.22118 64.5444
vt -2.1185 64.2282
vt -2.24637 64.2258
vt -2.10987 64.0532
vt -2.22983 55.3784
vt -2.23777 55.1974
vt -2.1099 55.2002
vt -2.04106 55.1911
vt -2.1662 55.186
vt -2.03319 55.0101
vt -2.09813 55.4641
vt -2.2252 55.471
vt -2.10481 55.293
vt -2.22107 44.1878
vt -2.24512 43.9987
vt -2.11816 43.9901
vt -2.09173 44.2378
vt -2.2177 44.2567
vt -2.11416 44.0594
vt -2.27354 30.4834
vt -2.14913 30.456
vt -2.10114 30.6244
vt -2.223 30.6609
vt -1.92914 12.8052
vt -2.08632 12.6877
vt -2.00265 12.5919
vt -2.19316 6.2248
vt -2.06606 6.21395
vt -2.04313 6.40889
vt -2.16984 6.42331
vt 1.97568 8.32126
vt 1.95892 8.52094
vt 1.83216 8.50692
vt 1.83726 14.2578
vt 1.66043 14.1636
vt 1.89156 14.152
vt 1.66223 14.5522
vt 1.72245 14.4457
vt 1.89338 14.5409
vt 2.23506 32.8398
vt 2.3125 33.0067
vt 2.20142 33.058
vt 2.31923 36.4726
vt 2.21661 36.5468
vt 2.10864 36.3977
vt 2.21465 36.3297
vt 2.26628 47.6906
vt 2.33572 47.8581
vt 2.22109 47.9104
vt 2.05336 51.6666
vt 2.16097 51.6151
vt 2.14934 51.8204
vt 2.22679 59.2002
vt 2.27758 59.3462
vt 2.16714 59.3912
vt 2.04607 60.5298
vt 2.16718 60.4946
vt 2.10562 60.6724
vt 2.24988 64.7084
vt 2.2754 64.84
vt 2.1537 64.8731
vt 1.99854 64.7876
vt 2.12033 64.7797
vt 2.02445 64.9191
vt 2.1414 64.1391
vt 2.13485 64.243
vt 2.01307 64.251
vt 1.74234 64.5009
vt 1.59979 64.5069
vt 1.61073 64.4033
vt 1.73615 64.7821
vt 1.615 64.8917
vt 1.5936 64.788
vt 1.70937 64.7986
vt 1.72215 64.8605
vt 1.58815 64.9081
vt 2.42125 64.7134
vt 2.39362 64.7201
vt 2.38084 64.6582
vt 2.40933 64.6567
vt 2.29985 61.0869
vt 2.32739 61.0799
vt 2.32727 61.1479
vt 2.33835 61.086
vt 2.36223 61.1412
vt 2.33806 61.1541
vt 2.03386 62.6082
vt 2.0782 62.5956
vt 2.06058 62.662
vt 2.17961 64.7492
vt 2.18981 64.7957
vt 2.14537 64.8079
vt 2.00266 64.8322
vt 1.99247 64.7858
vt 2.03476 64.8125
vt 1.95702 64.7868
vt 1.98385 64.7852
vt 1.99929 64.8136
vt 1.99943 64.0599
vt 1.9726 64.0615
vt 1.9779 64.0131
vt 2.17739 63.8606
vt 2.17308 63.9091
vt 2.1313 63.8521
vt 2.20463 64.0413
vt 2.15824 64.0433
vt 2.16265 63.9845
vt 2.1454 64.76
vt 2.19179 64.758
vt 2.15756 64.8167
vt 2.42773 63.7971
vt 2.42531 63.856
vt 2.39683 63.8576
vt 2.38721 63.8518
vt 2.41535 63.8562
vt 2.38434 63.9167
vt 2.37087 58.5391
vt 2.35365 58.5962
vt 2.32558 58.5914
vt 2.06021 60.2805
vt 2.08186 60.225
vt 2.10619 60.2895
vt 2.22868 60.8958
vt 2.26989 60.9157
vt 2.25515 60.9595
vt 2.0378 55.5239
vt 2.07418 55.4736
vt 2.07793 55.5459
vt 2.25964 53.1352
vt 2.22654 53.1878
vt 2.20032 53.1746
vt 2.33749 58.6376
vt 2.36432 58.6495
vt 2.31891 58.7016
vt 1.48745 62.1635
vt 1.60992 62.2329
vt 1.58162 62.2933
vt 1.37034 60.4176
vt 1.44611 60.3365
vt 1.49149 60.4893
vt 1.84613 54.8354
vt 1.93762 54.9159
vt 1.87189 55.0054
vt 1.61964 51.0801
vt 1.72926 50.9992
vt 1.70496 51.1671
vt 1.9986 43.0307
vt 2.0784 43.1224
vt 1.98168 43.2183
vt 1.18401 35.5071
vt 1.34428 35.4681
vt 1.22554 35.6214
vt 1.51427 27.7437
vt 1.3573 27.7945
vt 1.31386 27.6812
vt 2.13731 37.7441
vt 2.22904 37.8235
vt 2.03331 37.8878
vt 2.22583 38.1205
vt 2.13091 38.2474
vt 2.02993 38.1843
vt 1.90784 43.0826
vt 2.01907 42.9696
vt 2.00424 43.1575
vt 2.12087 50.341
vt 2.22522 50.4044
vt 2.16054 50.5275
vt 1.81629 55.055
vt 1.89719 54.9419
vt 1.92576 55.1113
vt 1.97262 60.0086
vt 2.08454 60.0599
vt 2.05107 60.1583
vt 1.50153 62.569
vt 1.54469 62.4745
vt 1.6399 62.6035
vt 1.71338 64.2781
vt 1.70612 64.3426
vt 1.57476 64.2446
vt 1.91448 60.0387
vt 1.95892 59.9135
vt 2.03685 60.0635
vt 2.14595 58.0075
vt 2.26374 58.0432
vt 2.23186 58.1721
vt 2.04691 50.4958
vt 2.12296 50.3507
vt 2.16285 50.5372
vt 2.17809 47.5848
vt 2.28616 47.6348
vt 2.22712 47.7876
vt 1.99839 64.2429
vt 2.12111 64.266
vt 1.99256 64.3777
vt 2.21671 31.2462
vt 2.33574 31.2851
vt 2.28522 31.4552
vt 1.47757 27.1043
vt 1.49976 27.219
vt 1.29978 27.1552
vt 0.501794 28.2049
vt 0.342626 28.154
vt 0.374279 28.0416
vt 0.713437 36.0715
vt 0.667977 36.1841
vt 0.550901 36.0328
vt -0.343766 44.2412
vt -0.441348 44.1438
vt -0.360751 44.0531
vt 0.072166 50.8921
vt -0.0137637 50.8279
vt 0.047453 50.7209
vt 0.156908 50.8047
vt 0.604613 58.9975
vt 0.520871 59.1025
vt 0.51227 58.943
vt 0.283745 61.0167
vt 0.239563 60.9662
vt 0.327607 60.8648
vt -0.668014 54.661
vt -0.696247 54.6729
vt -0.703361 54.6039
vt -0.911811 60.1813
vt -0.927954 60.1236
vt -0.89924 60.1128
vt -0.431782 61.3617
vt -0.479364 61.3697
vt -0.451758 61.3051
vt -0.569879 64.2724
vt -0.572512 64.2236
vt -0.52486 64.216
vt -0.342459 64.296
vt -0.307656 64.278
vt -0.304242 64.3267
vt -0.159319 62.8889
vt -0.178222 62.8515
vt -0.124781 62.8704
vt 0.142888 63.7496
vt 0.179089 63.7197
vt 0.199167 63.7564
vt 0.367403 62.3904
vt 0.400924 62.424
vt 0.365351 62.4546
vt -0.0478062 59.6544
vt -0.0133187 59.6265
vt -0.016153 59.6897
vt 0.224162 56.6985
vt 0.266212 56.7229
vt 0.233074 56.7524
vt 0.0716527 53.5435
vt 0.0305754 53.5175
vt 0.0539073 53.4758
vt 0.835327 49.5506
vt 0.819944 49.5958
vt 0.774688 49.5394
vt 0.641425 48.0759
vt 0.590212 48.0649
vt 0.598764 48.0175
vt 0.69842 54.0189
vt 0.749899 54.0286
vt 0.726516 54.0597
vt 0.368285 57.01
vt 0.393815 56.9807
vt 0.404407 57.0343
vt 0.629786 60.504
vt 0.666914 60.5267
vt 0.631592 60.5575
vt 0.401268 62.4056
vt 0.437469 62.3758
vt 0.43591 62.44
vt 0.625415 63.5735
vt 0.660795 63.6071
vt 0.623131 63.6427
vt 0.376653 64.5149
vt 0.414897 64.4799
vt 0.445626 64.5153
vt 0.173699 63.808
vt 0.143585 63.772
vt 0.199864 63.7789
vt -0.124337 64.6009
vt -0.0976509 64.5723
vt -0.0857106 64.6017
vt -0.307943 64.4023
vt -0.319557 64.3728
vt -0.2813 64.4035
vt -0.293449 64.8265
vt -0.266805 64.8277
vt -0.309077 64.8545
vt -0.296493 64.82
vt -0.305586 64.8668
vt -0.338776 64.8467
vt -0.499368 64.8532
vt -0.546349 64.841
vt -0.537175 64.7942
vt -0.344354 63.0486
vt -0.370072 63.1024
vt -0.372584 63.0939
vt -0.391272 63.0362
vt -0.843517 61.7764
vt -0.870088 61.7641
vt -0.846623 61.7094
vt -0.557493 56.5192
vt -0.599627 56.5709
vt -0.583579 56.5059
vt 0.375947 63.2409
vt 0.293041 63.1305
vt 0.340417 63.0836
vt 0.662133 61.9426
vt 0.567733 61.9908
vt 0.581903 61.8302
vt 0.193605 54.8396
vt 0.142177 54.7305
vt 0.233469 54.6766
vt 0.905278 51.6499
vt 0.766301 51.6717
vt 0.870253 51.5345
vt 0.65246 42.2548
vt 0.640685 42.1324
vt 0.778885 42.1062
vt 1.14665 42.288
vt 1.28429 42.316
vt 1.27255 42.4384
vt 1.15932 51.8395
vt 1.02079 51.8164
vt 1.16366 51.7214
vt 1.03644 52.1355
vt 1.07199 52.0214
vt 1.17967 52.0411
vt 1.62581 55.642
vt 1.71785 55.6953
vt 1.66563 55.8028
vt 1.37658 62.2435
vt 1.38664 62.4022
vt 1.29173 62.3542
vt 1.28515 62.2778
vt 1.34736 62.3079
vt 1.29674 62.4364
vt 1.92696 49.3657
vt 1.86886 49.3283
vt 1.93883 49.3404
vt 1.87123 49.1038
vt 1.88919 49.0814
vt 1.94119 49.116
vt 2.22631 55.3152
vt 2.26535 55.3639
vt 2.24486 55.3839
vt 1.9486 58.9004
vt 1.98674 58.8756
vt 1.991 58.9462
vt 2.18431 62.8875
vt 2.20482 62.9303
vt 2.16579 62.9537
vt 1.97212 63.8157
vt 1.93978 63.8424
vt 1.91814 63.8002
vt 1.65151 61.1694
vt 1.68301 61.1418
vt 1.68822 61.2049
vt 1.85664 61.068
vt 1.89011 61.102
vt 1.86031 61.1313
vt 1.52539 63.5889
vt 1.55651 63.559
vt 1.56003 63.6216
vt 1.78703 64.6845
vt 1.76491 64.6494
vt 1.81851 64.6549
vt 1.91362 64.3822
vt 1.93558 64.4174
vt 1.88156 64.4019
vt 1.76059 64.7306
vt 1.78287 64.7018
vt 1.81418 64.7361
vt 1.98487 64.774
vt 1.96263 64.8028
vt 1.94722 64.7744
vt 1.98738 64.121
vt 1.94973 64.1214
vt 1.96254 64.0922
vt 1.9875 64.0348
vt 1.96602 63.9879
vt 2.00022 64.0055
vt 1.92307 63.1251
vt 1.88903 63.1072
vt 1.9418 63.0877
vt 1.92412 62.3708
vt 1.94152 62.3279
vt 1.97679 62.351
vt 1.71728 58.6618
vt 1.68314 58.6371
vt 1.71801 58.5978
vt 1.96098 55.4796
vt 1.99447 55.5105
vt 1.96233 55.552
vt 1.68898 51.6546
vt 1.74157 51.6202
vt 1.71993 51.6879
vt 2.05656 44.6095
vt 2.00807 44.6495
vt 1.98793 44.6283
vt 2.30405 51.0318
vt 2.32686 51.0501
vt 2.26866 51.0911
vt 1.42452 60.2802
vt 1.517 60.3832
vt 1.46931 60.4332
vt 1.40249 59.2486
vt 1.39963 59.4066
vt 1.30934 59.3017
vt 1.31942 59.2917
vt 1.37525 59.4162
vt 1.31409 59.4497
vt 0.922976 57.7543
vt 1.03016 57.7382
vt 0.969287 57.8826
vt 1.17734 46.6098
vt 1.18461 46.7298
vt 1.07814 46.7501
vt 0.853134 46.8873
vt 0.743524 46.8681
vt 0.751492 46.7481
vt 0.995944 57.3544
vt 0.888795 57.4738
vt 0.88574 57.339
vt 0.992297 57.3883
vt 0.952307 57.518
vt 0.885063 57.5076
vt 0.551409 59.1146
vt 0.491673 59.0813
vt 0.54202 58.9552
vt -0.192541 47.5318
vt -0.216054 47.5513
vt -0.246231 47.4894
vt -0.667007 54.7092
vt -0.700104 54.657
vt -0.674539 54.6402
vt -0.226347 57.7232
vt -0.269848 57.7458
vt -0.26371 57.6739
vt -0.474544 61.3559
vt -0.491214 61.3124
vt -0.446978 61.2912
vt -0.222426 62.1476
vt -0.187339 62.1239
vt -0.169075 62.1667
vt 0.0252092 59.6135
vt 0.0570426 59.6518
vt 0.0227439 59.6767
vt -0.229048 57.7175
vt -0.259068 57.6777
vt -0.223419 57.6456
vt 0.168851 53.6851
vt 0.135749 53.7198
vt 0.11709 53.6524
vt -0.233764 47.4556
vt -0.282214 47.4181
vt -0.263663 47.3935
vt 0.684508 41.2611
vt 0.672976 41.2897
vt 0.618126 41.2462
vt 0.693689 41.5791
vt 0.633532 41.5656
vt 0.638575 41.5359
vt 1.37597 40.8358
vt 1.37787 40.8659
vt 1.3093 40.8515
vt 1.38936 41.5634
vt 1.3286 41.5781
vt 1.32074 41.5493
vt 1.29174 47.1365
vt 1.29228 47.1846
vt 1.23055 47.1494
vt 1.31689 47.722
vt 1.26715 47.7331
vt 1.25491 47.6872
vt 1.20917 52.3214
vt 1.18936 52.2898
vt 1.23932 52.2798
vt 1.62255 55.6566
vt 1.58731 55.6809
vt 1.5997 55.6271
vt 1.32016 60.6034
vt 1.2872 60.5722
vt 1.32381 60.55
vt 1.53259 62.3589
vt 1.49911 62.3941
vt 1.49871 62.3288
vt 1.29118 63.615
vt 1.32546 63.5806
vt 1.32631 63.6501
vt 1.15421 63.5959
vt 1.1919 63.6295
vt 1.15399 63.6655
vt 0.96574 62.4991
vt 1.00287 62.469
vt 1.00279 62.5334
vt 1.20625 60.7
vt 1.16994 60.7311
vt 1.17482 60.6778
vt 0.922625 57.2946
vt 0.892297 57.2709
vt 0.923984 57.2577
vt 1.05972 53.9258
vt 1.02841 53.9398
vt 1.06031 53.8995
vt 0.719262 54.2144
vt 0.721811 54.1883
vt 0.750112 54.2289
vt 0.888236 57.3109
vt 0.855171 57.3341
vt 0.856996 57.2972
vt 0.611056 60.5285
vt 0.645026 60.5067
vt 0.646949 60.5602
vt 0.858853 62.4923
vt 0.895731 62.5228
vt 0.857724 62.5567
vt 0.684805 63.5889
vt 0.723378 63.5557
vt 0.721664 63.6249
vt 0.968488 64.5396
vt 1.00602 64.5749
vt 0.967597 64.6102
vt 0.599762 64.7308
vt 0.638445 64.6958
vt 0.637952 64.7639
vt 0.686425 64.6965
vt 0.722037 64.7304
vt 0.685908 64.7647
vt 0.412869 64.77
vt 0.3774 64.736
vt 0.446373 64.7364
vt 0.177667 64.7675
vt 0.200932 64.7962
vt 0.144009 64.8009
vt -0.0987323 64.7991
vt -0.121866 64.7703
vt -0.0832388 64.7711
vt 0.1899 64.5985
vt 0.167283 64.6335
vt 0.132977 64.6032
vt -0.121788 64.1287
vt -0.0994442 64.0935
vt -0.0663224 64.1137
vt -0.121474 63.6718
vt -0.155489 63.6452
vt -0.100047 63.63
vt 0.0858521 61.9987
vt 0.119406 62.0259
vt 0.084795 62.0613
vt -0.163948 60.1272
vt -0.197088 60.0946
vt -0.16353 60.0582
vt 0.235082 56.6086
vt 0.181654 56.6382
vt 0.203819 56.5741
vt -0.107423 51.0104
vt -0.122504 50.9857
vt -0.070828 50.9531
vt 0.721174 46.1842
vt 0.654274 46.1981
vt 0.711024 46.1571
vt 0.889657 60.8263
vt 0.957119 60.8156
vt 0.997582 60.9471
vt 0.576481 61.9968
vt 0.52999 61.8673
vt 0.590789 61.8362
vt -0.0317305 51.1092
vt -0.0892129 51.1461
vt -0.0524011 51.0889
vt -0.499583 56.8236
vt -0.521934 56.8051
vt -0.482479 56.7589
vt -0.0777524 60.0857
vt -0.11975 60.1296
vt -0.118968 60.0606
vt -0.344701 63.0583
vt -0.386532 63.0342
vt -0.365786 62.992
vt -0.347201 63.0498
vt 0.908136 60.6907
vt 1.01579 60.8117
vt 0.904944 60.8279
vt 0.778449 51.7909
vt 0.77234 51.6728
vt 0.882778 51.654
vt 1.15695 60.8047
vt 1.14953 60.9417
vt 1.08871 60.7934
vt 1.03752 61.3267
vt 0.929375 61.3098
vt 0.974656 61.1794
vt 1.37688 46.5798
vt 1.30922 46.5655
vt 1.37802 46.5517
vt 1.29543 45.6158
vt 1.30236 45.5888
vt 1.36417 45.6018
vt 1.24609 53.6527
vt 1.18392 53.6415
vt 1.24625 53.6075
vt 1.12097 52.2048
vt 1.13155 52.1604
vt 1.18284 52.17
vt 1.77671 55.2763
vt 1.81869 55.3008
vt 1.80139 55.343
vt 1.66869 58.6229
vt 1.62598 58.5997
vt 1.65463 58.5693
vt 1.45967 59.2346
vt 1.43865 59.2656
vt 1.42254 59.2125
vt 1.11448 56.6658
vt 1.06307 56.6569
vt 1.08212 56.6247
vt 0.983142 57.6717
vt 0.986427 57.7347
vt 0.953193 57.6943
vt 0.874636 57.7874
vt 0.870237 57.7245
vt 0.90297 57.7479
vt 0.547968 61.7118
vt 0.582951 61.6827
vt 0.581626 61.7338
vt 0.86745 63.8895
vt 0.905396 63.9228
vt 0.869739 63.951
vt 0.928359 63.9133
vt 0.96432 63.8799
vt 0.96632 63.9415
vt 1.26869 64.7807
vt 1.23246 64.8138
vt 1.19624 64.7799
vt 1.23089 64.7456
vt 1.56114 63.5581
vt 1.59694 63.5924
vt 1.56464 63.6207
vt 1.27966 61.4251
vt 1.3112 61.396
vt 1.31721 61.4465
vt 1.244 61.4517
vt 1.28124 61.4808
vt 1.2504 61.5022
vt 1.48388 64.666
vt 1.45279 64.6316
vt 1.51832 64.6316
vt 1.45279 64.3926
vt 1.48268 64.3579
vt 1.51832 64.3926
vt 1.79453 63.0694
vt 1.76562 63.1048
vt 1.74146 63.0755
vt 1.74749 63.7309
vt 1.78103 63.7619
vt 1.72795 63.768
vt 1.56374 62.386
vt 1.53097 62.3541
vt 1.5628 62.3207
vt 1.9837 58.5714
vt 1.95446 58.6071
vt 1.95189 58.5431
vt 1.729 55.2492
vt 1.69899 55.219
vt 1.73954 55.195
vt 1.90622 50.8117
vt 1.92726 50.8543
vt 1.88807 50.8805
vt 0.902405 64.5769
vt 0.940918 64.5416
vt 0.939933 64.6122
vt 0.717676 61.7216
vt 0.752324 61.7519
vt 0.715686 61.7727
vt 0.381427 63.8851
vt 0.417271 63.8505
vt 0.416795 63.9145
vt 0.35777 63.848
vt 0.391863 63.8786
vt 0.357472 63.9119
vt 0.00368534 62.028
vt 0.0372649 61.9938
vt 0.0364763 62.0564
vt 0.353221 59.0516
vt 0.384885 59.0814
vt 0.342252 59.1034
vt 0.231599 56.8163
vt 0.212069 56.7754
vt 0.254275 56.7525
vt 0.863581 54.0822
vt 0.80228 54.0933
vt 0.848721 54.0393
vt 0.69049 46.8379
vt 0.686609 46.8101
vt 0.747607 46.7974
vt 0.773679 53.8067
vt 0.769508 53.7618
vt 0.819819 53.7525
vt 0.88053 57.452
vt 0.830121 57.4607
vt 0.858177 57.421
vt 0.553168 59.5575
vt 0.589415 59.536
vt 0.576855 59.5874
vt 1.59719 56.0403
vt 1.62478 56.0049
vt 1.65169 56.0707
vt 1.86532 58.94
vt 1.90079 58.9768
vt 1.87127 59.0105
vt 2.02779 45.4766
vt 2.04268 45.5025
vt 1.97395 45.5209
vt 1.10617 57.3971
vt 1.11509 57.5316
vt 1.04747 57.5424
vt 0.849903 46.4298
vt 0.812649 46.5474
vt 0.712576 46.4071
vt 0.687238 36.3447
vt 0.551242 36.3151
vt 0.5692 36.1942
vt 1.31058 35.8382
vt 1.32598 35.9595
vt 1.18978 35.9899
vt 1.03242 46.7044
vt 1.17008 46.6813
vt 1.07057 46.8215
vt 1.72542 51.0105
vt 1.78835 51.1163
vt 1.70091 51.1784
vt 2.15291 55.5454
vt 2.1764 55.5314
vt 2.196 55.5998
vt 1.49703 62.9419
vt 1.41085 63.0515
vt 1.44727 62.8935
vt 1.42349 63.0735
vt 1.34399 62.9974
vt 1.46009 62.9156
vt 1.80826 58.5442
vt 1.88229 58.6257
vt 1.80026 58.7128
vt 1.56781 55.6748
vt 1.64504 55.5834
vt 1.68413 55.7444
vt 1.85042 48.7232
vt 1.9605 48.8023
vt 1.89346 48.9067
vt 1.1153 42.3453
vt 1.15197 42.2269
vt 1.27762 42.3774
vt 1.19686 34.7958
vt 1.2317 34.6811
vt 1.39258 34.7198
vt 1.98847 43.4414
vt 2.10752 43.5458
vt 2.03309 43.6397
vt 1.777 48.769
vt 1.86278 48.6784
vt 1.905 48.8621
vt 2.06577 54.7377
vt 2.14895 54.847
vt 2.05424 54.9282
vt 1.77236 58.6862
vt 1.87463 58.6199
vt 1.86423 58.7883
vt 2.01699 62.334
vt 2.06156 62.4272
vt 1.957 62.4899
vt 1.47096 64.2169
vt 1.60487 64.169
vt 1.52036 64.3077
vt 1.57334 64.081
vt 1.60605 64.1393
vt 1.48906 64.2198
vt 1.87791 62.2787
vt 1.99557 62.2416
vt 1.93609 62.3976
vt 2.10245 64.7674
vt 2.12461 64.871
vt 2.00656 64.9068
vt 2.17884 60.5711
vt 2.22964 60.6934
vt 2.11672 60.7487
vt 1.96422 54.8154
vt 2.07424 54.7545
vt 2.06214 54.9449
vt 2.16642 51.6303
vt 2.25258 51.768
vt 2.1542 51.8356
vt 1.92241 43.431
vt 2.01124 43.3513
vt 2.0536 43.5501
vt -0.808017 60.0802
vt -0.838735 60.0858
vt -0.826924 60.0171
vt 0.197069 62.6731
vt 0.170246 62.613
vt 0.287441 62.5446
vt 0.442457 60.8566
vt 0.326566 60.9272
vt 0.369555 60.775
vt -0.296981 55.8322
vt -0.359301 55.7423
vt -0.266763 55.6632
vt -0.296341 55.8296
vt 2.13122 64.7299
vt 2.25627 64.7197
vt 2.16006 64.8843
vt 2.26301 64.6461
vt 2.2909 64.8007
vt 2.17176 64.8267
vt 2.10125 59.1657
vt 2.21986 59.1373
vt 2.16077 59.3285
vt 2.14535 57.4475
vt 2.26773 57.42
vt 2.30926 57.5883
vt 2.18615 57.7477
vt 2.14379 57.5722
vt 2.30797 57.7127
vt 2.05643 56.8533
vt 2.1777 56.8344
vt 2.20613 57.0126
vt 2.08966 56.8342
vt 2.05647 56.6508
vt 2.20554 56.8107
vt 1.86449 56.0925
vt 1.98961 56.0833
vt 1.99909 56.2695
vt 1.97333 64.57
vt 1.84813 64.578
vt 1.8321 64.3927
vt 1.95455 64.3815
vt 1.74402 64.3445
vt 1.75688 64.5301
vt 1.63211 64.5309
vt 1.63443 56.4362
vt 1.7592 56.4353
vt 1.75217 56.6158
vt 1.87796 56.4781
vt 1.86964 56.2976
vt 2.00513 56.474
vt 1.88549 45.3725
vt 2.01262 45.3674
vt 2.01736 45.5609
vt 2.0907 46.2745
vt 2.20537 46.2457
vt 2.13757 46.4623
vt 2.20212 45.9274
vt 2.25545 46.113
vt 2.1386 46.1453
vt 2.14345 47.6834
vt 2.26298 47.6412
vt 2.21869 47.8612
vt 2.11879 32.8117
vt 2.23132 32.7666
vt 2.19991 32.9851
vt 2.02132 30.5782
vt 2.02608 30.7696
vt 1.89983 30.7679
vt 1.86028 8.23132
vt 1.98634 8.23838
vt 1.84486 8.4256
vt 0.429835 13.9426
vt 0.510748 14.0366
vt 0.355289 14.1542
vt 1.59879 32.4514
vt 1.5527 32.6293
vt 1.434 32.5932
vt 1.88033 31.0235
vt 2.00471 31.0201
vt 1.87938 31.2073
vt 1.8724 44.9886
vt 1.86878 44.7953
vt 1.9968 44.9863
vt 1.72633 45.3074
vt 1.70449 45.4995
vt 1.58164 45.4794
vt 1.4822 32.3022
vt 1.60332 32.331
vt 1.43899 32.4733
vt 1.59494 45.5216
vt 1.7188 45.5308
vt 1.57313 45.7019
vt 1.61674 56.3916
vt 1.62413 56.2186
vt 1.74072 56.399
vt 0.336748 13.9391
vt 0.481325 13.8248
vt 0.412364 14.0383
vt -1.86844 12.6275
vt -1.94217 12.7281
vt -2.01288 12.5138
vt 1.62181 64.3444
vt 1.74596 64.3321
vt 1.63411 64.5185
vt 1.6041 64.5461
vt 1.58348 64.3726
vt 1.72826 64.5338
vt 1.58696 64.3491
vt 1.70772 64.3266
vt 1.73169 64.5104
vt 1.51369 56.7349
vt 1.47344 56.5648
vt 1.63388 56.7095
vt 1.46419 56.8281
vt 1.58313 56.7935
vt 1.62522 56.9722
vt 1.34705 46.7461
vt 1.27908 46.5768
vt 1.46369 46.7045
vt 1.27768 46.6267
vt 1.39038 46.5738
vt 1.46238 46.7542
vt 1.00026 35.1987
vt 0.900908 35.0527
vt 1.10395 35.1298
vt 0.898912 35.1488
vt 0.999424 35.0726
vt 1.10203 35.2258
vt -0.26518 21.7641
vt -0.440847 21.707
vt -0.221888 21.6455
vt 1.42369 31.8949
vt 1.35115 31.7253
vt 1.53812 31.8481
vt 1.35965 31.4789
vt 1.47161 31.4263
vt 1.546 31.6026
vt 2.00194 29.8215
vt 2.0096 29.6304
vt 2.12504 29.8232
vt 1.99956 44.3022
vt 2.12267 44.3033
vt 2.00085 44.4997
vt 2.10806 43.6593
vt 2.11342 43.8531
vt 1.99062 43.8583
vt 2.14437 44.4874
vt 2.168 44.2949
vt 2.27083 44.4965
vt 2.1454 55.5085
vt 2.27199 55.5158
vt 2.26519 55.6896
vt 2.13503 56.9357
vt 2.1672 56.7647
vt 2.25551 56.9442
vt 2.15405 64.1242
vt 2.27459 64.1318
vt 2.15592 64.2987
vt 2.13867 64.1102
vt 2.26591 64.1083
vt 2.27416 64.2825
vt 2.1393 55.9354
vt 2.14549 55.7529
vt 2.26653 55.9332
vt 1.99555 55.6129
vt 2.11839 55.6088
vt 2.12642 55.7913
vt 2.00247 55.8494
vt 1.99473 55.6603
vt 2.12582 55.8385
vt 1.733 56.142
vt 1.85416 56.1191
vt 1.88438 56.3059
vt 1.74382 45.2314
vt 1.79152 45.4231
vt 1.67145 45.4512
vt 1.59311 44.9295
vt 1.71202 44.8957
vt 1.64413 45.1169
vt 1.76445 56.2186
vt 1.73636 56.0372
vt 1.8874 56.2015
vt 1.80027 64.238
vt 1.9235 64.223
vt 1.82197 64.4221
vt 1.92144 64.2097
vt 1.94243 64.3978
vt 1.81998 64.4088
vt 2.13328 64.0785
vt 2.14783 64.2646
vt 2.02592 64.2766
vt 2.00982 64.088
vt 2.14842 64.222
vt 2.13736 64.0356
vt 2.27259 64.2081
vt 2.02888 64.5063
vt 2.15079 64.4944
vt 2.05244 64.6943
vt -0.0618249 13.2741
vt -0.114994 13.1677
vt 0.11591 13.1827
vt -0.116535 13.3205
vt 0.0564909 13.2267
vt 0.114378 13.3353
vt -1.41085 63.0515
vt -1.49703 62.9419
vt -1.44727 62.8935
vt -1.38664 62.4022
vt -1.37658 62.2435
vt -1.29173 62.3542
vt -1.29674 62.4364
vt -1.34736 62.3079
vt -1.28515 62.2778
vt -0.929375 61.3098
vt -1.03752 61.3267
vt -0.974656 61.1794
vt -1.07199 52.0214
vt -1.03644 52.1355
vt -1.17967 52.0411
vt -1.66563 55.8028
vt -1.71785 55.6953
vt -1.62581 55.642
vt -1.56781 55.6748
vt -1.68413 55.7444
vt -1.64504 55.5834
vt -1.89346 48.9067
vt -1.9605 48.8023
vt -1.85042 48.7232
vt -1.1153 42.3453
vt -1.27762 42.3774
vt -1.15197 42.2269
vt -1.2317 34.6811
vt -1.19686 34.7958
vt -1.39258 34.7198
vt -2.03309 43.6397
vt -2.10752 43.5458
vt -1.98847 43.4414
vt -1.777 48.769
vt -1.905 48.8621
vt -1.86278 48.6784
vt -2.05424 54.9282
vt -2.14895 54.847
vt -2.06577 54.7377
vt -1.77236 58.6862
vt -1.86423 58.7883
vt -1.87463 58.6199
vt -1.80026 58.7128
vt -1.88229 58.6257
vt -1.80826 58.5442
vt -1.34399 62.9974
vt -1.42349 63.0735
vt -1.46009 62.9156
vt -1.48906 64.2198
vt -1.60605 64.1393
vt -1.57334 64.081
vt -2.29985 61.0869
vt -2.32727 61.1479
vt -2.32739 61.0799
vt -2.33806 61.1541
vt -2.36223 61.1412
vt -2.33835 61.086
vt -2.15291 55.5454
vt -2.196 55.5998
vt -2.1764 55.5314
vt -2.24486 55.3839
vt -2.26535 55.3639
vt -2.22631 55.3152
vt -1.88919 49.0814
vt -1.87123 49.1038
vt -1.94119 49.116
vt -1.86886 49.3283
vt -1.92696 49.3657
vt -1.93883 49.3404
vt -1.34753 45.7698
vt -1.34026 45.7968
vt -1.40886 45.7828
vt -1.33781 45.6285
vt -1.40538 45.6432
vt -1.4064 45.6145
vt -1.16487 60.8885
vt -1.17255 60.7514
vt -1.10434 60.7402
vt -1.01471 60.7482
vt -0.906989 60.6271
vt -0.903864 60.7644
vt -0.983267 60.9824
vt -0.942577 60.8509
vt -0.87508 60.8617
vt -0.52999 61.8673
vt -0.576481 61.9968
vt -0.590789 61.8362
vt -0.567733 61.9908
vt -0.662133 61.9426
vt -0.581903 61.8302
vt -0.142177 54.7305
vt -0.193605 54.8396
vt -0.233469 54.6766
vt -0.766301 51.6717
vt -0.905278 51.6499
vt -0.870253 51.5345
vt -0.640685 42.1324
vt -0.65246 42.2548
vt -0.778885 42.1062
vt -1.27255 42.4384
vt -1.28429 42.316
vt -1.14665 42.288
vt -1.02079 51.8164
vt -1.15932 51.8395
vt -1.16366 51.7214
vt -0.77234 51.6728
vt -0.778449 51.7909
vt -0.882778 51.654
vt -0.69747 42.787
vt -0.861401 42.7564
vt -0.825848 42.64
vt -0.562678 34.3061
vt -0.580454 34.4212
vt -0.725177 34.2687
vt -1.19081 34.5669
vt -1.37068 34.6059
vt -1.38635 34.4905
vt -1.63785 21.784
vt -1.46393 21.7239
vt -1.41552 21.8408
vt -1.60026 21.9052
vt -2.31923 36.4726
vt -2.21465 36.3297
vt -2.10864 36.3977
vt -2.21661 36.5468
vt -1.92241 43.431
vt -2.0536 43.5501
vt -2.01124 43.3513
vt -2.1542 51.8356
vt -2.25258 51.768
vt -2.16642 51.6303
vt -1.96422 54.8154
vt -2.06214 54.9449
vt -2.07424 54.7545
vt -2.11672 60.7487
vt -2.22964 60.6934
vt -2.17884 60.5711
vt -1.87791 62.2787
vt -1.93609 62.3976
vt -1.99557 62.2416
vt -1.957 62.4899
vt -2.06156 62.4272
vt -2.01699 62.334
vt -1.47096 64.2169
vt -1.52036 64.3077
vt -1.60487 64.169
vt -1.58815 64.9081
vt -1.72215 64.8605
vt -1.70937 64.7986
vt -2.42125 64.7134
vt -2.40933 64.6567
vt -2.38084 64.6582
vt -2.39362 64.7201
vt -2.1454 64.76
vt -2.15756 64.8167
vt -2.19179 64.758
vt -2.14537 64.8079
vt -2.18981 64.7957
vt -2.17961 64.7492
vt -2.03386 62.6082
vt -2.06058 62.662
vt -2.0782 62.5956
vt -2.17029 62.9666
vt -2.20934 62.9436
vt -2.18885 62.9004
vt -1.95392 58.8382
vt -1.99627 58.8841
vt -1.99209 58.8138
vt -1.86626 58.9546
vt -1.89574 58.9208
vt -1.86025 58.8844
vt -1.59719 56.0403
vt -1.65169 56.0707
vt -1.62478 56.0049
vt -1.80139 55.343
vt -1.81869 55.3008
vt -1.77671 55.2763
vt -1.13155 52.1604
vt -1.12097 52.2048
vt -1.18284 52.17
vt -1.2199 54.4703
vt -1.28161 54.4813
vt -1.28249 54.4368
vt -0.781488 54.5066
vt -0.784967 54.5509
vt -0.83182 54.4974
vt -0.756689 54.267
vt -0.818484 54.2559
vt -0.803254 54.2132
vt -0.626698 46.0912
vt -0.631543 46.1194
vt -0.688149 46.0784
vt -0.639793 46.2631
vt -0.706731 46.2493
vt -0.696484 46.2222
vt 0.122504 50.9857
vt 0.107423 51.0104
vt 0.070828 50.9531
vt 0.0892129 51.1461
vt 0.0317305 51.1092
vt 0.0524011 51.0889
vt 0.521934 56.8051
vt 0.499583 56.8236
vt 0.482479 56.7589
vt 0.599627 56.5709
vt 0.557493 56.5192
vt 0.583579 56.5059
vt -0.293041 63.1305
vt -0.375947 63.2409
vt -0.340417 63.0836
vt -0.415643 63.1933
vt -0.493179 63.1174
vt -0.380556 63.0358
vt 0.233178 58.4987
vt 0.149369 58.5858
vt 0.161164 58.4175
vt -0.157416 54.7406
vt -0.273709 54.6702
vt -0.196179 54.5774
vt 0.189247 48.4439
vt 0.124911 48.5472
vt 0.0784326 48.3651
vt 0.176541 48.3863
vt 0.0493846 48.2939
vt 0.132331 48.2036
vt 0.495041 43.2218
vt 0.420758 43.3141
vt 0.375947 43.1193
vt -0.615321 34.8574
vt -0.797142 34.8197
vt -0.761847 34.7066
vt -0.454035 20.9259
vt -0.278179 20.9855
vt -0.311343 21.108
vt -0.49785 21.0451
vt -0.114378 13.3353
vt -0.0564909 13.2267
vt 0.116535 13.3205
vt 1.33352 30.6967
vt 1.44662 30.6516
vt 1.52085 30.8202
vt 1.40936 30.8724
vt 1.73741 44.9946
vt 1.61981 45.0262
vt 1.68258 44.8103
vt 1.59773 44.8985
vt 1.54169 44.7121
vt 1.65868 44.6821
vt 2.01915 43.2216
vt 2.14423 43.2152
vt 2.15062 43.4097
vt 2.04106 55.1911
vt 2.03319 55.0101
vt 2.1662 55.186
vt 2.1099 55.2002
vt 2.23777 55.1974
vt 2.22983 55.3784
vt 2.1185 64.2282
vt 2.10987 64.0532
vt 2.24637 64.2258
vt 2.10713 64.0735
vt 2.23418 64.0604
vt 2.24369 64.246
vt 2.25714 64.7117
vt 2.13008 64.7247
vt 2.22862 64.5276
vt 2.12252 64.7415
vt 2.09608 64.5685
vt 2.22118 64.5444
vt 2.17147 57.9802
vt 2.13077 57.81
vt 2.29597 57.9532
vt 2.12936 57.7556
vt 2.25214 57.7215
vt 2.29444 57.899
vt 2.12206 48.2961
vt 2.23846 48.2449
vt 2.31068 48.4265
vt 2.18992 48.4672
vt 2.06179 36.7724
vt 2.16501 36.6996
vt 2.27162 36.8507
vt 2.16334 36.9174
vt 1.66768 21.7199
vt 1.61896 21.8365
vt 1.48371 21.6551
vt 1.61222 21.9139
vt 1.43849 21.8537
vt 1.47608 21.7332
vt 0.429502 20.8228
vt 0.460061 20.9453
vt 0.241686 20.8818
vt 0.440847 21.707
vt 0.26518 21.7641
vt 0.221888 21.6455
vt -0.999424 35.0726
vt -0.898912 35.1488
vt -1.10203 35.2258
vt -0.900908 35.0527
vt -1.00026 35.1987
vt -1.10395 35.1298
vt -1.39038 46.5738
vt -1.27768 46.6267
vt -1.46238 46.7542
vt -1.27908 46.5768
vt -1.34705 46.7461
vt -1.46369 46.7045
vt -1.58313 56.7935
vt -1.46419 56.8281
vt -1.62522 56.9722
vt -1.47344 56.5648
vt -1.51369 56.7349
vt -1.63388 56.7095
vt -1.70772 64.3266
vt -1.58696 64.3491
vt -1.73169 64.5104
vt -1.58348 64.3726
vt -1.6041 64.5461
vt -1.72826 64.5338
vt -1.62181 64.3444
vt -1.63411 64.5185
vt -1.74596 64.3321
vt -1.63211 64.5309
vt -1.75688 64.5301
vt -1.74402 64.3445
vt -1.7592 56.4353
vt -1.63443 56.4362
vt -1.75217 56.6158
vt -1.62413 56.2186
vt -1.61674 56.3916
vt -1.74072 56.399
vt -1.59494 45.5216
vt -1.57313 45.7019
vt -1.7188 45.5308
vt -1.58487 45.3948
vt -1.70777 45.4144
vt -1.72919 45.2226
vt -1.489 32.2566
vt -1.44663 32.4279
vt -1.61025 32.2846
vt -1.43555 32.6937
vt -1.55428 32.7296
vt -1.60019 32.5515
vt -0.510748 14.0366
vt -0.429835 13.9426
vt -0.355289 14.1542
vt -0.481325 13.8248
vt -0.336748 13.9391
vt -0.412364 14.0383
vt 1.86844 12.6275
vt 2.01288 12.5138
vt 1.94217 12.7281
vt 2.00265 12.5919
vt 2.08632 12.6877
vt 1.92914 12.8052
vt 2.27354 30.4834
vt 2.223 30.6609
vt 2.10114 30.6244
vt 2.14913 30.456
vt 2.12908 28.7332
vt 2.127 28.9245
vt 1.99946 28.922
vt 2.00181 28.7375
vt 2.19316 6.2248
vt 2.16984 6.42331
vt 2.04313 6.40889
vt 2.06606 6.21395
vt 0.0618249 13.2741
vt -0.11591 13.1827
vt 0.114994 13.1677
vt -1.66043 14.1636
vt -1.83726 14.2578
vt -1.89156 14.152
vt -1.83216 8.50692
vt -1.95892 8.52094
vt -1.97568 8.32126
vt -1.86028 8.23132
vt -1.84486 8.4256
vt -1.98634 8.23838
vt -1.89983 30.7679
vt -2.02608 30.7696
vt -2.02132 30.5782
vt -2.11879 32.8117
vt -2.19991 32.9851
vt -2.23132 32.7666
vt -2.20142 33.058
vt -2.3125 33.0067
vt -2.23506 32.8398
vt -1.72245 14.4457
vt -1.66223 14.5522
vt -1.89338 14.5409
vt -2.1386 46.1453
vt -2.25545 46.113
vt -2.20212 45.9274
vt -2.14345 47.6834
vt -2.21869 47.8612
vt -2.26298 47.6412
vt -2.22109 47.9104
vt -2.33572 47.8581
vt -2.26628 47.6906
vt -2.05336 51.6666
vt -2.14934 51.8204
vt -2.16097 51.6151
vt -2.16714 59.3912
vt -2.27758 59.3462
vt -2.22679 59.2002
vt -2.04607 60.5298
vt -2.10562 60.6724
vt -2.16718 60.4946
vt -2.1537 64.8731
vt -2.2754 64.84
vt -2.24988 64.7084
vt -2.00246 64.7869
vt -2.02836 64.9184
vt -2.12448 64.779
vt -2.00519 64.9012
vt -2.12324 64.8654
vt -2.1013 64.7619
vt -1.58806 64.7927
vt -1.60933 64.8964
vt -1.73049 64.7868
vt -1.60567 64.3828
vt -1.59482 64.4865
vt -1.73725 64.4805
vt -2.01727 64.2228
vt -2.13928 64.2148
vt -2.14555 64.1108
vt -1.99839 64.2429
vt -1.99256 64.3777
vt -2.12111 64.266
vt -2.27123 64.1315
vt -2.14746 64.1184
vt -2.26948 64.2664
vt -2.14432 57.9886
vt -2.10651 58.1387
vt -2.23012 58.1533
vt -2.28835 56.9009
vt -2.17326 56.8744
vt -2.26235 57.0535
vt -2.17966 47.5984
vt -2.11524 47.7694
vt -2.229 47.8012
vt -2.29254 44.3537
vt -2.16781 44.3337
vt -2.27103 44.5351
vt -2.21607 31.3699
vt -2.16673 31.5487
vt -2.28987 31.5769
vt -2.12895 29.7679
vt -2.00403 29.7612
vt -2.12101 29.9531
vt -2.08474 6.69932
vt -2.20642 6.72836
vt -2.25507 6.53896
vt -2.13653 6.50604
vt -1.94835 13.1613
vt -1.78653 13.271
vt -1.8628 13.3703
vt -2.33594 31.2304
vt -2.21673 31.1923
vt -2.28624 31.4007
vt -2.13731 37.7441
vt -2.03331 37.8878
vt -2.22904 37.8235
vt -2.02993 38.1843
vt -2.13091 38.2474
vt -2.22583 38.1205
vt -2.28616 47.6348
vt -2.17809 47.5848
vt -2.22712 47.7876
vt -2.12296 50.3507
vt -2.04691 50.4958
vt -2.16285 50.5372
vt -2.26374 58.0432
vt -2.14595 58.0075
vt -2.23186 58.1721
vt -1.95892 59.9135
vt -1.91448 60.0387
vt -2.03685 60.0635
vt -2.08454 60.0599
vt -1.97262 60.0086
vt -2.05107 60.1583
vt -1.89719 54.9419
vt -1.81629 55.055
vt -1.92576 55.1113
vt -2.22522 50.4044
vt -2.12087 50.341
vt -2.16054 50.5275
vt -2.01907 42.9696
vt -1.90784 43.0826
vt -2.00424 43.1575
vt -2.07069 43.1457
vt -1.99125 43.0534
vt -1.97359 43.241
vt -1.34165 35.6138
vt -1.18133 35.6528
vt -1.22274 35.7673
vt -1.31386 27.6812
vt -1.3573 27.7945
vt -1.51427 27.7437
vt -1.47757 27.1043
vt -1.29978 27.1552
vt -1.49976 27.219
vt -2.0568 13.0538
vt -1.9863 12.9512
vt -1.90744 13.1629
vt 0.43832 14.2185
vt 0.511005 14.3196
vt 0.36288 14.4312
vt -0.570965 28.2339
vt -0.392811 28.1824
vt -0.521491 28.3447
vt -0.374279 28.0416
vt -0.342626 28.154
vt -0.501794 28.2049
vt -0.710395 35.9275
vt -0.547901 35.8886
vt -0.664818 36.0398
vt -0.568768 36.0722
vt -0.550411 36.1928
vt -0.686783 36.2225
vt -1.34876 35.8327
vt -1.33268 35.7118
vt -1.21323 35.8648
vt -1.18374 46.631
vt -1.04658 46.6552
vt -1.08523 46.7718
vt -1.61729 51.027
vt -1.70255 51.1141
vt -1.78995 51.052
vt -1.72697 50.9465
vt -1.93762 54.9159
vt -1.84613 54.8354
vt -1.87189 55.0054
vt -1.44611 60.3365
vt -1.37034 60.4176
vt -1.49149 60.4893
vt -1.60992 62.2329
vt -1.48745 62.1635
vt -1.58162 62.2933
vt -1.54469 62.4745
vt -1.50153 62.569
vt -1.6399 62.6035
vt -1.71338 64.2781
vt -1.57476 64.2446
vt -1.70612 64.3426
vt -2.38721 63.8518
vt -2.38434 63.9167
vt -2.41535 63.8562
vt -2.39683 63.8576
vt -2.42531 63.856
vt -2.42773 63.7971
vt -2.16265 63.9845
vt -2.15824 64.0433
vt -2.20463 64.0413
vt -2.17739 63.8606
vt -2.1313 63.8521
vt -2.17308 63.9091
vt -2.08186 60.225
vt -2.06021 60.2805
vt -2.10619 60.2895
vt -2.32558 58.5914
vt -2.35365 58.5962
vt -2.37087 58.5391
vt -2.33749 58.6376
vt -2.31891 58.7016
vt -2.36432 58.6495
vt -2.20032 53.1746
vt -2.22654 53.1878
vt -2.25964 53.1352
vt -2.07418 55.4736
vt -2.0378 55.5239
vt -2.07793 55.5459
vt -2.26989 60.9157
vt -2.22868 60.8958
vt -2.25515 60.9595
vt -1.97679 62.351
vt -1.94152 62.3279
vt -1.92412 62.3708
vt -1.68314 58.6371
vt -1.71728 58.6618
vt -1.71801 58.5978
vt -1.95446 58.6071
vt -1.9837 58.5714
vt -1.95189 58.5431
vt -1.5628 62.3207
vt -1.53097 62.3541
vt -1.56374 62.386
vt -1.78103 63.7619
vt -1.74749 63.7309
vt -1.72795 63.768
vt -1.92307 63.1251
vt -1.9418 63.0877
vt -1.88903 63.1072
vt -1.96602 63.9879
vt -1.9875 64.0348
vt -2.00022 64.0055
vt -1.9779 64.0131
vt -1.9726 64.0615
vt -1.99943 64.0599
vt -1.98385 64.7852
vt -1.95702 64.7868
vt -1.99929 64.8136
vt -1.99247 64.7858
vt -2.00266 64.8322
vt -2.03476 64.8125
vt -1.93558 64.4174
vt -1.91362 64.3822
vt -1.88156 64.4019
vt -1.76423 64.6503
vt -1.78634 64.6854
vt -1.81782 64.6555
vt -1.52299 63.6023
vt -1.55764 63.6351
vt -1.55411 63.572
vt -1.86031 61.1313
vt -1.89011 61.102
vt -1.85664 61.068
vt -1.65463 58.5693
vt -1.62598 58.5997
vt -1.66869 58.6229
vt -1.50334 59.1104
vt -1.46631 59.0879
vt -1.48205 59.1411
vt -1.30054 61.6081
vt -1.33806 61.6298
vt -1.33215 61.579
vt -1.29721 61.6619
vt -1.32778 61.6406
vt -1.29106 61.6111
vt -0.984334 57.2664
vt -0.954807 57.2892
vt -0.988067 57.3294
vt -1.12201 56.1855
vt -1.08969 56.1445
vt -1.07061 56.1766
vt -0.820131 57.3642
vt -0.825522 57.427
vt -0.853548 57.3873
vt -0.830121 57.4607
vt -0.88053 57.452
vt -0.858177 57.421
vt -0.589415 59.536
vt -0.553168 59.5575
vt -0.576855 59.5874
vt -0.752324 61.7519
vt -0.717676 61.7216
vt -0.715686 61.7727
vt -0.417271 63.8505
vt -0.381427 63.8851
vt -0.416795 63.9145
vt -0.685908 64.7647
vt -0.722037 64.7304
vt -0.686425 64.6965
vt -0.3774 64.736
vt -0.412869 64.77
vt -0.446373 64.7364
vt -0.177667 64.7675
vt -0.144009 64.8009
vt -0.200932 64.7962
vt -0.132977 64.6032
vt -0.167283 64.6335
vt -0.1899 64.5985
vt -0.391863 63.8786
vt -0.35777 63.848
vt -0.357472 63.9119
vt -0.0372649 61.9938
vt -0.00368534 62.028
vt -0.0364763 62.0564
vt -0.384885 59.0814
vt -0.353221 59.0516
vt -0.342252 59.1034
vt -0.212069 56.7754
vt -0.231599 56.8163
vt -0.254275 56.7525
vt -0.181654 56.6382
vt -0.235082 56.6086
vt -0.203819 56.5741
vt 0.197088 60.0946
vt 0.163948 60.1272
vt 0.16353 60.0582
vt 0.11975 60.1296
vt 0.0777524 60.0857
vt 0.118968 60.0606
vt 0.386532 63.0342
vt 0.344701 63.0583
vt 0.347201 63.0498
vt 0.365786 62.992
vt 0.370072 63.1024
vt 0.344354 63.0486
vt 0.391272 63.0362
vt 0.372584 63.0939
vt 0.870088 61.7641
vt 0.843517 61.7764
vt 0.846623 61.7094
vt 0.810986 61.7634
vt 0.784043 61.7033
vt 0.813877 61.6964
vt -0.17841 64.271
vt -0.291903 64.3513
vt -0.209279 64.2128
vt -0.343354 64.2471
vt -0.394187 64.1556
vt -0.260998 64.1085
vt 0.425771 62.2032
vt 0.318091 62.2659
vt 0.379543 62.1093
vt 0.127878 58.5715
vt 0.0336082 58.4692
vt 0.13915 58.4031
vt 0.621657 54.1955
vt 0.529759 54.2766
vt 0.536233 54.0857
vt 0.538096 54.2808
vt 0.438135 54.1517
vt 0.544882 54.09
vt 0.874534 51.3835
vt 0.778529 51.4514
vt 0.784014 51.2476
vt 0.407472 43.3535
vt 0.275408 43.2385
vt 0.361928 43.1589
vt 1.14776 34.4693
vt 1.04623 34.5457
vt 1.04641 34.3266
vt 1.02434 34.5383
vt 0.91816 34.3877
vt 1.02275 34.3192
vt 1.4899 46.7075
vt 1.37603 46.7592
vt 1.41759 46.5417
vt 1.40209 46.8506
vt 1.32643 46.6739
vt 1.44544 46.6334
vt 1.66036 56.8286
vt 1.53927 56.8623
vt 1.61681 56.661
vt 1.50652 56.6847
vt 1.46134 56.51
vt 1.58263 56.4828
vt 1.81213 55.8381
vt 1.69383 55.8625
vt 1.77975 55.6605
vt 1.7088 55.9695
vt 1.67336 55.7863
vt 1.7955 55.7678
vt 2.03004 55.0586
vt 2.15445 55.048
vt 2.16326 55.2344
vt 2.07618 64.2904
vt 2.06306 64.105
vt 2.20071 64.2813
vt 2.04865 64.1811
vt 2.17175 64.168
vt 2.18653 64.3572
vt 2.20348 64.6395
vt 2.08037 64.6526
vt 2.17801 64.4516
vt 2.08772 64.6373
vt 2.06167 64.4529
vt 2.18524 64.4363
vt 2.13515 57.2312
vt 2.10641 57.0511
vt 2.2584 57.2124
vt 2.10504 57.0208
vt 2.22662 56.9965
vt 2.25693 57.1821
vt 2.30099 46.6506
vt 2.18064 46.6804
vt 2.25041 46.4597
vt 2.17408 46.763
vt 2.12588 46.5736
vt 2.24494 46.5427
vt 2.13855 33.1636
vt 2.25215 33.1142
vt 2.32792 33.2899
vt 2.21273 33.333
vt 1.90806 14.1804
vt 1.73957 14.0821
vt 1.97102 14.0737
vt 1.74141 14.7836
vt 1.79917 14.6753
vt 1.97287 14.7757
vt 0.0562945 13.2933
vt 0.107534 13.4049
vt -0.123914 13.3803
vt 0.10629 13.4905
vt -0.0705572 13.577
vt -0.125172 13.466
vt -1.47161 31.4263
vt -1.35965 31.4789
vt -1.546 31.6026
vt -1.35115 31.7253
vt -1.42369 31.8949
vt -1.53812 31.8481
vt -1.59311 44.9295
vt -1.64413 45.1169
vt -1.71202 44.8957
vt -1.67145 45.4512
vt -1.79152 45.4231
vt -1.74382 45.2314
vt -1.85416 56.1191
vt -1.733 56.142
vt -1.88438 56.3059
vt -1.73636 56.0372
vt -1.76445 56.2186
vt -1.8874 56.2015
vt -1.80027 64.238
vt -1.82197 64.4221
vt -1.9235 64.223
vt -1.81998 64.4088
vt -1.94243 64.3978
vt -1.92144 64.2097
vt -1.97333 64.57
vt -1.95455 64.3815
vt -1.8321 64.3927
vt -1.84813 64.578
vt -2.02888 64.5063
vt -2.05244 64.6943
vt -2.15079 64.4944
vt -2.05344 64.6656
vt -2.17505 64.6489
vt -2.15163 64.4657
vt -2.1777 56.8344
vt -2.05643 56.8533
vt -2.20613 57.0126
vt -2.05647 56.6508
vt -2.08966 56.8342
vt -2.20554 56.8107
vt -1.98961 56.0833
vt -1.86449 56.0925
vt -1.99909 56.2695
vt -1.86964 56.2976
vt -1.87796 56.4781
vt -2.00513 56.474
vt -2.01262 45.3674
vt -1.88549 45.3725
vt -2.01736 45.5609
vt -1.86666 44.7272
vt -1.8698 44.9202
vt -1.9942 44.9185
vt -1.87573 31.1436
vt -1.87378 31.3276
vt -2.00012 31.1411
vt -2.0907 46.2745
vt -2.13757 46.4623
vt -2.20537 46.2457
vt -2.14379 57.5722
vt -2.18615 57.7477
vt -2.30797 57.7127
vt -2.26773 57.42
vt -2.14535 57.4475
vt -2.30926 57.5883
vt -2.16976 64.7337
vt -2.29278 64.7092
vt -2.26811 64.5369
vt -2.14393 64.5507
vt -2.15266 64.6803
vt -2.18022 64.8521
vt -2.27158 64.6716
vt -2.17176 64.8267
vt -2.2909 64.8007
vt -2.26301 64.6461
vt -2.10125 59.1657
vt -2.16077 59.3285
vt -2.21986 59.1373
vt -2.13122 64.7299
vt -2.16006 64.8843
vt -2.25627 64.7197
vt -2.14934 64.13
vt -2.14635 64.2883
vt -2.27139 64.278
vt -2.16299 64.2386
vt -2.28191 64.2298
vt -2.28143 64.0715
vt -2.15405 64.1242
vt -2.15592 64.2987
vt -2.27459 64.1318
vt -2.26591 64.1083
vt -2.13867 64.1102
vt -2.27416 64.2825
vt -2.14549 55.7529
vt -2.1393 55.9354
vt -2.26653 55.9332
vt -2.11839 55.6088
vt -1.99555 55.6129
vt -2.12642 55.7913
vt -1.99062 43.8583
vt -2.11342 43.8531
vt -2.10806 43.6593
vt -2.168 44.2949
vt -2.14437 44.4874
vt -2.27083 44.4965
vt -2.27199 55.5158
vt -2.1454 55.5085
vt -2.26519 55.6896
vt -2.1672 56.7647
vt -2.13503 56.9357
vt -2.25551 56.9442
vt -1.99956 44.3022
vt -2.00085 44.4997
vt -2.12267 44.3033
vt -2.0096 29.6304
vt -2.00194 29.8215
vt -2.12504 29.8232
vt -1.99473 55.6603
vt -2.00247 55.8494
vt -2.12582 55.8385
vt -2.02592 64.2766
vt -2.14783 64.2646
vt -2.13328 64.0785
vt -2.00982 64.088
vt -2.13736 64.0356
vt -2.14842 64.222
vt -2.27259 64.2081
vt 1.8062 9.36945
vt 1.82913 9.17013
vt 1.9305 9.37894
vt 1.64526 8.97743
vt 1.76454 9.00754
vt 1.71667 9.19828
vt 0.318134 14.2689
vt 0.473419 14.1483
vt 0.401254 14.3621
vt 1.561 33.0025
vt 1.68071 33.0379
vt 1.63671 33.2077
vt 0.608261 39.9194
vt 0.712555 39.7784
vt 0.710871 39.9809
vt 0.750903 39.768
vt 0.84539 39.8442
vt 0.751863 39.9705
vt 0.345236 44.0698
vt 0.453629 43.956
vt 0.441854 44.1445
vt 0.373779 44.0378
vt 0.454727 44.1279
vt 0.357523 44.2259
vt -0.155691 50.9015
vt -0.0462613 50.8173
vt 0.0149866 50.9247
vt -0.852652 46.5256
vt -0.714922 46.5029
vt -0.815492 46.6435
vt -0.752279 46.8312
vt -0.744737 46.9516
vt -0.854354 46.9707
vt -1.18312 46.8319
vt -1.1755 46.7115
vt -1.07664 46.8521
vt -1.03016 57.7382
vt -0.922976 57.7543
vt -0.969287 57.8826
vt -1.31409 59.4497
vt -1.37525 59.4162
vt -1.31942 59.2917
vt -2.02779 45.4766
vt -1.97395 45.5209
vt -2.04268 45.5025
vt -1.98793 44.6283
vt -2.00807 44.6495
vt -2.05656 44.6095
vt -2.30405 51.0318
vt -2.26866 51.0911
vt -2.32686 51.0501
vt -1.517 60.3832
vt -1.42452 60.2802
vt -1.46931 60.4332
vt -1.39963 59.4066
vt -1.40249 59.2486
vt -1.30934 59.3017
vt -1.74157 51.6202
vt -1.68898 51.6546
vt -1.71993 51.6879
vt -1.99447 55.5105
vt -1.96098 55.4796
vt -1.96233 55.552
vt -1.92726 50.8543
vt -1.90622 50.8117
vt -1.88807 50.8805
vt -1.25491 47.6872
vt -1.26715 47.7331
vt -1.31689 47.722
vt -1.18936 52.2898
vt -1.20917 52.3214
vt -1.23932 52.2798
vt -1.58731 55.6809
vt -1.62255 55.6566
vt -1.5997 55.6271
vt -1.2872 60.5722
vt -1.32016 60.6034
vt -1.32381 60.55
vt -1.53259 62.3589
vt -1.49871 62.3288
vt -1.49911 62.3941
vt -1.29118 63.615
vt -1.32631 63.6501
vt -1.32546 63.5806
vt -1.48268 64.3579
vt -1.45279 64.3926
vt -1.51832 64.3926
vt -1.76562 63.1048
vt -1.79453 63.0694
vt -1.74146 63.0755
vt -1.94973 64.1214
vt -1.98738 64.121
vt -1.96254 64.0922
vt -1.94722 64.7744
vt -1.96263 64.8028
vt -1.98487 64.774
vt -1.78255 64.7014
vt -1.76027 64.7302
vt -1.81387 64.7353
vt -1.45279 64.6254
vt -1.48388 64.6595
vt -1.51832 64.6254
vt -1.26877 64.7807
vt -1.23098 64.7456
vt -1.19632 64.7795
vt -1.23255 64.8138
vt -0.902405 64.5769
vt -0.939933 64.6122
vt -0.940918 64.5416
vt -0.967597 64.6102
vt -1.00602 64.5749
vt -0.968488 64.5396
vt -0.599762 64.7308
vt -0.637952 64.7639
vt -0.638445 64.6958
vt -0.838504 64.0878
vt -0.874622 64.0592
vt -0.836629 64.0259
vt -0.520622 61.6695
vt -0.485228 61.699
vt -0.519603 61.7206
vt -0.9595 64.0494
vt -0.996953 64.0779
vt -0.99551 64.0161
vt -0.684805 63.5889
vt -0.721664 63.6249
vt -0.723378 63.5557
vt -0.623131 63.6427
vt -0.660795 63.6071
vt -0.625415 63.5735
vt -0.414897 64.4799
vt -0.376653 64.5149
vt -0.445626 64.5153
vt -0.143585 63.772
vt -0.173699 63.808
vt -0.199864 63.7789
vt 0.0857106 64.6017
vt 0.0976509 64.5723
vt 0.124337 64.6009
vt 0.319557 64.3728
vt 0.307943 64.4023
vt 0.2813 64.4035
vt 0.293449 64.8265
vt 0.309077 64.8545
vt 0.266805 64.8277
vt 0.0987323 64.7991
vt 0.0832388 64.7711
vt 0.121866 64.7703
vt 0.338776 64.8467
vt 0.305586 64.8668
vt 0.296493 64.82
vt 0.0663224 64.1137
vt 0.0994442 64.0935
vt 0.121788 64.1287
vt 0.121474 63.6718
vt 0.100047 63.63
vt 0.155489 63.6452
vt -0.119406 62.0259
vt -0.0858521 61.9987
vt -0.084795 62.0613
vt 0.546349 64.841
vt 0.499368 64.8532
vt 0.537175 64.7942
vt 0.521744 64.8627
vt 0.510092 64.8056
vt 0.559544 64.8036
vt 0.973773 64.7712
vt 0.943881 64.7779
vt 0.962119 64.7141
vt 0.922033 64.7688
vt 0.909558 64.7058
vt 0.940262 64.7051
vt -0.236544 64.8362
vt -0.0965007 64.8279
vt -0.0844076 64.891
vt -0.221821 64.5461
vt -0.210944 64.4412
vt -0.0817819 64.5378
vt 0.599935 64.3747
vt 0.474945 64.3823
vt 0.606209 64.2694
vt 0.47193 64.9408
vt 0.449383 64.8101
vt 0.574379 64.8026
vt 0.989848 64.6817
vt 1.11239 64.671
vt 1.13462 64.8018
vt 1.15523 64.384
vt 1.03269 64.3948
vt 1.15513 64.2505
vt 1.03711 64.3835
vt 1.03705 64.2256
vt 1.15951 64.2392
vt 1.34314 64.37
vt 1.22311 64.3795
vt 1.34003 64.2121
vt 1.18456 64.6515
vt 1.3046 64.6421
vt 1.32935 64.7965
vt 0.987822 64.8891
vt 0.962464 64.7347
vt 1.10726 64.8548
vt 0.785245 60.238
vt 0.723781 60.0959
vt 0.842571 60.0594
vt 1.14803 58.9036
vt 1.0368 58.9503
vt 1.09398 58.7586
vt 0.844102 51.4931
vt 0.744288 51.3422
vt 0.852689 51.2894
vt 1.04621 58.9807
vt 0.983992 58.819
vt 1.10367 58.7891
vt 1.20559 64.8312
vt 1.18104 64.6586
vt 1.32583 64.8036
vt 1.59499 64.5045
vt 1.71901 64.4915
vt 1.74134 64.6644
vt 1.76771 64.3922
vt 1.64371 64.4053
vt 1.75484 64.217
vt 1.63853 64.4169
vt 1.62514 64.231
vt 1.74974 64.2286
vt 1.93093 64.4676
vt 1.81041 64.4795
vt 1.91361 64.282
vt 1.8884 64.3042
vt 1.9104 64.4886
vt 1.78793 64.5048
vt 1.76788 64.316
vt 1.64887 64.5994
vt 1.62462 64.4153
vt 1.7708 64.5753
vt 1.79233 64.5166
vt 1.77249 64.328
vt 1.89579 64.3193
vt 1.82895 56.7753
vt 1.82565 56.5873
vt 1.95215 56.7653
vt 1.81013 56.4195
vt 1.93218 56.4149
vt 1.93579 56.5981
vt 1.83489 45.6825
vt 1.83486 45.4851
vt 1.9569 45.6768
vt 1.85663 45.7602
vt 1.98027 45.7585
vt 1.98068 45.9506
vt 1.99196 31.6813
vt 1.86835 31.6838
vt 1.99276 31.4962
vt 1.88528 31.4633
vt 1.88313 31.272
vt 2.00777 31.2745
vt 1.50024 33.1147
vt 1.5468 32.9356
vt 1.62109 33.1414
vt 1.77832 46.4595
vt 1.7533 46.6391
vt 1.62963 46.6313
vt 1.65597 46.4409
vt 1.04491 49.5055
vt 1.10876 49.3358
vt 1.1617 49.5367
vt 0.984898 48.9754
vt 1.09394 49.0246
vt 1.03065 49.1781
vt 0.680019 51.1987
vt 0.756848 51.0515
vt 0.795243 51.2408
vt 0.74849 51.033
vt 0.852727 51.0966
vt 0.786485 51.2224
vt 0.131497 55.6598
vt 0.215039 55.5449
vt 0.242889 55.7116
vt 0.243498 55.7142
vt 0.240509 55.7125
vt 0.266763 55.6632
vt 0.359301 55.7423
vt 0.296981 55.8322
vt 0.296341 55.8296
vt -0.0720287 50.9001
vt -0.156773 50.8127
vt 0.0138989 50.836
vt -0.604613 58.9975
vt -0.51227 58.943
vt -0.520871 59.1025
vt -0.54202 58.9552
vt -0.491673 59.0813
vt -0.551409 59.1146
vt -0.885063 57.5076
vt -0.952307 57.518
vt -0.992297 57.3883
vt -0.684508 41.2611
vt -0.618126 41.2462
vt -0.672976 41.2897
vt -0.638575 41.5359
vt -0.633532 41.5656
vt -0.693689 41.5791
vt -1.37597 40.8358
vt -1.3093 40.8515
vt -1.37787 40.8659
vt -1.11509 57.5316
vt -1.10617 57.3971
vt -1.04747 57.5424
vt -0.888795 57.4738
vt -0.995944 57.3544
vt -0.88574 57.339
vt -1.32074 41.5493
vt -1.3286 41.5781
vt -1.38936 41.5634
vt -1.29174 47.1365
vt -1.23055 47.1494
vt -1.29228 47.1846
vt -0.598764 48.0175
vt -0.590212 48.0649
vt -0.641425 48.0759
vt -0.726516 54.0597
vt -0.749899 54.0286
vt -0.69842 54.0189
vt -0.368285 57.01
vt -0.404407 57.0343
vt -0.393815 56.9807
vt -0.631592 60.5575
vt -0.666914 60.5267
vt -0.629786 60.504
vt -0.401268 62.4056
vt -0.43591 62.44
vt -0.437469 62.3758
vt -0.365351 62.4546
vt -0.400924 62.424
vt -0.367403 62.3904
vt -0.179089 63.7197
vt -0.142888 63.7496
vt -0.199167 63.7564
vt 0.178222 62.8515
vt 0.159319 62.8889
vt 0.124781 62.8704
vt 0.307656 64.278
vt 0.342459 64.296
vt 0.304242 64.3267
vt 0.52486 64.216
vt 0.572512 64.2236
vt 0.569879 64.2724
vt 0.431782 61.3617
vt 0.451758 61.3051
vt 0.479364 61.3697
vt 0.89924 60.1128
vt 0.927954 60.1236
vt 0.911811 60.1813
vt 0.668014 54.661
vt 0.703361 54.6039
vt 0.696247 54.6729
vt -0.327607 60.8648
vt -0.239563 60.9662
vt -0.283745 61.0167
vt -0.442457 60.8566
vt -0.369555 60.775
vt -0.326566 60.9272
vt -0.287441 62.5446
vt -0.170246 62.613
vt -0.197069 62.6731
vt 0.808017 60.0802
vt 0.826924 60.0171
vt 0.838735 60.0858
vt 0.927365 64.1228
vt 0.958155 64.128
vt 0.955347 64.1865
vt 0.924644 64.1873
vt 0.527595 64.291
vt 0.532002 64.2326
vt 0.577045 64.289
vt -0.244543 64.3364
vt -0.108778 64.3691
vt -0.115549 64.4332
vt -0.349627 62.5723
vt -0.304285 62.4774
vt -0.214143 62.6061
vt 0.369177 60.2224
vt 0.480276 60.2705
vt 0.483313 60.2722
vt 0.447625 60.3711
vt 0.329485 60.3785
vt 0.376705 60.2523
vt 0.455316 60.4009
vt 0.905745 58.3831
vt 1.02288 58.4195
vt 0.989129 58.5501
vt 0.939895 58.8646
vt 0.976686 58.7137
vt 1.06219 58.8796
vt 1.21617 57.8613
vt 1.33416 57.8876
vt 1.30766 58.0406
vt 1.17214 57.97
vt 1.20427 57.7994
vt 1.29532 57.979
vt 1.66639 56.746
vt 1.79014 56.7524
vt 1.78095 56.9258
vt 1.64212 56.8169
vt 1.65278 56.6339
vt 1.76671 56.8141
vt 1.23722 64.3468
vt 1.23074 64.1712
vt 1.354 64.1792
vt 0.45175 64.4536
vt 0.457054 64.3202
vt 0.583162 64.3409
vt 0.674539 54.6402
vt 0.700104 54.657
vt 0.667007 54.7092
vt 0.192541 47.5318
vt 0.246231 47.4894
vt 0.216054 47.5513
vt 0.263663 47.3935
vt 0.282214 47.4181
vt 0.233764 47.4556
vt -0.168851 53.6851
vt -0.11709 53.6524
vt -0.135749 53.7198
vt -0.0539073 53.4758
vt -0.0305754 53.5175
vt -0.0716527 53.5435
vt -0.835327 49.5506
vt -0.774688 49.5394
vt -0.819944 49.5958
vt -0.233074 56.7524
vt -0.266212 56.7229
vt -0.224162 56.6985
vt 0.0478062 59.6544
vt 0.016153 59.6897
vt 0.0133187 59.6265
vt -0.0227439 59.6767
vt -0.0570426 59.6518
vt -0.0252092 59.6135
vt 0.187339 62.1239
vt 0.222426 62.1476
vt 0.169075 62.1667
vt 0.446978 61.2912
vt 0.491214 61.3124
vt 0.474544 61.3559
vt 0.226347 57.7232
vt 0.26371 57.6739
vt 0.269848 57.7458
vt 0.223419 57.6456
vt 0.259068 57.6777
vt 0.229048 57.7175
vt -0.611056 60.5285
vt -0.646949 60.5602
vt -0.645026 60.5067
vt -0.857724 62.5567
vt -0.895731 62.5228
vt -0.858853 62.4923
vt -0.96574 62.4991
vt -1.00279 62.5334
vt -1.00287 62.469
vt -1.15399 63.6655
vt -1.1919 63.6295
vt -1.15421 63.5959
vt -1.16994 60.7311
vt -1.20625 60.7
vt -1.17482 60.6778
vt -0.887781 56.7963
vt -0.855122 56.8096
vt -0.885281 56.8335
vt -0.936577 54.7709
vt -0.969011 54.7571
vt -0.96928 54.7313
vt -0.804929 54.8368
vt -0.835125 54.8511
vt -0.806098 54.811
vt -0.924121 56.8051
vt -0.893674 56.7914
vt -0.891216 56.8285
vt 0.863962 60.0913
vt 0.754183 60.1475
vt 0.810789 59.9688
vt 0.283044 62.1743
vt 0.222161 62.0554
vt 0.344001 62.0176
vt 0.570608 64.89
vt 0.448388 64.9266
vt 0.550846 64.7884
vt -0.223876 64.9335
vt -0.24274 64.8318
vt -0.0906109 64.8866
vt -1.56664 63.6333
vt -1.59895 63.605
vt -1.56316 63.5703
vt -1.69899 55.219
vt -1.729 55.2492
vt -1.73954 55.195
vt -1.64332 61.1743
vt -1.68007 61.2094
vt -1.67479 61.1462
vt -1.93886 63.8611
vt -1.9712 63.834
vt -1.91721 63.8185
vt 2.01752 43.5173
vt 2.0127 43.3267
vt 2.14484 43.5144
vt 2.11816 43.9901
vt 2.24512 43.9987
vt 2.22107 44.1878
vt 2.09813 55.4641
vt 2.10481 55.293
vt 2.2252 55.471
vt 2.09173 44.2378
vt 2.11416 44.0594
vt 2.2177 44.2567
vt -0.996159 64.7845
vt -1.03238 64.7513
vt -1.0147 64.7347
vt -1.18713 64.3455
vt -1.20519 64.3622
vt -1.22304 64.312
vt -0.99271 63.5418
vt -1.01126 63.526
vt -0.993455 63.5089
vt -1.18112 62.2028
vt -1.19795 62.2198
vt -1.19933 62.1866
vt -1.12575 61.8376
vt -1.14204 61.828
vt -1.12534 61.8109
vt -1.25231 60.2905
vt -1.23618 60.3004
vt -1.23662 60.3296
vt -0.610837 60.5672
vt -0.64033 60.5805
vt -0.642638 60.5513
vt -0.663852 61.4813
vt -0.630182 61.569
vt -0.693445 61.4944
vt -0.436661 62.112
vt -0.472509 62.0251
vt -0.47249 61.9491
vt -0.34167 62.0431
vt -0.261171 62.0225
vt -0.246602 61.9715
vt -0.244471 62.0475
vt -0.652186 62.7707
vt -0.669829 62.7538
vt -0.635295 62.7205
vt -0.782413 61.8854
vt -0.799031 61.895
vt -0.799789 61.8682
vt -0.634258 60.1802
vt -0.666002 60.1642
vt -0.649571 60.1542
vt -0.817409 63.5831
vt -0.81869 63.5503
vt -0.78238 63.5503
vt -0.81869 64.0033
vt -0.801273 63.9869
vt -0.78238 64.0033
vt -1.0644 64.7288
vt -1.08206 64.745
vt -1.10046 64.6952
vt -0.965042 64.7785
vt -0.964887 64.8124
vt -1.00104 64.7789
vt -0.833225 64.7808
vt -0.814788 64.7978
vt -0.832988 64.8147
vt -0.560422 64.4014
vt -0.540164 64.3836
vt -0.542004 64.4183
vt -0.680684 63.8433
vt -0.700847 63.8612
vt -0.718133 63.8461
vt -0.983959 64.691
vt -0.966565 64.706
vt -1.00257 64.7063
vt -1.19321 64.0484
vt -1.21174 64.0638
vt -1.20972 64.0321
vt -1.3412 64.0401
vt -1.37784 64.0393
vt -1.33937 64.0084
vt -1.34355 64.4216
vt -1.36124 64.4382
vt -1.3802 64.4208
vt -1.50843 64.7524
vt -1.54209 64.7535
vt -1.52743 64.735
vt -1.50563 64.7876
vt -1.52232 64.8046
vt -1.53928 64.7888
vt -1.19559 64.3738
vt -1.22996 64.3408
vt -1.21347 64.3236
vt -1.37377 63.5877
vt -1.41045 63.5893
vt -1.40765 63.5541
vt -1.36733 62.7188
vt -1.38613 62.7373
vt -1.40402 62.7204
vt -1.28393 62.1835
vt -1.30354 62.169
vt -1.28494 62.1503
vt -1.41279 61.64
vt -1.36026 61.5749
vt -1.34076 61.5896
vt -1.32933 61.1131
vt -1.32881 61.0571
vt -1.27761 61.0473
vt -1.71528 61.1553
vt -1.74445 61.1239
vt -1.71131 61.0994
vt -1.71129 61.417
vt -1.68195 61.4481
vt -1.70781 61.4826
vt -1.40967 59.5958
vt -1.38559 59.5601
vt -1.29986 59.6334
vt -1.30766 60.4365
vt -1.22066 60.424
vt -1.22096 60.5086
vt -1.23595 60.3532
vt -1.22015 60.3924
vt -1.30715 60.4048
vt -0.77085 60.6533
vt -0.827708 60.6619
vt -0.832602 60.5774
vt -0.947542 64.8716
vt -0.890587 64.8636
vt -0.876674 64.9032
vt -0.94628 64.9131
vt -0.888354 64.8659
vt -0.790842 64.8006
vt -0.874437 64.9054
vt -0.860567 64.8877
vt -0.777029 64.7828
vt -0.748324 64.7321
vt -0.741839 64.8077
vt -0.195465 63.5335
vt -0.070303 63.5744
vt -0.0967194 63.6263
vt -0.16054 63.3711
vt -0.0803512 63.4276
vt -0.205476 63.3865
vt -0.00985562 64.2502
vt 0.0771729 64.2522
vt 0.0710022 64.3058
vt 0.0491711 64.631
vt 0.0884957 64.7338
vt 0.00146642 64.7318
vt -0.584954 64.677
vt -0.619137 64.7398
vt -0.657374 64.6367
vt -0.498364 64.7413
vt -0.533102 64.6748
vt -0.499122 64.6118
vt -0.640094 64.5914
vt -0.682911 64.5779
vt -0.674395 64.5246
vt -0.612789 64.7606
vt -0.648857 64.8227
vt -0.655622 64.7471
vt -1.37444 64.4606
vt -1.47249 64.393
vt -1.43634 64.3309
vt -1.34948 63.5535
vt -1.25191 63.6218
vt -1.3297 63.6949
vt -1.82525 58.4064
vt -1.90725 58.321
vt -1.83576 58.2417
vt -1.57311 54.9743
vt -1.68761 55.043
vt -1.6498 54.8842
vt -1.92852 47.2491
vt -1.99856 47.1434
vt -1.89147 47.0637
vt -1.18868 40.3347
vt -1.15137 40.456
vt -1.32092 40.3628
vt -1.16942 40.9517
vt -1.32622 40.9837
vt -1.33953 40.8596
vt -1.40915 34.4259
vt -1.42782 34.3113
vt -1.27231 34.2736
vt -0.527825 33.9662
vt -0.545886 34.0809
vt -0.683629 33.9292
vt -0.619605 34.9749
vt -0.794977 34.9394
vt -0.761129 34.8267
vt -0.501099 21.0633
vt -0.459459 20.9486
vt -0.289607 21.0049
vt 1.14438 34.5007
vt 1.04691 34.5742
vt 1.04239 34.3595
vt 1.01788 34.5736
vt 0.910761 34.4261
vt 1.01107 34.359
vt 1.35695 30.4228
vt 1.46812 30.3782
vt 1.54176 30.545
vt 1.43177 30.5954
vt 1.75745 44.8155
vt 1.64178 44.8467
vt 1.70693 44.6372
vt 1.61325 44.6693
vt 1.56098 44.4881
vt 1.67608 44.4591
vt 2.02482 43.1429
vt 2.14552 43.1371
vt 2.15021 43.3256
vt 2.15716 54.9895
vt 2.1665 55.1734
vt 2.04576 55.1779
vt 2.03621 55.0001
vt 1.67619 55.7699
vt 1.79561 55.7523
vt 1.82855 55.9269
vt 1.71219 55.9504
vt 1.78711 64.4969
vt 1.76788 64.3161
vt 1.90682 64.4815
vt 2.05819 64.1772
vt 2.17784 64.1653
vt 2.19185 64.3466
vt 2.20662 64.6507
vt 2.08697 64.6626
vt 2.1821 64.4692
vt 2.09944 64.6361
vt 2.07418 64.4588
vt 2.19439 64.4426
vt 2.25345 64.7065
vt 2.13151 64.7191
vt 2.22597 64.5295
vt 2.10861 64.0791
vt 2.23054 64.0664
vt 2.23962 64.2453
vt 2.08343 64.2859
vt 2.07106 64.1071
vt 2.20451 64.2767
vt 2.11914 64.2304
vt 2.11094 64.0618
vt 2.2419 64.228
vt 2.11023 55.1383
vt 2.23298 55.1355
vt 2.22736 55.3135
vt 2.0965 55.4755
vt 2.10104 55.3063
vt 2.21898 55.481
vt 2.11304 44.0729
vt 2.23545 44.0798
vt 2.21306 44.2622
vt 2.0114 43.6245
vt 2.00649 43.4408
vt 2.13373 43.6222
vt 1.99736 28.4368
vt 2.11966 28.4333
vt 2.12031 28.6214
vt 2.00508 28.5004
vt 2.00657 28.3176
vt 2.12827 28.503
vt 2.15682 30.0455
vt 2.27595 30.0724
vt 2.22591 30.2482
vt 2.0987 44.1125
vt 2.12058 43.941
vt 2.21943 44.1309
vt 2.10333 30.319
vt 2.14852 30.1506
vt 2.22009 30.3525
vt 2.01633 12.2146
vt 2.0982 12.3043
vt 1.94926 12.421
vt 2.02935 6.33416
vt 2.04645 6.14574
vt 2.15126 6.34503
vt 2.07349 6.10181
vt 2.19622 6.11284
vt 2.17252 6.30404
vt -0.0564509 12.7716
vt 0.110334 12.8618
vt 0.0586716 12.9666
vt -0.112761 12.8787
vt -0.330669 20.8101
vt -0.510745 20.7508
vt -0.299472 20.6916
vt -1.60945 21.7063
vt -1.64643 21.5894
vt -1.47872 21.531
vt -1.19755 34.8838
vt -1.37121 34.921
vt -1.23207 34.7708
vt -2.02107 43.557
vt -2.09403 43.464
vt -1.9757 43.3612
vt -1.82821 47.0758
vt -1.95303 47.1706
vt -1.91787 46.9848
vt -2.10856 54.0877
vt -2.20813 54.0076
vt -2.13014 53.9003
vt -1.80412 58.4062
vt -1.89223 58.5053
vt -1.90529 58.3408
vt -1.99132 62.4284
vt -2.09488 62.3669
vt -2.05205 62.2753
vt -1.37229 64.4532
vt -1.42059 64.5421
vt -1.48272 64.4125
vt -1.47454 64.7701
vt -1.49507 64.8704
vt -1.60552 64.8297
vt -2.03584 64.8933
vt -2.15328 64.859
vt -2.13167 64.759
vt -1.91571 62.2221
vt -1.97252 62.3399
vt -2.03278 62.1866
vt -2.16071 60.5714
vt -2.2769 60.516
vt -2.2282 60.3945
vt -2.00628 53.9262
vt -2.09841 54.0518
vt -2.1192 53.8644
vt -2.14541 51.6731
vt -2.24178 51.6063
vt -2.15858 51.4746
vt -1.91235 43.3435
vt -2.04234 43.461
vt -1.99927 43.2648
vt -2.20922 36.505
vt -2.30675 36.4321
vt -2.20252 36.2913
vt -1.38209 22.0682
vt -1.5612 22.1265
vt -1.42609 21.9547
vt -1.82841 14.0176
vt -1.88173 13.9135
vt -1.71657 13.823
vt -1.67138 13.8628
vt -1.84128 13.9539
vt -1.73124 13.7583
vt -1.86284 8.33669
vt -1.98477 8.34738
vt -1.99619 8.15495
vt -1.83616 8.44142
vt -1.81729 8.62817
vt -1.95765 8.4518
vt -0.547848 13.8724
vt -0.468294 13.7836
vt -0.401026 13.9893
vt -1.55824 32.2112
vt -1.60449 32.0358
vt -1.48795 32.0084
vt -1.444 32.1771
vt -1.89432 30.5614
vt -1.89443 30.7428
vt -2.01556 30.558
vt -1.89827 30.6608
vt -2.02018 30.6634
vt -2.01869 30.4756
vt -2.12493 32.4701
vt -2.20187 32.6414
vt -2.23374 32.4261
vt -2.204 32.7736
vt -2.31425 32.725
vt -2.23973 32.5589
vt -2.10746 36.3656
vt -2.21476 36.5127
vt -2.20947 36.2989
vt -2.22155 47.9222
vt -2.33211 47.871
vt -2.26451 47.71
vt -2.06354 51.5614
vt -2.15581 51.7097
vt -2.17022 51.5113
vt -2.17599 59.5745
vt -2.28546 59.5308
vt -2.23501 59.3857
vt -2.10104 60.4099
vt -2.1584 60.5524
vt -2.22575 60.3754
vt -2.19506 64.855
vt -2.32035 64.8227
vt -2.29553 64.6966
vt -2.03575 64.7871
vt -2.06103 64.9131
vt -2.15686 64.7788
vt -2.05096 64.2108
vt -2.17206 64.2024
vt -2.17796 64.1016
vt -1.59697 64.4749
vt -1.48281 64.4444
vt -1.47141 64.5447
vt -1.43916 62.8402
vt -1.39569 62.9309
vt -1.50961 62.9623
vt -2.12862 59.7689
vt -2.01679 59.7191
vt -2.09688 59.8643
vt -1.94596 54.5555
vt -1.86986 54.6662
vt -1.97933 54.721
vt -2.09449 50.0174
vt -2.21422 50.0581
vt -2.27332 49.9375
vt -2.16373 49.8751
vt -2.30128 57.5463
vt -2.17981 57.5112
vt -2.27212 57.6727
vt -2.18366 57.5666
vt -2.15039 57.7151
vt -2.27627 57.728
vt -2.28915 56.7648
vt -2.17513 56.7387
vt -2.2652 56.915
vt -2.18161 47.5488
vt -2.11974 47.7135
vt -2.23247 47.7447
vt -2.28839 44.3281
vt -2.16774 44.3087
vt -2.26755 44.5029
vt -2.21536 31.1671
vt -2.16745 31.3438
vt -2.2865 31.3713
vt -2.10942 29.5344
vt -1.98762 29.5311
vt -2.10677 29.7175
vt -2.06991 6.34942
vt -2.04258 6.54013
vt -2.16358 6.55452
vt 0.0224154 13.4346
vt 0.0732753 13.542
vt -0.149878 13.5208
vt 1.7365 14.8068
vt 1.79213 14.7018
vt 1.96031 14.7972
vt 1.80531 9.27118
vt 1.82722 9.07906
vt 1.92645 9.28078
vt 1.67785 8.90689
vt 1.79467 8.93378
vt 1.75332 9.11865
vt -2.24521 6.31461
vt -2.12914 6.28463
vt -2.2014 6.49822
vt -1.9254 13.1894
vt -1.76754 13.2929
vt -1.83999 13.39
vt -2.33136 30.9766
vt -2.21616 30.939
vt -2.28153 31.1451
vt -2.13455 37.3694
vt -2.03165 37.5118
vt -2.22483 37.4468
vt -2.03417 37.2977
vt -2.13367 37.3589
vt -2.22721 37.2323
vt -2.29389 47.6504
vt -2.18707 47.6031
vt -2.23898 47.7988
vt -2.05105 41.3611
vt -1.94282 41.4754
vt -2.04345 41.5514
vt -2.13 41.4655
vt -2.04577 41.3726
vt -2.03757 41.5628
vt -1.22174 33.585
vt -1.26407 33.7031
vt -1.39402 33.6704
vt -1.20112 45.7481
vt -1.06921 45.7717
vt -1.10731 45.8884
vt -1.64064 50.1545
vt -1.72653 50.2406
vt -1.8112 50.1794
vt -1.74809 50.074
vt -1.97415 54.4613
vt -1.88153 54.3825
vt -1.91126 54.5487
vt -1.33866 61.3091
vt -1.26367 61.3863
vt -1.36431 61.4459
vt -1.45062 62.5616
vt -1.34927 62.5032
vt -1.41833 62.6261
vt -0.661768 64.5001
vt -0.625254 64.5623
vt -0.69761 64.5219
vt -0.75313 64.6571
vt -0.837139 64.5552
vt -0.717241 64.6354
vt -0.764953 64.646
vt -0.862018 64.5811
vt -0.848923 64.544
vt -0.351665 62.6272
vt -0.333732 62.5906
vt -0.237504 62.6566
vt -0.799238 61.3205
vt -0.742159 61.3295
vt -0.758696 61.3668
vt -0.887684 64.5906
vt -0.944814 64.5819
vt -0.874558 64.5534
vt -0.935846 64.6036
vt -1.00614 64.6319
vt -1.07497 64.6028
vt -1.10934 64.6025
vt -1.04053 64.6317
vt -1.15132 64.6664
vt -1.4139 60.8982
vt -1.43717 60.8664
vt -1.32691 60.83
vt -1.72402 62.667
vt -1.69972 62.6981
vt -1.73057 62.7283
vt -1.70883 62.6786
vt -1.74046 62.6564
vt -1.70964 62.6262
vt -1.86541 64.0726
vt -1.88402 64.1039
vt -1.89731 64.0508
vt -1.32039 64.793
vt -1.35622 64.7815
vt -1.33731 64.7504
vt -1.408 64.7082
vt -1.40241 64.6801
vt -1.3666 64.6916
vt -2.08145 64.7405
vt -2.00724 64.7649
vt -2.01333 64.7929
vt -1.93069 64.0924
vt -1.91729 64.1455
vt -1.99146 64.121
vt -1.96094 64.1022
vt -1.92728 64.1244
vt -1.98806 64.1529
vt -1.80434 62.6819
vt -1.76465 62.6432
vt -1.77095 62.7045
vt -1.10072 64.6223
vt -1.14117 64.6602
vt -1.12429 64.5907
vt -1.22541 64.61
vt -1.24249 64.6795
vt -1.30937 64.7197
vt -1.31324 64.7246
vt -1.24636 64.6844
vt -1.27378 64.7349
vt -1.32731 64.6683
vt -1.28786 64.6786
vt -1.29749 64.7324
vt -2.07611 64.7935
vt -2.06542 64.7399
vt -1.99729 64.7923
vt -2.07112 63.912
vt -1.9923 63.9108
vt -1.98858 63.9381
vt -1.37619 64.39
vt -1.4125 64.4027
vt -1.41748 64.3756
vt -1.32577 63.3453
vt -1.28955 63.3323
vt -1.30803 63.3783
vt -1.44342 63.6498
vt -1.4291 63.6696
vt -1.46259 63.6955
vt -1.44695 63.5999
vt -1.46124 63.58
vt -1.44402 63.5647
vt -1.69645 64.6086
vt -1.69584 64.5777
vt -1.67896 64.5935
vt -1.34521 64.6266
vt -1.38653 64.6123
vt -1.34514 64.5957
vt -1.38224 63.1307
vt -1.34896 63.1046
vt -1.33097 63.1213
vt -1.75873 61.6762
vt -1.79207 61.7005
vt -1.77451 61.6423
vt -1.89998 61.9674
vt -1.95812 61.9387
vt -1.88142 61.9095
vt -1.99378 61.2468
vt -1.93582 61.2759
vt -1.93485 61.3417
vt -1.21726 64.6369
vt -1.21174 64.5614
vt -1.14485 64.6508
vt -1.26622 64.5678
vt -1.27196 64.6433
vt -1.30594 64.5813
vt -0.306181 64.5659
vt -0.398863 64.633
vt -0.340937 64.5043
vt -0.507028 63.8168
vt -0.582077 63.7438
vt -0.489887 63.6761
vt 0.302654 58.2109
vt 0.217505 58.2964
vt 0.233957 58.132
vt -0.110234 54.056
vt -0.224709 53.9861
vt -0.146211 53.8946
vt 0.271122 47.1531
vt 0.203099 47.2569
vt 0.162892 47.0739
vt -0.647909 41.0978
vt -0.805009 41.0667
vt -0.767756 40.9483
vt -0.607392 40.6946
vt -0.622061 40.8185
vt -0.74074 40.6681
vt -0.746838 50.9207
vt -0.881072 50.8992
vt -0.846849 50.7847
vt -0.106214 54.0718
vt -0.157432 54.1798
vt -0.194872 54.0187
vt -0.643712 62.9923
vt -0.736062 62.9459
vt -0.671111 62.8528
vt -0.433324 63.7286
vt -0.499751 63.8206
vt -0.482552 63.68
vt -1.21012 64.722
vt -1.1377 64.7359
vt -1.16067 64.7704
vt -1.0874 64.664
vt -1.04576 64.73
vt -1.11028 64.6986
vt -1.12186 64.6001
vt -1.16322 64.534
vt -1.05235 64.5682
vt -1.11012 64.8984
vt -1.18072 64.8885
vt -1.11111 64.8569
vt -1.07725 62.0251
vt -1.04465 61.916
vt -0.974094 61.9262
vt -0.587909 62.8617
vt -0.625011 62.9694
vt -0.652203 62.8299
vt -0.996337 62.6208
vt -0.8924 62.5228
vt -0.890004 62.6366
vt -1.06712 62.6877
vt -1.07138 62.5739
vt -1.0018 62.5638
vt -0.95676 62.6878
vt -1.06234 62.7044
vt -0.99697 62.5805
vt -1.24818 50.6844
vt -1.25667 50.5667
vt -1.15172 50.5465
vt -0.696668 50.3949
vt -0.703793 50.5127
vt -0.802436 50.3756
vt -1.04075 51.3658
vt -1.17406 51.3882
vt -1.07507 51.252
vt -1.67528 55.0817
vt -1.72694 54.9747
vt -1.63698 54.923
vt -1.19625 63.503
vt -1.2896 63.5482
vt -1.33283 63.4421
vt -1.22094 63.4433
vt -1.20249 63.5849
vt -1.3391 63.5241
vt 0.227482 47.1905
vt 0.102302 47.0997
vt 0.188393 47.0073
vt 0.480241 43.0053
vt 0.407716 43.098
vt 0.361418 42.9063
vt 0.442759 42.9919
vt 0.31164 42.8772
vt 0.398389 42.7997
vt 0.907475 51.3109
vt 0.811475 51.3765
vt 0.820736 51.1782
vt 0.85914 51.4184
vt 0.76388 51.2727
vt 0.870618 51.2203
vt 1.48611 46.7874
vt 1.37655 46.838
vt 1.41677 46.6278
vt 1.38298 46.8603
vt 1.30979 46.69
vt 1.42362 46.6501
vt 1.64724 56.9577
vt 1.53127 56.9909
vt 1.60261 56.793
vt 1.50633 56.8637
vt 1.46008 56.6921
vt 1.5766 56.6655
vt 1.6478 64.5978
vt 1.62447 64.4204
vt 1.76494 64.574
vt 1.76567 64.3242
vt 1.88344 64.3119
vt 1.90464 64.4896
vt 1.92778 64.4805
vt 1.81002 64.4928
vt 1.91123 64.301
vt 1.79254 64.5287
vt 1.77345 64.3465
vt 1.89399 64.337
vt 1.83637 56.7225
vt 1.83152 56.5366
vt 1.95679 56.7116
vt 2.109 57.039
vt 2.22616 57.0147
vt 2.25774 57.198
vt 2.30111 46.6891
vt 2.18521 46.7189
vt 2.25201 46.5057
vt 2.18057 46.7788
vt 2.13309 46.5966
vt 2.24814 46.5658
vt 2.30631 48.3772
vt 2.18984 48.4158
vt 2.23686 48.2022
vt 2.24892 57.8262
vt 2.29065 58.0007
vt 2.17122 58.0263
vt 2.13054 57.8585
vt 2.14485 57.3635
vt 2.11554 57.1865
vt 2.26476 57.3451
vt 2.12324 64.7378
vt 2.09785 64.5712
vt 2.21783 64.5483
vt 2.1925 48.3725
vt 2.12651 48.209
vt 2.23879 48.1588
vt 2.26827 36.6581
vt 2.16421 36.7237
vt 2.16188 36.509
vt 2.16419 36.7299
vt 2.06341 36.5855
vt 2.16259 36.5151
vt 1.45396 21.8485
vt 1.49147 21.7325
vt 1.66839 21.7959
vt 1.62082 21.9079
vt 0.421183 20.7764
vt 0.451027 20.8947
vt 0.240572 20.8344
vt 0.425476 21.9281
vt 0.256702 21.9836
vt 0.214291 21.8705
vt -0.988924 35.1545
vt -0.892902 35.2278
vt -1.09271 35.3046
vt -0.910139 34.4265
vt -1.00894 34.5708
vt -1.10928 34.505
vt -1.40366 46.4648
vt -1.29449 46.5145
vt -1.47247 46.6386
vt -1.28873 46.7174
vt -1.35393 46.8815
vt -1.46708 46.841
vt -1.58645 56.8085
vt -1.4711 56.8422
vt -1.62832 56.984
vt -1.47436 56.7514
vt -1.51591 56.9183
vt -1.63138 56.8934
vt -1.70733 64.3355
vt -1.59131 64.3577
vt -1.73044 64.5126
vt -1.59017 64.3652
vt -1.60994 64.532
vt -1.72931 64.5202
vt -1.62825 64.3467
vt -1.63989 64.5144
vt -1.74761 64.3348
vt -1.63777 64.5272
vt -1.75815 64.5272
vt -1.74555 64.3476
vt -1.75815 56.3627
vt -1.63777 56.3627
vt -1.75147 56.5402
vt -1.63597 56.3259
vt -1.63031 56.4971
vt -1.74948 56.5035
vt -1.70754 45.4776
vt -1.72834 45.2929
vt -1.60927 45.2848
vt -1.58933 45.4586
vt -1.88068 44.7905
vt -1.88602 44.9763
vt -2.00729 44.974
vt -2.00928 45.0015
vt -1.88689 45.0066
vt -2.01488 45.1891
vt -1.8703 56.2304
vt -1.87853 56.4079
vt -2.00096 56.4038
vt -1.99373 56.2926
vt -1.87217 56.3022
vt -2.00314 56.4753
vt -1.97622 64.568
vt -1.95768 64.3862
vt -1.83878 64.3969
vt -1.85457 64.5763
vt -2.03164 64.5057
vt -2.05457 64.687
vt -2.15023 64.4939
vt -2.05612 64.649
vt -2.17487 64.6328
vt -2.15156 64.4558
vt -2.17867 56.8622
vt -2.06024 56.8807
vt -2.2065 57.0377
vt -2.06023 56.8402
vt -2.09232 57.0203
vt -2.20636 56.9974
vt -2.09342 46.0491
vt -2.14165 46.2305
vt -2.20624 46.0207
vt -2.14224 46.0856
vt -2.25538 46.0544
vt -2.20493 45.8752
vt -2.14684 47.7106
vt -2.21957 47.8819
vt -2.26182 47.6695
vt -2.14723 57.6057
vt -2.18891 57.7784
vt -2.30615 57.7443
vt -2.26598 57.4574
vt -2.14872 57.4844
vt -2.30738 57.6233
vt -2.17209 64.7233
vt -2.29 64.6992
vt -2.26637 64.5332
vt -2.14642 64.5466
vt -2.15451 64.6786
vt -2.18098 64.8442
vt -2.27201 64.6703
vt -2.1705 64.8104
vt -2.28789 64.784
vt -2.26139 64.6365
vt -2.0997 59.2461
vt -2.15902 59.4065
vt -2.21654 59.2173
vt -2.16639 64.7044
vt -2.19367 64.8517
vt -2.29413 64.6933
vt -2.18178 64.2762
vt -2.30951 64.2651
vt -2.31039 64.1346
vt -2.18438 64.1231
vt -2.03099 64.2459
vt -2.02589 64.3762
vt -2.15317 64.2673
vt -1.99251 59.5308
vt -1.94981 59.6533
vt -2.07165 59.6766
vt -2.27732 64.079
vt -2.15786 64.0726
vt -2.2772 64.2321
vt -2.17213 56.6803
vt -2.1424 56.8497
vt -2.2618 56.8569
vt -2.26817 55.5413
vt -2.14656 55.5344
vt -2.26313 55.7131
vt -2.1679 44.2815
vt -2.14595 44.4672
vt -2.26745 44.4758
vt -2.11702 43.6944
vt -1.99708 43.695
vt -2.11979 43.8814
vt -1.99951 29.2629
vt -1.99576 29.452
vt -2.1157 29.4511
vt -1.47922 31.0909
vt -1.37006 31.1417
vt -1.5528 31.2651
vt 0.0768071 13.2735
vt -0.0922498 13.3595
vt -0.146311 13.252
vt -1.35421 31.5927
vt -1.42744 31.7599
vt -1.53809 31.7144
vt -1.71929 45.3632
vt -1.60414 45.3956
vt -1.76774 45.5471
vt -1.62656 44.6973
vt -1.67261 44.8785
vt -1.78794 44.8512
vt -1.85497 56.1278
vt -1.73851 56.1498
vt -1.88627 56.3106
vt -1.74225 56.0347
vt -1.77025 56.2129
vt -1.88965 56.1958
vt -1.8075 64.2415
vt -1.82828 64.4188
vt -1.92718 64.2264
vt -1.82647 64.4067
vt -1.94537 64.396
vt -1.9253 64.2143
vt -2.01245 64.0995
vt -2.02803 64.2817
vt -2.14662 64.2698
vt -2.13362 64.0723
vt -2.01302 64.0814
vt -2.14713 64.2517
vt -2.00513 55.7965
vt -2.12562 55.7861
vt -2.11584 55.6063
vt -1.9954 55.6113
vt -2.14647 55.7184
vt -2.14174 55.8983
vt -2.264 55.8965
vt -2.26356 64.0954
vt -2.1413 64.097
vt -2.27155 64.263
vt -2.14034 64.0324
vt -2.15044 64.2121
vt -2.27037 64.1986
vt -2.1621 64.1094
vt -2.16408 64.2771
vt -2.28157 64.2688
vt -1.98305 44.264
vt -1.98913 44.4542
vt -2.10951 44.4479
vt 1.89823 14.591
vt 1.73551 14.497
vt 1.95932 14.4872
vt 2.14456 33.02
vt 2.25436 32.9706
vt 2.33078 33.1437
vt 2.21983 33.187
vt 1.88596 31.2594
vt 1.88488 31.0702
vt 2.00638 31.0727
vt 1.98565 31.5333
vt 1.86477 31.535
vt 1.9876 31.3498
vt 1.85673 45.7318
vt 1.97761 45.7307
vt 1.97796 45.9156
vt 1.62829 46.5896
vt 1.6538 46.4065
vt 1.74762 46.5969
vt 1.66187 46.4696
vt 1.77954 46.487
vt 1.75629 46.6598
vt 1.50733 32.962
vt 1.55371 32.7845
vt 1.62359 32.9871
vt 1.54363 32.7406
vt 1.65895 32.7755
vt 1.61252 32.9436
vt 0.303448 14.3638
vt 0.453615 14.2483
vt 0.383228 14.4541
vt 0.500384 14.1575
vt 0.573482 14.2527
vt 0.434237 14.3647
vt -2.0778 12.8337
vt -2.00807 12.736
vt -1.93684 12.9422
vt -1.48292 26.8472
vt -1.31233 26.8975
vt -1.50625 26.961
vt -1.32507 27.3601
vt -1.36854 27.4709
vt -1.51937 27.4224
vt -1.37871 33.6329
vt -1.22515 33.6719
vt -1.39754 33.757
vt -0.517433 34.0868
vt -0.49525 34.2104
vt -0.626128 34.2413
vt -0.823194 45.5742
vt -0.690635 45.5516
vt -0.786782 45.6919
vt -0.649946 45.2197
vt -0.63969 45.3401
vt -0.744408 45.3612
vt -1.28151 45.2403
vt -1.26873 45.1201
vt -1.17799 45.2625
vt -1.0585 59.8252
vt -0.953917 59.8416
vt -0.995375 59.9456
vt -1.33022 61.1174
vt -1.28332 61.0158
vt -1.19147 61.0656
vt -1.33286 61.1755
vt -1.19409 61.1237
vt -1.2167 61.261
vt -1.08087 60.1986
vt -1.00591 60.0796
vt -0.941756 60.1995
vt -0.926449 59.4008
vt -0.96014 59.2957
vt -0.854488 59.28
vt -0.617596 60.3567
vt -0.578258 60.4598
vt -0.622879 60.4843
vt -0.642299 60.4949
vt -1.08305 64.5969
vt -1.03744 64.5743
vt -1.0793 64.6383
vt -1.10289 64.6067
vt -0.724523 60.4283
vt -0.632886 60.3766
vt -0.657902 60.5147
vt -0.0182855 49.7382
vt -0.104274 49.6507
vt 0.0651211 49.674
vt 0.360609 55.2118
vt 0.455379 55.2897
vt 0.402531 55.369
vt 0.397198 55.3771
vt -0.567043 61.836
vt -0.560499 61.8289
vt -0.495934 61.7588
vt -0.42669 61.8431
vt -0.497889 62.8105
vt -0.560474 62.6893
vt -0.420116 62.6963
vt -0.411841 63.0513
vt -0.521949 63.0218
vt -0.475463 62.9306
vt -0.425694 64.5955
vt -0.414314 64.4951
vt -0.303982 64.5237
vt -0.31133 64.59
vt 0.523558 64.2539
vt 0.649764 64.2734
vt 0.643986 64.3743
vt 0.402258 60.095
vt 0.447683 59.9707
vt 0.528204 60.1162
vt 0.996287 58.0322
vt 1.11802 58.067
vt 1.08689 58.1957
vt 0.788401 50.634
vt 0.858902 50.4892
vt 0.908381 50.6744
vt 1.02386 48.8444
vt 1.1326 48.8905
vt 1.07313 49.0402
vt 0.651238 39.2829
vt 0.754165 39.1421
vt 0.753853 39.3413
vt 0.777794 39.1366
vt 0.87109 39.2114
vt 0.779114 39.3358
vt -0.333175 27.8102
vt -0.486452 27.8598
vt -0.53533 27.7507
vt -0.364467 27.6983
vt -0.666369 34.0714
vt -0.510206 34.0317
vt -0.618504 34.1865
vt 0.465372 42.7854
vt 0.551616 42.8754
vt 0.45752 42.974
vt -0.0988095 50.101
vt 0.00891171 50.0175
vt 0.0706171 50.1241
vt 0.424843 42.8642
vt 0.529949 42.7507
vt 0.525842 42.9393
vt 0.836827 50.4229
vt 0.94585 50.4858
vt 0.885234 50.6084
vt 0.201465 55.1473
vt 0.280215 55.0354
vt 0.314054 55.2013
vt 0.436649 59.9223
vt 0.551402 59.9716
vt 0.516927 60.068
vt 1.07415 49.367
vt 1.1339 49.2032
vt 1.18942 49.3973
vt 1.23999 57.7403
vt 1.35641 57.7658
vt 1.33116 57.916
vt 1.03487 58.5693
vt 1.06851 58.4208
vt 1.16131 58.583
vt 1.12367 64.3929
vt 1.12253 64.2407
vt 1.24912 64.253
vt 1.35806 64.3852
vt 1.23922 64.3956
vt 1.35468 64.233
vt 1.19878 64.6713
vt 1.31763 64.661
vt 1.3415 64.8099
vt 1.0744 64.8811
vt 1.05008 64.7322
vt 1.1978 64.8472
vt 1.07455 64.6807
vt 1.20108 64.6705
vt 1.22224 64.7958
vt 1.23938 64.4117
vt 1.11285 64.4221
vt 1.2384 64.2823
vt 0.552314 64.4689
vt 0.556404 64.3395
vt 0.677055 64.4597
vt 0.545712 64.9368
vt 0.524237 64.8116
vt 0.648986 64.8026
vt 0.63817 64.883
vt 0.515393 64.9176
vt 0.618678 64.7833
vt 0.298424 61.9065
vt 0.420841 61.8706
vt 0.465922 61.9616
vt 0.35846 62.0236
vt -0.50151 64.5089
vt -0.55198 64.4208
vt -0.443937 64.3802
vt -0.388111 64.9091
vt -0.406225 64.8093
vt -0.280055 64.8685
vt -0.431308 64.7621
vt -0.316942 64.7566
vt -0.30518 64.8214
vt -1.30256 64.4222
vt -1.25397 64.4739
vt -1.29368 64.4874
vt -1.28767 64.4616
vt -1.24783 64.4596
vt -1.23903 64.5133
vt -1.29555 64.7595
vt -1.28563 64.6936
vt -1.25571 64.7576
vt -2.06417 63.9924
vt -2.06962 63.9382
vt -1.98708 63.9643
vt 0.168369 58.2492
vt 0.0783256 58.1504
vt 0.183622 58.0848
vt 0.700008 53.5398
vt 0.604027 53.6219
vt 0.619523 53.433
vt 0.631237 53.6528
vt 0.536703 53.5256
vt 0.647779 53.4641
vt 0.959843 59.8152
vt 0.845695 59.8708
vt 0.908 59.6942
vt 0.877893 59.9792
vt 0.818229 59.8391
vt 0.94097 59.8029
vt 1.16755 58.8961
vt 1.05797 58.9423
vt 1.11388 58.7536
vt 1.07796 59.0074
vt 1.01627 58.8483
vt 1.13446 58.8188
vt 1.23299 64.8159
vt 1.20903 64.65
vt 1.35173 64.7887
vt 1.59888 64.4981
vt 1.71765 64.4855
vt 1.7395 64.6517
vt 1.7673 64.3719
vt 1.64854 64.3847
vt 1.75507 64.2031
vt 1.6281 64.4304
vt 1.61542 64.2506
vt 1.7349 64.249
vt 1.62731 56.7703
vt 1.6376 56.5909
vt 1.74679 56.7685
vt 1.81707 56.3767
vt 1.93675 56.3726
vt 1.94157 56.5522
vt 1.83938 45.6967
vt 1.83934 45.5068
vt 1.95902 45.6916
vt 1.66502 56.812
vt 1.78443 56.8179
vt 1.77547 56.9888
vt 1.21413 57.9315
vt 1.24419 57.763
vt 1.33552 57.9387
vt 1.26724 64.3287
vt 1.26097 64.1595
vt 1.3824 64.1659
vt -1.41079 64.7881
vt -1.42764 64.7456
vt -1.39616 64.7696
vt -1.10757 63.8877
vt -1.04878 63.8576
vt -1.07622 63.9119
vt -1.17074 62.6055
vt -1.22927 62.6361
vt -1.2277 62.5837
vt -1.18168 63.2283
vt -1.21293 63.2775
vt -1.26996 63.2559
vt -1.84599 60.2163
vt -1.87534 60.2305
vt -1.84797 60.1791
vt -1.53743 64.5527
vt -1.5385 64.5807
vt -1.56717 64.5661
vt -0.953289 64.6151
vt -0.952028 64.5871
vt -0.916507 64.6371
vt -0.486081 63.5598
vt -0.439631 63.5311
vt -0.451336 63.6104
vt -0.801143 60.2078
vt -0.759208 60.2148
vt -0.804803 60.2449
vt -0.829051 61.5491
vt -0.827775 61.5099
vt -0.787094 61.5561
vt -1.26076 61.5283
vt -1.2602 61.5675
vt -1.34829 61.5957
vt -0.560673 63.5404
vt -0.549462 63.4611
vt -0.505955 63.5328
vt -0.363087 62.8828
vt -0.2489 62.9121
vt -0.320458 62.9551
vt -0.0286857 64.6696
vt 0.0433555 64.6275
vt -0.00434677 64.7283
vt -0.283531 64.7552
vt -0.259236 64.8139
vt -0.295467 64.8139
vt -0.295467 64.4606
vt -0.259236 64.4606
vt -0.304284 64.4757
vt -0.286757 64.4478
vt -0.295567 64.4629
vt -0.314274 64.4478
vt -0.413072 64.0684
vt -0.394461 64.0836
vt -0.428964 64.0853
vt -0.37919 62.4833
vt -0.282208 62.578
vt -0.413691 62.485
vt -0.635046 64.576
vt -0.616958 64.559
vt -0.5999 64.5756
vt -0.615982 64.5923
vt -0.340013 64.8124
vt -0.357196 64.7958
vt -0.337402 64.7785
vt -0.575656 64.3791
vt -0.557702 64.3965
vt -0.577465 64.4138
vt -0.480521 64.251
vt -0.517314 64.2758
vt -0.535248 64.2585
vt -0.315778 64.7803
vt -0.278932 64.7555
vt -0.290865 64.8142
vt -0.286757 64.8132
vt -0.314274 64.8132
vt -0.311672 64.7793
vt -0.726101 63.3504
vt -0.725244 63.3252
vt -0.688653 63.3476
vt -1.04255 63.3302
vt -1.05892 63.3138
vt -1.04222 63.305
vt -1.21331 61.1177
vt -1.22986 61.1267
vt -1.24163 61.1024
vt -1.56974 62.4779
vt -1.55708 62.5018
vt -1.59504 62.5333
vt -1.44294 64.6669
vt -1.57385 64.7266
vt -1.56861 64.5972
vt -0.484521 13.7482
vt -0.345839 13.859
vt -0.418955 13.9545
vt 1.85952 12.4396
vt 2.00045 12.3327
vt 1.92923 12.5377
vt 2.15156 64.4558
vt 2.17487 64.6328
vt 2.05612 64.649
vt 2.26637 64.5332
vt 2.29 64.6992
vt 2.17209 64.7233
vt 2.14642 64.5466
vt 2.15451 64.6786
vt 2.27201 64.6703
vt 2.18098 64.8442
vt 2.16406 64.2798
vt 2.16208 64.1117
vt 2.28156 64.2715
vt 2.14133 64.0996
vt 2.26359 64.0976
vt 2.2716 64.2656
vt 2.14187 55.895
vt 2.14643 55.715
vt 2.26413 55.8927
vt 2.11584 55.6063
vt 2.12562 55.7861
vt 2.00513 55.7965
vt 1.9954 55.6113
vt 2.01302 64.0814
vt 2.13362 64.0723
vt 2.14713 64.2517
vt 2.15044 64.2121
vt 2.14034 64.0324
vt 2.27037 64.1986
vt 2.02803 64.2817
vt 2.01245 64.0995
vt 2.14662 64.2698
vt 1.9253 64.2143
vt 1.94537 64.396
vt 1.82647 64.4067
vt 1.97622 64.568
vt 1.85457 64.5763
vt 1.83878 64.3969
vt 1.95768 64.3862
vt 1.87217 56.3022
vt 1.99373 56.2926
vt 2.00314 56.4753
vt 2.17867 56.8288
vt 2.20651 57.0039
vt 2.09249 57.0274
vt 2.06025 56.8473
vt 2.18929 57.7395
vt 2.14771 57.5671
vt 2.30655 57.7058
vt 2.14872 57.4844
vt 2.26598 57.4574
vt 2.30738 57.6233
vt 2.0997 59.2461
vt 2.21654 59.2173
vt 2.15902 59.4065
vt 2.26139 64.6365
vt 2.28789 64.784
vt 2.1705 64.8104
vt 2.16639 64.7044
vt 2.29413 64.6933
vt 2.19367 64.8517
vt 2.31039 64.1346
vt 2.30951 64.2651
vt 2.18178 64.2762
vt 2.18438 64.1231
vt 2.03099 64.2459
vt 2.15317 64.2673
vt 2.02589 64.3762
vt 1.94981 59.6533
vt 1.99251 59.5308
vt 2.07165 59.6766
vt 2.17981 57.5112
vt 2.30128 57.5463
vt 2.27212 57.6727
vt 2.27332 49.9375
vt 2.21422 50.0581
vt 2.09449 50.0174
vt 2.16373 49.8751
vt 1.86986 54.6662
vt 1.94596 54.5555
vt 1.97933 54.721
vt 1.88153 54.3825
vt 1.97415 54.4613
vt 1.91126 54.5487
vt 1.8112 50.1794
vt 1.72653 50.2406
vt 1.64064 50.1545
vt 1.74809 50.074
vt 1.19147 61.0656
vt 1.28332 61.0158
vt 1.33022 61.1174
vt 0.953917 59.8416
vt 1.0585 59.8252
vt 0.995375 59.9456
vt 1.26829 45.123
vt 1.28146 45.2431
vt 1.17795 45.2653
vt 0.744024 45.3386
vt 0.639308 45.3176
vt 0.649194 45.1971
vt 0.96014 59.2957
vt 0.926449 59.4008
vt 0.854488 59.28
vt 0.642299 60.4949
vt 0.622879 60.4843
vt 0.578258 60.4598
vt 0.617596 60.3567
vt 1.08305 64.5969
vt 1.10289 64.6067
vt 1.0793 64.6383
vt 1.03744 64.5743
vt 1.12429 64.5907
vt 1.14117 64.6602
vt 1.10072 64.6223
vt 1.22541 64.61
vt 1.30937 64.7197
vt 1.24249 64.6795
vt 0.420116 62.6963
vt 0.560474 62.6893
vt 0.497889 62.8105
vt 0.42669 61.8431
vt 0.495934 61.7588
vt 0.560499 61.8289
vt 0.567043 61.836
vt 0.724523 60.4283
vt 0.657902 60.5147
vt 0.632886 60.3766
vt 0.104274 49.6507
vt 0.0182855 49.7382
vt -0.0651211 49.674
vt -0.397198 55.3771
vt -0.402531 55.369
vt -0.455379 55.2897
vt -0.360609 55.2118
vt -0.201465 55.1473
vt -0.314054 55.2013
vt -0.280215 55.0354
vt -0.516927 60.068
vt -0.551402 59.9716
vt -0.436649 59.9223
vt 0.475463 62.9306
vt 0.521949 63.0218
vt 0.411841 63.0513
vt 0.303982 64.5237
vt 0.414314 64.4951
vt 0.425694 64.5955
vt 0.31133 64.59
vt -0.643986 64.3743
vt -0.649764 64.2734
vt -0.523558 64.2539
vt -0.402258 60.095
vt -0.528204 60.1162
vt -0.447683 59.9707
vt -1.08689 58.1957
vt -1.11802 58.067
vt -0.996287 58.0322
vt -0.788401 50.634
vt -0.908381 50.6744
vt -0.858902 50.4892
vt -0.885234 50.6084
vt -0.94585 50.4858
vt -0.836827 50.4229
vt -0.424843 42.8642
vt -0.525842 42.9393
vt -0.529949 42.7507
vt -0.443325 42.9829
vt -0.537826 42.885
vt -0.451952 42.7944
vt -0.00762667 49.9094
vt 0.100121 49.9926
vt -0.0692978 50.0158
vt 0.815534 45.4933
vt 0.778859 45.6107
vt 0.682641 45.4701
vt 0.615886 34.2883
vt 0.484738 34.2567
vt 0.507724 34.1333
vt 1.37884 33.6256
vt 1.3973 33.7497
vt 1.22529 33.6646
vt 1.39414 33.6724
vt 1.26459 33.7051
vt 1.22224 33.5871
vt 1.0692 45.7716
vt 1.20072 45.7481
vt 1.1073 45.8884
vt 2.04577 41.3726
vt 2.13 41.4655
vt 2.03757 41.5628
vt 1.94282 41.4754
vt 2.05105 41.3611
vt 2.04345 41.5514
vt 2.22721 37.2323
vt 2.13367 37.3589
vt 2.03417 37.2977
vt 2.18707 47.6031
vt 2.29389 47.6504
vt 2.23898 47.7988
vt 2.11974 47.7135
vt 2.18161 47.5488
vt 2.23247 47.7447
vt 2.16774 44.3087
vt 2.28839 44.3281
vt 2.26755 44.5029
vt 2.16745 31.3438
vt 2.21536 31.1671
vt 2.2865 31.3713
vt 1.98762 29.5311
vt 2.10942 29.5344
vt 2.10677 29.7175
vt 2.04258 6.54013
vt 2.06991 6.34942
vt 2.16358 6.55452
vt -0.0732753 13.542
vt -0.0224154 13.4346
vt 0.149878 13.5208
vt -1.96031 14.7972
vt -1.79213 14.7018
vt -1.7365 14.8068
vt -1.80531 9.27118
vt -1.92645 9.28078
vt -1.82722 9.07906
vt -1.88488 31.0702
vt -1.88596 31.2594
vt -2.00638 31.0727
vt -2.33078 33.1437
vt -2.25436 32.9706
vt -2.14456 33.02
vt -2.21983 33.187
vt -1.89823 14.591
vt -1.95932 14.4872
vt -1.73551 14.497
vt -1.45396 21.8485
vt -1.62082 21.9079
vt -1.66839 21.7959
vt -1.49147 21.7325
vt -2.06341 36.5855
vt -2.16419 36.7299
vt -2.16259 36.5151
vt -2.16421 36.7237
vt -2.26827 36.6581
vt -2.16188 36.509
vt -2.12651 48.209
vt -2.1925 48.3725
vt -2.23879 48.1588
vt -2.18984 48.4158
vt -2.30631 48.3772
vt -2.23686 48.2022
vt -2.24892 57.8262
vt -2.13054 57.8585
vt -2.17122 58.0263
vt -2.29065 58.0007
vt -2.09785 64.5712
vt -2.12324 64.7378
vt -2.21783 64.5483
vt -2.13151 64.7191
vt -2.25345 64.7065
vt -2.22597 64.5295
vt -2.23962 64.2453
vt -2.23054 64.0664
vt -2.10861 64.0791
vt -2.08343 64.2859
vt -2.20451 64.2767
vt -2.07106 64.1071
vt -2.15716 54.9895
vt -2.03621 55.0001
vt -2.04576 55.1779
vt -2.1665 55.1734
vt -2.22736 55.3135
vt -2.23298 55.1355
vt -2.11023 55.1383
vt -2.11914 64.2304
vt -2.2419 64.228
vt -2.11094 64.0618
vt -2.0965 55.4755
vt -2.21898 55.481
vt -2.10104 55.3063
vt -2.21306 44.2622
vt -2.23545 44.0798
vt -2.11304 44.0729
vt -2.0114 43.6245
vt -2.13373 43.6222
vt -2.00649 43.4408
vt -2.12031 28.6214
vt -2.11966 28.4333
vt -1.99736 28.4368
vt -1.54176 30.545
vt -1.46812 30.3782
vt -1.35695 30.4228
vt -1.43177 30.5954
vt -0.910761 34.4261
vt -1.01788 34.5736
vt -1.01107 34.359
vt -1.04691 34.5742
vt -1.14438 34.5007
vt -1.04239 34.3595
vt 0.289607 21.0049
vt 0.459459 20.9486
vt 0.501099 21.0633
vt 0.794977 34.9394
vt 0.619605 34.9749
vt 0.761129 34.8267
vt 0.545886 34.0809
vt 0.527825 33.9662
vt 0.683629 33.9292
vt 1.27231 34.2736
vt 1.42782 34.3113
vt 1.40915 34.4259
vt 1.32622 40.9837
vt 1.16942 40.9517
vt 1.33953 40.8596
vt 1.15137 40.456
vt 1.18868 40.3347
vt 1.32092 40.3628
vt 1.89147 47.0637
vt 1.99856 47.1434
vt 1.92852 47.2491
vt 1.57311 54.9743
vt 1.6498 54.8842
vt 1.68761 55.043
vt 1.83576 58.2417
vt 1.90725 58.321
vt 1.82525 58.4064
vt 1.25191 63.6218
vt 1.34948 63.5535
vt 1.3297 63.6949
vt 1.43634 64.3309
vt 1.47249 64.393
vt 1.37444 64.4606
vt 0.648857 64.8227
vt 0.612789 64.7606
vt 0.655622 64.7471
vt 0.640094 64.5914
vt 0.674395 64.5246
vt 0.682911 64.5779
vt 0.499122 64.6118
vt 0.533102 64.6748
vt 0.498364 64.7413
vt 0.657374 64.6367
vt 0.619137 64.7398
vt 0.584954 64.677
vt -0.0884957 64.7338
vt -0.0491711 64.631
vt -0.00146642 64.7318
vt -0.0433555 64.6275
vt 0.0286857 64.6696
vt 0.00434677 64.7283
vt 0.363087 62.8828
vt 0.320458 62.9551
vt 0.2489 62.9121
vt 0.577554 63.5409
vt 0.607848 63.6065
vt 0.533933 63.6125
vt 0.382531 63.9128
vt 0.429061 63.9413
vt 0.413453 63.9782
vt 0.759208 60.2148
vt 0.801143 60.2078
vt 0.804803 60.2449
vt 0.827775 61.5099
vt 0.829051 61.5491
vt 0.787094 61.5561
vt 1.19918 61.5524
vt 1.15581 61.5467
vt 1.15591 61.5074
vt 1.17987 60.0085
vt 1.22322 60.0144
vt 1.18167 60.0457
vt 1.64452 64.1095
vt 1.63146 64.1526
vt 1.60175 64.1392
vt 1.32058 63.7088
vt 1.29227 63.6945
vt 1.30457 63.6512
vt 1.40449 62.3957
vt 1.43268 62.4103
vt 1.41222 62.4337
vt 1.17535 60.4204
vt 1.1254 60.4279
vt 1.14507 60.4037
vt 1.21632 64.3093
vt 1.26631 64.3022
vt 1.21598 64.3437
vt 1.53679 64.7525
vt 1.50314 64.7513
vt 1.55351 64.7098
vt 1.53928 64.7888
vt 1.52232 64.8046
vt 1.50563 64.7876
vt 1.69362 64.6164
vt 1.67613 64.6009
vt 1.69301 64.5851
vt 1.4469 63.7569
vt 1.4632 63.74
vt 1.48045 63.7557
vt 1.25856 64.4488
vt 1.27509 64.4659
vt 1.25855 64.4826
vt 1.17896 64.455
vt 1.17879 64.4888
vt 1.14295 64.4884
vt 1.1776 64.1421
vt 1.15977 64.1581
vt 1.14175 64.1417
vt 1.45168 62.399
vt 1.45196 62.3655
vt 1.4693 62.3489
vt 1.18018 62.4941
vt 1.16338 62.4772
vt 1.18163 62.4607
vt 1.0661 61.8148
vt 1.08268 61.8319
vt 1.06629 61.8415
vt 1.2167 59.9472
vt 1.28773 59.9992
vt 1.20051 59.9571
vt 1.30801 61.0572
vt 1.37885 61.0521
vt 1.3798 61.1081
vt 1.36226 62.823
vt 1.29141 62.8279
vt 1.31003 62.7782
vt 1.44728 63.7039
vt 1.48083 63.7027
vt 1.50017 63.7479
vt 1.29525 63.3149
vt 1.33147 63.3275
vt 1.31375 63.3604
vt 1.42118 64.3732
vt 1.4162 64.4003
vt 1.37989 64.3879
vt 1.98858 63.9381
vt 1.9923 63.9108
vt 2.07112 63.912
vt 2.07611 64.7935
vt 1.99729 64.7923
vt 2.06542 64.7399
vt 2.01333 64.7929
vt 2.00724 64.7649
vt 2.08145 64.7405
vt 1.3666 64.6916
vt 1.40241 64.6801
vt 1.408 64.7082
vt 1.35622 64.7815
vt 1.32039 64.793
vt 1.33731 64.7504
vt 1.88402 64.1039
vt 1.86541 64.0726
vt 1.89731 64.0508
vt 1.74046 62.6564
vt 1.70883 62.6786
vt 1.70964 62.6262
vt 1.01482 62.6693
vt 0.984263 62.6532
vt 1.01228 62.6169
vt 1.2483 63.797
vt 1.23205 63.7394
vt 1.27698 63.7613
vt 1.42511 61.9506
vt 1.38045 61.9282
vt 1.39468 61.892
vt 1.23096 61.3806
vt 1.21739 61.4171
vt 1.17421 61.372
vt 1.11618 64.5943
vt 1.10418 64.6318
vt 1.04738 64.6235
vt 1.08302 64.636
vt 1.09505 64.5985
vt 1.13701 64.6624
vt 1.54223 61.5517
vt 1.51855 61.5832
vt 1.48874 61.5243
vt 1.73057 62.7283
vt 1.69972 62.6981
vt 1.72402 62.667
vt 1.80434 62.6819
vt 1.77095 62.7045
vt 1.76465 62.6432
vt 1.92728 64.1244
vt 1.96094 64.1022
vt 1.98806 64.1529
vt 1.31324 64.7246
vt 1.27378 64.7349
vt 1.24636 64.6844
vt 1.28786 64.6786
vt 1.32731 64.6683
vt 1.29749 64.7324
vt 1.28563 64.6936
vt 1.29555 64.7595
vt 1.25571 64.7576
vt 1.23903 64.5133
vt 1.24783 64.4596
vt 1.28767 64.4616
vt 2.06417 63.9924
vt 1.98708 63.9643
vt 2.06962 63.9382
vt 1.89998 61.9674
vt 1.88142 61.9095
vt 1.95812 61.9387
vt 1.79207 61.7005
vt 1.75873 61.6762
vt 1.77451 61.6423
vt 1.71131 61.0994
vt 1.74445 61.1239
vt 1.71528 61.1553
vt 1.68195 61.4481
vt 1.71129 61.417
vt 1.70781 61.4826
vt 1.93582 61.2759
vt 1.99378 61.2468
vt 1.93485 61.3417
vt 1.21726 64.6369
vt 1.14485 64.6508
vt 1.21174 64.5614
vt 1.1377 64.7359
vt 1.21012 64.722
vt 1.16067 64.7704
vt 0.499751 63.8206
vt 0.433324 63.7286
vt 0.482552 63.68
vt 0.736062 62.9459
vt 0.643712 62.9923
vt 0.671111 62.8528
vt 0.157432 54.1798
vt 0.106214 54.0718
vt 0.194872 54.0187
vt 0.881072 50.8992
vt 0.746838 50.9207
vt 0.846849 50.7847
vt 0.622061 40.8185
vt 0.607392 40.6946
vt 0.74074 40.6681
vt 0.805009 41.0667
vt 0.647909 41.0978
vt 0.767756 40.9483
vt -0.203099 47.2569
vt -0.271122 47.1531
vt -0.162892 47.0739
vt 0.224709 53.9861
vt 0.110234 54.056
vt 0.146211 53.8946
vt -0.217505 58.2964
vt -0.302654 58.2109
vt -0.233957 58.132
vt 0.582077 63.7438
vt 0.507028 63.8168
vt 0.489887 63.6761
vt 0.398863 64.633
vt 0.306181 64.5659
vt 0.340937 64.5043
vt 1.27196 64.6433
vt 1.26622 64.5678
vt 1.30594 64.5813
vt 1.25397 64.4739
vt 1.30256 64.4222
vt 1.29368 64.4874
vt 0.316942 64.7566
vt 0.431308 64.7621
vt 0.30518 64.8214
vt 0.406225 64.8093
vt 0.388111 64.9091
vt 0.280055 64.8685
vt -0.515393 64.9176
vt -0.63817 64.883
vt -0.618678 64.7833
vt -0.465922 61.9616
vt -0.420841 61.8706
vt -0.298424 61.9065
vt -0.35846 62.0236
vt 0.55198 64.4208
vt 0.50151 64.5089
vt 0.443937 64.3802
vt -0.845695 59.8708
vt -0.959843 59.8152
vt -0.908 59.6942
vt -0.536703 53.5256
vt -0.631237 53.6528
vt -0.647779 53.4641
vt -0.811475 51.3765
vt -0.907475 51.3109
vt -0.820736 51.1782
vt -0.31164 42.8772
vt -0.442759 42.9919
vt -0.398389 42.7997
vt -0.407716 43.098
vt -0.480241 43.0053
vt -0.361418 42.9063
vt -0.102302 47.0997
vt -0.227482 47.1905
vt -0.188393 47.0073
vt -0.604027 53.6219
vt -0.700008 53.5398
vt -0.619523 53.433
vt -0.0783256 58.1504
vt -0.168369 58.2492
vt -0.183622 58.0848
vt -0.76388 51.2727
vt -0.85914 51.4184
vt -0.870618 51.2203
vt -1.37655 46.838
vt -1.48611 46.7874
vt -1.41677 46.6278
vt -1.30979 46.69
vt -1.38298 46.8603
vt -1.42362 46.6501
vt -1.64178 44.8467
vt -1.75745 44.8155
vt -1.70693 44.6372
vt -1.56098 44.4881
vt -1.61325 44.6693
vt -1.67608 44.4591
vt -2.15021 43.3256
vt -2.14552 43.1371
vt -2.02482 43.1429
vt -1.82855 55.9269
vt -1.79561 55.7523
vt -1.67619 55.7699
vt -1.71219 55.9504
vt -1.46008 56.6921
vt -1.50633 56.8637
vt -1.5766 56.6655
vt -1.53127 56.9909
vt -1.64724 56.9577
vt -1.60261 56.793
vt -1.01627 58.8483
vt -1.07796 59.0074
vt -1.13446 58.8188
vt -1.05797 58.9423
vt -1.16755 58.8961
vt -1.11388 58.7536
vt -0.818229 59.8391
vt -0.877893 59.9792
vt -0.94097 59.8029
vt -1.0744 64.8811
vt -1.1978 64.8472
vt -1.05008 64.7322
vt -1.22224 64.7958
vt -1.20108 64.6705
vt -1.07455 64.6807
vt -0.524237 64.8116
vt -0.545712 64.9368
vt -0.648986 64.8026
vt -0.552314 64.4689
vt -0.677055 64.4597
vt -0.556404 64.3395
vt -1.11285 64.4221
vt -1.23938 64.4117
vt -1.2384 64.2823
vt -1.12253 64.2407
vt -1.12367 64.3929
vt -1.24912 64.253
vt -1.23922 64.3956
vt -1.35806 64.3852
vt -1.35468 64.233
vt -1.3415 64.8099
vt -1.31763 64.661
vt -1.19878 64.6713
vt -1.23299 64.8159
vt -1.35173 64.7887
vt -1.20903 64.65
vt -1.7395 64.6517
vt -1.71765 64.4855
vt -1.59888 64.4981
vt -1.64854 64.3847
vt -1.7673 64.3719
vt -1.75507 64.2031
vt -1.26097 64.1595
vt -1.26724 64.3287
vt -1.3824 64.1659
vt -1.21413 57.9315
vt -1.33552 57.9387
vt -1.24419 57.763
vt -1.33116 57.916
vt -1.35641 57.7658
vt -1.23999 57.7403
vt -1.03487 58.5693
vt -1.16131 58.583
vt -1.06851 58.4208
vt -1.07415 49.367
vt -1.18942 49.3973
vt -1.1339 49.2032
vt -1.07313 49.0402
vt -1.1326 48.8905
vt -1.02386 48.8444
vt -0.651238 39.2829
vt -0.753853 39.3413
vt -0.754165 39.1421
vt -0.779114 39.3358
vt -0.87109 39.2114
vt -0.777794 39.1366
vt 0.333175 27.8102
vt 0.364467 27.6983
vt 0.53533 27.7507
vt 0.486452 27.8598
vt 1.48292 26.8472
vt 1.50625 26.961
vt 1.31233 26.8975
vt 1.51937 27.4224
vt 1.36854 27.4709
vt 1.32507 27.3601
vt 2.13455 37.3694
vt 2.22483 37.4468
vt 2.03165 37.5118
vt 2.21616 30.939
vt 2.33136 30.9766
vt 2.28153 31.1451
vt 1.76754 13.2929
vt 1.9254 13.1894
vt 1.83999 13.39
vt 2.12914 6.28463
vt 2.24521 6.31461
vt 2.2014 6.49822
vt -1.75332 9.11865
vt -1.79467 8.93378
vt -1.67785 8.90689
vt -0.303448 14.3638
vt -0.383228 14.4541
vt -0.453615 14.2483
vt -1.61252 32.9436
vt -1.65895 32.7755
vt -1.54363 32.7406
vt -1.50733 32.962
vt -1.62359 32.9871
vt -1.55371 32.7845
vt -1.75629 46.6598
vt -1.77954 46.487
vt -1.66187 46.4696
vt -1.62829 46.5896
vt -1.74762 46.5969
vt -1.6538 46.4065
vt -1.77547 56.9888
vt -1.78443 56.8179
vt -1.66502 56.812
vt -1.62731 56.7703
vt -1.74679 56.7685
vt -1.6376 56.5909
vt -1.61542 64.2506
vt -1.6281 64.4304
vt -1.7349 64.249
vt -1.81002 64.4928
vt -1.92778 64.4805
vt -1.91123 64.301
vt -1.90464 64.4896
vt -1.88344 64.3119
vt -1.76567 64.3242
vt -1.6478 64.5978
vt -1.76494 64.574
vt -1.62447 64.4204
vt -1.78711 64.4969
vt -1.90682 64.4815
vt -1.76788 64.3161
vt -2.19185 64.3466
vt -2.17784 64.1653
vt -2.05819 64.1772
vt -2.08697 64.6626
vt -2.20662 64.6507
vt -2.1821 64.4692
vt -1.77345 64.3465
vt -1.79254 64.5287
vt -1.89399 64.337
vt -1.83637 56.7225
vt -1.95679 56.7116
vt -1.83152 56.5366
vt -1.94157 56.5522
vt -1.93675 56.3726
vt -1.81707 56.3767
vt -1.83938 45.6967
vt -1.95902 45.6916
vt -1.83934 45.5068
vt -1.97796 45.9156
vt -1.97761 45.7307
vt -1.85673 45.7318
vt -1.86477 31.535
vt -1.98565 31.5333
vt -1.9876 31.3498
vt -2.18521 46.7189
vt -2.30111 46.6891
vt -2.25201 46.5057
vt -2.25774 57.198
vt -2.22616 57.0147
vt -2.109 57.039
vt -2.14485 57.3635
vt -2.26476 57.3451
vt -2.11554 57.1865
vt -2.07418 64.4588
vt -2.09944 64.6361
vt -2.19439 64.4426
vt -2.13309 46.5966
vt -2.18057 46.7788
vt -2.24814 46.5658
vt -0.434237 14.3647
vt -0.573482 14.2527
vt -0.500384 14.1575
vt 2.00807 12.736
vt 2.0778 12.8337
vt 1.93684 12.9422
vt 0.66975 34.2171
vt 0.622022 34.3324
vt 0.51354 34.1776
vt 0.703793 50.5127
vt 0.696668 50.3949
vt 0.802436 50.3756
vt 1.15172 50.5465
vt 1.25667 50.5667
vt 1.24818 50.6844
vt 1.0613 62.7494
vt 0.955713 62.7328
vt 0.995938 62.6259
vt 1.28669 63.583
vt 1.19334 63.5378
vt 1.32987 63.4774
vt 1.63698 54.923
vt 1.72694 54.9747
vt 1.67528 55.0817
vt 1.04075 51.3658
vt 1.07507 51.252
vt 1.17406 51.3882
vt 1.19654 63.5799
vt 1.21493 63.4383
vt 1.33309 63.5195
vt 0.737691 64.8204
vt 0.772885 64.7955
vt 0.856452 64.9008
vt 0.750083 64.7313
vt 0.778791 64.782
vt 0.743603 64.807
vt 0.0967194 63.6263
vt 0.070303 63.5744
vt 0.195465 63.5335
vt 0.16054 63.3711
vt 0.205476 63.3865
vt 0.0803512 63.4276
vt 0.259236 64.4606
vt 0.295467 64.4606
vt 0.304284 64.4757
vt 0.260832 64.8139
vt 0.285126 64.7552
vt 0.341764 64.7974
vt 0.297063 64.8139
vt 0.617436 64.0879
vt 0.600001 64.1362
vt 0.543518 64.0939
vt 0.579465 64.0383
vt 0.598186 64.0545
vt 0.562104 64.0866
vt 0.769646 63.1739
vt 0.75108 63.1575
vt 0.768401 63.1487
vt 0.972246 64.5858
vt 0.973502 64.6138
vt 0.956109 64.6225
vt 1.5385 64.5807
vt 1.53743 64.5527
vt 1.56717 64.5661
vt 1.22986 61.1267
vt 1.21331 61.1177
vt 1.24163 61.1024
vt 1.07812 63.1137
vt 1.06215 63.1302
vt 1.06144 63.1049
vt 1.23798 63.9354
vt 1.21987 63.9199
vt 1.236 63.9037
vt 0.906082 64.76
vt 0.924295 64.7753
vt 0.888056 64.8088
vt 1.051 64.7089
vt 1.08711 64.6753
vt 1.06865 64.7251
vt 1.04218 64.7001
vt 1.05984 64.7167
vt 1.02365 64.7499
vt 1.41949 64.3465
vt 1.43776 64.3288
vt 1.43716 64.3631
vt 1.31204 63.9209
vt 1.31019 63.8891
vt 1.33023 63.903
vt 1.50218 62.2754
vt 1.51471 62.2515
vt 1.52201 62.2896
vt 0.78238 64.0033
vt 0.801273 63.9869
vt 0.81869 64.0033
vt 0.635046 64.576
vt 0.615982 64.5923
vt 0.5999 64.5756
vt 0.616958 64.559
vt 0.394461 64.0836
vt 0.413072 64.0684
vt 0.428964 64.0853
vt 0.314274 64.4478
vt 0.295567 64.4629
vt 0.286757 64.4478
vt 0.314274 64.7994
vt 0.286757 64.7994
vt 0.33146 64.7828
vt 0.37919 62.4833
vt 0.413691 62.485
vt 0.282208 62.578
vt 0.341255 62.0436
vt 0.47208 61.9496
vt 0.436242 62.1125
vt 0.508275 61.8935
vt 0.542299 61.9273
vt 0.473185 62.0565
vt 0.78238 63.5503
vt 0.81869 63.5503
vt 0.817409 63.5831
vt 1.00682 63.5062
vt 1.02465 63.5228
vt 1.00612 63.539
vt 0.528951 61.977
vt 0.527265 62.0038
vt 0.459619 62.1061
vt 0.794624 60.7157
vt 0.788179 60.8286
vt 0.730789 60.8205
vt 1.32028 60.6032
vt 1.23412 60.6747
vt 1.23284 60.5616
vt 1.40349 59.6726
vt 1.42769 59.7083
vt 1.31835 59.7453
vt 1.14639 64.605
vt 1.07728 64.5724
vt 1.18763 64.5385
vt 1.16327 64.7004
vt 1.09263 64.7099
vt 1.09412 64.6678
vt 0.951213 62.0238
vt 1.02182 62.014
vt 1.05464 62.1225
vt 0.638668 62.9861
vt 0.601787 62.8789
vt 0.666012 62.8466
vt 1.05926 64.7504
vt 1.10082 64.6841
vt 1.12372 64.7186
vt 0.891012 62.4624
vt 0.995013 62.5606
vt 0.888681 62.5764
vt 1.0977 62.5236
vt 1.09319 62.6375
vt 1.0282 62.5139
vt 0.97953 64.9368
vt 0.909993 64.9273
vt 0.923815 64.8873
vt 0.889677 64.9374
vt 0.805979 64.8322
vt 0.903528 64.8975
vt 0.829037 64.692
vt 0.886505 64.6995
vt 0.884543 64.7417
vt 0.865728 64.7914
vt 0.901968 64.7595
vt 0.88394 64.8083
vt -0.0710022 64.3058
vt -0.0771729 64.2522
vt 0.00985562 64.2502
vt 1.91729 64.1455
vt 1.93069 64.0924
vt 1.99146 64.121
vt 0.935846 64.6036
vt 1.07497 64.6028
vt 1.00614 64.6319
vt 1.00591 60.0796
vt 1.08087 60.1986
vt 0.941756 60.1995
vt 0.874558 64.5534
vt 0.944814 64.5819
vt 0.887684 64.5906
vt 0.742159 61.3295
vt 0.799238 61.3205
vt 0.758696 61.3668
vt 0.333732 62.5906
vt 0.351665 62.6272
vt 0.237504 62.6566
vt 0.848923 64.544
vt 0.862018 64.5811
vt 0.764953 64.646
vt 0.837139 64.5552
vt 0.75313 64.6571
vt 0.717241 64.6354
vt 0.69761 64.5219
vt 0.625254 64.5623
vt 0.661768 64.5001
vt 1.34927 62.5032
vt 1.45062 62.5616
vt 1.41833 62.6261
vt 1.36431 61.4459
vt 1.26367 61.3863
vt 1.33866 61.3091
vt 1.2167 61.261
vt 1.19409 61.1237
vt 1.33286 61.1755
vt 1.39569 62.9309
vt 1.43916 62.8402
vt 1.50961 62.9623
vt 2.01679 59.7191
vt 2.12862 59.7689
vt 2.09688 59.8643
vt 1.47141 64.5447
vt 1.48281 64.4444
vt 1.59697 64.4749
vt 2.17796 64.1016
vt 2.17206 64.2024
vt 2.05096 64.2108
vt 2.03575 64.7871
vt 2.15686 64.7788
vt 2.06103 64.9131
vt 2.13167 64.759
vt 2.15328 64.859
vt 2.03584 64.8933
vt 1.49507 64.8704
vt 1.47454 64.7701
vt 1.60552 64.8297
vt 1.44294 64.6669
vt 1.56861 64.5972
vt 1.57385 64.7266
vt 1.37229 64.4532
vt 1.48272 64.4125
vt 1.42059 64.5421
vt 2.05205 62.2753
vt 2.09488 62.3669
vt 1.99132 62.4284
vt 1.80412 58.4062
vt 1.90529 58.3408
vt 1.89223 58.5053
vt 2.13014 53.9003
vt 2.20813 54.0076
vt 2.10856 54.0877
vt 1.82821 47.0758
vt 1.91787 46.9848
vt 1.95303 47.1706
vt 1.9757 43.3612
vt 2.09403 43.464
vt 2.02107 43.557
vt 1.19755 34.8838
vt 1.23207 34.7708
vt 1.37121 34.921
vt 1.47872 21.531
vt 1.64643 21.5894
vt 1.60945 21.7063
vt 0.330669 20.8101
vt 0.299472 20.6916
vt 0.510745 20.7508
vt 0.0564509 12.7716
vt 0.112761 12.8787
vt -0.0586716 12.9666
vt -0.110334 12.8618
vt -2.17252 6.30404
vt -2.19622 6.11284
vt -2.07349 6.10181
vt -2.00508 28.5004
vt -2.12827 28.503
vt -2.00657 28.3176
vt -2.22591 30.2482
vt -2.27595 30.0724
vt -2.15682 30.0455
vt -2.0987 44.1125
vt -2.21943 44.1309
vt -2.12058 43.941
vt -2.10333 30.319
vt -2.22009 30.3525
vt -2.14852 30.1506
vt -1.94926 12.421
vt -2.0982 12.3043
vt -2.01633 12.2146
vt -2.02935 6.33416
vt -2.15126 6.34503
vt -2.04645 6.14574
vt 1.99619 8.15495
vt 1.98477 8.34738
vt 1.86284 8.33669
vt 1.67138 13.8628
vt 1.73124 13.7583
vt 1.84128 13.9539
vt 2.23973 32.5589
vt 2.31425 32.725
vt 2.204 32.7736
vt 2.10746 36.3656
vt 2.20947 36.2989
vt 2.21476 36.5127
vt 2.33175 47.8637
vt 2.22122 47.9149
vt 2.14897 47.7431
vt 2.26406 47.7026
vt 2.205 45.9425
vt 2.25537 46.122
vt 2.14222 46.1532
vt 2.12493 32.4701
vt 2.23374 32.4261
vt 2.20187 32.6414
vt 2.01869 30.4756
vt 2.02018 30.6634
vt 1.89827 30.6608
vt 1.83616 8.44142
vt 1.95765 8.4518
vt 1.81729 8.62817
vt 0.468294 13.7836
vt 0.547848 13.8724
vt 0.401026 13.9893
vt 1.55824 32.2112
vt 1.444 32.1771
vt 1.48795 32.0084
vt 1.60449 32.0358
vt 1.70754 45.4776
vt 1.58933 45.4586
vt 1.60927 45.2848
vt 1.72834 45.2929
vt 1.63031 56.4971
vt 1.63597 56.3259
vt 1.74948 56.5035
vt 1.63777 56.3627
vt 1.75815 56.3627
vt 1.75147 56.5402
vt 1.74555 64.3476
vt 1.75815 64.5272
vt 1.63777 64.5272
vt 1.62825 64.3467
vt 1.74761 64.3348
vt 1.63989 64.5144
vt 1.60994 64.532
vt 1.59017 64.3652
vt 1.72931 64.5202
vt 1.59131 64.3577
vt 1.70733 64.3355
vt 1.73044 64.5126
vt 1.51591 56.9183
vt 1.47436 56.7514
vt 1.63138 56.8934
vt 1.4711 56.8422
vt 1.58645 56.8085
vt 1.62832 56.984
vt 1.35393 46.8815
vt 1.28873 46.7174
vt 1.46708 46.841
vt 1.29449 46.5145
vt 1.40366 46.4648
vt 1.47247 46.6386
vt 1.00894 34.5708
vt 0.910139 34.4265
vt 1.10928 34.505
vt 0.892902 35.2278
vt 0.988924 35.1545
vt 1.09271 35.3046
vt -0.256702 21.9836
vt -0.425476 21.9281
vt -0.214291 21.8705
vt -0.451027 20.8947
vt -0.421183 20.7764
vt -0.240572 20.8344
vt 0.0922498 13.3595
vt -0.0768071 13.2735
vt 0.146311 13.252
vt 1.37006 31.1417
vt 1.47922 31.0909
vt 1.5528 31.2651
vt 1.99576 29.452
vt 1.99951 29.2629
vt 2.1157 29.4511
vt 1.99708 43.695
vt 2.11702 43.6944
vt 2.11979 43.8814
vt 2.14595 44.4672
vt 2.1679 44.2815
vt 2.26745 44.4758
vt 2.14656 55.4963
vt 2.26817 55.5031
vt 2.26312 55.6747
vt 2.141 56.8254
vt 2.17089 56.6564
vt 2.2604 56.8331
vt 2.17513 56.7387
vt 2.28915 56.7648
vt 2.2652 56.915
vt 2.15039 57.7151
vt 2.18366 57.5666
vt 2.27627 57.728
vt 2.15754 64.0724
vt 2.27699 64.0792
vt 2.27686 64.2323
vt 1.98913 44.4542
vt 1.98305 44.264
vt 2.10951 44.4479
vt 1.60414 45.3956
vt 1.71929 45.3632
vt 1.76774 45.5471
vt 1.42744 31.7599
vt 1.35421 31.5927
vt 1.53809 31.7144
vt 1.67261 44.8785
vt 1.62656 44.6973
vt 1.78794 44.8512
vt 1.73851 56.1498
vt 1.85497 56.1278
vt 1.88627 56.3106
vt 1.77025 56.2129
vt 1.74225 56.0347
vt 1.88965 56.1958
vt 1.8075 64.2415
vt 1.92718 64.2264
vt 1.82828 64.4188
vt 1.87853 56.4079
vt 1.8703 56.2304
vt 2.00096 56.4038
vt 1.88689 45.0066
vt 2.00928 45.0015
vt 2.01488 45.1891
vt 2.09318 46.0727
vt 2.20594 46.0438
vt 2.14183 46.254
vt 1.88602 44.9763
vt 1.88068 44.7905
vt 2.00729 44.974
vt 1.89432 30.5614
vt 2.01556 30.558
vt 1.89443 30.7428
vt 0.345839 13.859
vt 0.484521 13.7482
vt 0.418955 13.9545
vt -1.85952 12.4396
vt -1.92923 12.5377
vt -2.00045 12.3327
vt 2.06354 51.5614
vt 2.17022 51.5113
vt 2.15581 51.7097
vt 2.23501 59.3857
vt 2.28546 59.5308
vt 2.17599 59.5745
vt 2.10104 60.4099
vt 2.22575 60.3754
vt 2.1584 60.5524
vt 2.29553 64.6966
vt 2.32035 64.8227
vt 2.19506 64.855
vt 2.2282 60.3945
vt 2.2769 60.516
vt 2.16071 60.5714
vt 1.91571 62.2221
vt 2.03278 62.1866
vt 1.97252 62.3399
vt 2.00628 53.9262
vt 2.1192 53.8644
vt 2.09841 54.0518
vt 2.15858 51.4746
vt 2.24178 51.6063
vt 2.14541 51.6731
vt 1.91235 43.3435
vt 1.99927 43.2648
vt 2.04234 43.461
vt 2.20252 36.2913
vt 2.30675 36.4321
vt 2.20922 36.505
vt 1.38209 22.0682
vt 1.42609 21.9547
vt 1.5612 22.1265
vt 1.71657 13.823
vt 1.88173 13.9135
vt 1.82841 14.0176
vt 1.34653 64.6028
vt 1.38792 64.6194
vt 1.3466 64.6341
vt 2.03164 64.5057
vt 2.15023 64.4939
vt 2.05457 64.687
vn 0.285701 0.573615 -0.767685
vn 0.34144 0.567579 -0.749182
vn 0.202954 0.974967 0.0908289
vn 0.227083 0.971386 0.0695865
vn 0.0510165 0.99264 -0.109831
vn -0.044332 0.997845 -0.0483744
vn -0.693474 0.501815 -0.516987
vn 0.136574 0.316688 -0.938646
vn -0.00532229 -0.376433 -0.926428
vn 0.0630278 -0.409047 -0.910334
vn -0.299788 -0.95381 -0.0193426
vn -0.314793 -0.945571 -0.0824636
vn -0.242008 -0.966844 -0.0815118
vn 0.138137 -0.368583 -0.919274
vn 0.127721 -0.349646 -0.928135
vn 0.158446 -0.364904 -0.917464
vn 0.353355 0.548946 -0.757495
vn 0.378137 0.542211 -0.750346
vn 0.234285 0.470114 -0.850943
vn -0.407411 0.532665 -0.741812
vn 0.068993 0.993699 -0.088333
vn 0.0804182 0.992585 -0.091147
vn 0.195667 0.976653 0.0886729
vn -0.0294214 0.45034 0.892372
vn -0.220349 0.478019 0.850261
vn -0.472057 -0.332068 0.816635
vn -0.407916 -0.345731 0.845029
vn -0.450579 -0.254341 0.855739
vn -0.172203 0.497962 0.84993
vn -0.22096 0.503906 0.835018
vn -0.222493 0.930554 0.290803
vn -0.85668 0.39666 -0.329789
vn -0.753969 0.437825 -0.489735
vn 0.00558337 -0.36877 -0.929504
vn -0.406444 -0.909854 -0.0834813
vn -0.173588 -0.918009 -0.356549
vn -0.886085 0.357557 -0.294969
vn -0.419434 -0.457225 0.784232
vn -0.264964 -0.509448 0.818692
vn -0.196333 -0.979113 0.0528203
vn -0.139116 -0.988971 0.0508231
vn 0.160477 -0.607104 0.778249
vn -0.210322 -0.461877 0.861646
vn -0.0322081 0.455623 0.88959
vn 0.456972 0.487423 0.74404
vn 0.331751 0.609686 0.719878
vn 0.325312 -0.489113 0.809284
vn 0.574124 -0.588493 0.569261
vn 0.0831912 -0.995895 -0.0356574
vn 0.0156041 -0.99896 -0.0428452
vn -0.145759 -0.986078 0.0800277
vn -0.465242 -0.446713 -0.764197
vn -0.600902 -0.424604 -0.677222
vn -0.610727 -0.436029 -0.660977
vn -0.827943 -0.474464 -0.298988
vn -0.875503 0.433411 -0.213658
vn -0.842182 0.455178 -0.289038
vn -0.853562 -0.510503 -0.104014
vn -0.697276 -0.582216 -0.418129
vn -0.498536 -0.566794 0.655901
vn -0.841277 -0.0664062 0.536511
vn -0.873193 -0.0862384 0.479683
vn -0.976967 0.206829 -0.0525137
vn -0.599184 0.484793 0.637145
vn -0.127827 -0.944848 0.301532
vn -0.865472 -0.369697 -0.338056
vn 0.0661698 -0.995275 0.0710541
vn 0.0892108 -0.986442 -0.137746
vn 0.189477 -0.981806 0.012444
vn 0.903127 -0.251856 0.34775
vn 0.989351 -0.12254 0.0785436
vn 0.529774 0.616341 0.582635
vn 0.613884 -0.504233 0.607368
vn 0.481046 -0.660723 0.576229
vn 0.972008 -0.00191634 -0.23494
vn 0.95023 0.0202449 0.31089
vn 0.942344 0.0309396 0.333213
vn 0.939817 -0.144102 0.309805
vn 0.983264 -0.0990158 0.15293
vn -0.0725838 -0.957836 0.277996
vn 0.257022 0.224937 0.939863
vn 0.345962 0.309878 0.885599
vn -0.536537 0.311442 0.784303
vn -0.291693 0.931531 0.217175
vn -0.875252 0.432824 -0.215864
vn -0.747911 0.452794 -0.485394
vn -0.69225 0.496201 -0.523998
vn -0.390895 0.497841 -0.77418
vn -0.557035 -0.358627 -0.749065
vn -0.149632 0.985599 -0.0787727
vn -0.0820875 0.983005 -0.164205
vn -0.21261 0.975445 -0.0574787
vn -0.269509 0.96198 0.0442614
vn 0.753848 0.562735 0.339179
vn 0.48412 0.560374 0.672018
vn 0.517848 0.609674 0.600109
vn 0.644702 -0.53384 0.547151
vn 0.686814 -0.52998 0.497401
vn 0.513952 0.642395 0.568491
vn 0.702276 -0.629453 0.332561
vn 0.674521 -0.63937 0.369091
vn 0.184834 -0.939404 -0.288715
vn 0.185193 -0.96026 -0.208818
vn 0.855593 -0.461502 -0.234472
vn 0.862716 -0.503264 -0.049461
vn 0.83731 -0.536284 -0.106354
vn 0.437451 -0.893644 -0.100186
vn 0.469154 -0.86035 0.199229
vn -0.357973 -0.873093 0.331004
vn -0.388245 -0.908877 0.152342
vn 0.501557 -0.864245 -0.0390029
vn 0.504526 -0.85592 -0.113379
vn 0.670146 -0.726984 -0.149665
vn 0.673465 -0.730822 -0.11111
vn 0.528351 -0.803423 -0.274513
vn 0.278853 -0.954824 -0.102725
vn 0.27269 -0.949243 -0.156774
vn -0.412469 -0.910669 -0.0234898
vn -0.828659 -0.479588 -0.288652
vn -0.963549 -0.0784896 0.255759
vn -0.989642 -0.00558201 0.143449
vn -0.16277 -0.967369 -0.194175
vn -0.216084 -0.95143 0.219289
vn -0.94362 0.0796049 0.321316
vn -0.962536 0.0357809 0.268782
vn -0.944804 0.19641 0.262237
vn -0.955447 0.227722 0.187785
vn -0.95746 -0.159063 0.24077
vn -0.955828 -0.126064 0.26552
vn -0.981018 -0.124275 0.148859
vn -0.969513 0.171694 0.174829
vn -0.882753 0.0360888 0.46845
vn -0.988177 0.0453962 0.146443
vn -0.989231 -0.053437 0.13626
vn -0.998554 -0.0534076 -0.00608727
vn -0.290239 -0.642372 0.709309
vn -0.343024 0.72342 0.599164
vn -0.960064 -0.0241987 -0.278733
vn -0.99441 0.0846482 0.0631099
vn -0.99223 -0.0937455 0.0818023
vn -0.829113 -0.557718 0.0390231
vn -0.683261 -0.721335 0.113268
vn -0.366317 -0.72794 -0.579582
vn -0.37106 -0.769009 -0.520518
vn 0.286405 -0.954429 -0.0838941
vn 0.259885 -0.941121 0.216222
vn 0.639436 -0.318552 0.699747
vn 0.900231 -0.225173 0.372668
vn 0.78693 0.494021 0.369709
vn 0.804764 0.58103 0.121487
vn -0.43617 0.894521 0.0979186
vn -0.457252 0.87158 0.176828
vn -0.989077 -0.0656987 0.131945
vn -0.574818 0.115478 -0.810092
vn -0.678351 -0.0181974 -0.734513
vn -0.522178 0.0310117 -0.852273
vn -0.265935 -0.762653 -0.58961
vn -0.265142 -0.816826 -0.512342
vn 0.142312 -0.948371 0.283443
vn 0.143539 -0.924187 0.353942
vn 0.316853 -0.283808 0.905018
vn 0.56406 -0.234526 0.791728
vn 0.427495 0.571615 0.700361
vn 0.689294 0.586722 0.425007
vn -0.478606 0.853896 -0.204445
vn -0.412906 0.865357 -0.284017
vn -0.49375 0.826066 -0.27171
vn -0.312494 0.873474 -0.373351
vn -0.45729 -0.0691531 -0.886625
vn 0.0670571 0.0239313 -0.997462
vn -0.0156152 -0.869652 -0.493419
vn 0.0657765 -0.810617 -0.581871
vn -0.0945913 -0.932027 0.349826
vn -0.117361 -0.917835 0.379217
vn -0.0935459 -0.238684 0.966581
vn -0.178096 -0.222045 0.958633
vn -0.174235 0.63214 0.755011
vn -0.134883 0.630675 0.764235
vn -0.0511215 -0.207522 0.976894
vn 0.0375623 -0.110129 0.993207
vn -0.768404 -0.153112 0.621379
vn -0.281972 -0.929899 0.236176
vn -0.275567 -0.818435 -0.504209
vn -0.700295 0.0795632 -0.709406
vn -0.279248 0.164607 -0.946005
vn -0.184117 0.792698 -0.581146
vn -0.232821 0.814887 -0.530805
vn -0.748795 0.152491 -0.645021
vn -0.804403 -0.0878565 0.587552
vn -0.250527 0.717091 0.650397
vn 0.0273558 0.825868 -0.563199
vn -0.274474 0.513255 0.813162
vn -0.23086 0.509846 0.828711
vn -0.286244 -0.474977 0.832143
vn 0.360665 -0.394805 0.845014
vn 0.239961 0.551988 0.798578
vn -0.0581687 0.645195 0.7618
vn 0.0267869 0.833674 -0.551607
vn -0.252291 0.83059 -0.496456
vn 0.221569 0.45506 0.862455
vn 0.480071 0.535774 0.694607
vn 0.0182302 0.829911 -0.557598
vn 0.0900679 -0.0106172 -0.995879
vn 0.110714 0.0205579 -0.99364
vn -0.197101 -0.0138497 -0.980285
vn -0.118403 -0.716766 -0.687188
vn -0.00839195 -0.744123 -0.66799
vn -0.0227516 -0.918316 0.395195
vn -0.11829 -0.862732 0.491632
vn -0.153194 -0.186089 0.970517
vn -0.0380151 -0.85383 0.519162
vn -0.0931202 -0.79283 -0.602287
vn -0.36124 -0.710751 0.603605
vn -0.354172 -0.924171 0.143074
vn -0.471395 -0.881636 -0.0224716
vn 0.680257 -0.726584 0.0965785
vn 0.551485 -0.811045 0.195116
vn 0.93631 0.25315 0.243391
vn 0.787947 0.232469 0.570174
vn 0.817659 0.156373 0.55406
vn 0.541928 0.748762 0.381667
vn 0.659914 0.744746 0.0993343
vn -0.453177 0.889686 -0.0555808
vn -0.405023 0.883759 -0.234364
vn 0.557308 0.7382 0.38009
vn 0.378611 0.723356 0.577417
vn 0.391581 0.712123 0.582705
vn -0.266878 0.942236 -0.202403
vn -0.281744 0.919791 -0.273137
vn -0.735387 -0.0694423 -0.67408
vn -0.712369 -0.00779504 -0.701762
vn -0.259262 -0.901962 -0.345324
vn -0.305834 -0.904056 -0.298578
vn -0.7241 -0.0857001 -0.68435
vn -0.995871 -0.0887112 0.0192931
vn -0.41157 0.91122 0.0169653
vn -0.36499 0.818455 0.44375
vn 0.427897 0.856791 -0.287773
vn 0.55946 0.812942 0.16165
vn 0.925072 0.321025 0.202941
vn 0.938397 0.316269 0.139231
vn 0.271697 0.884636 0.378945
vn 0.357673 -0.535238 0.765239
vn 0.448414 -0.43878 0.778715
vn 0.997285 -0.0135495 -0.0723814
vn 0.974802 0.188 0.120074
vn 0.447439 0.873241 -0.192999
vn 0.336106 0.861301 -0.381043
vn 0.319353 0.890331 -0.324536
vn 0.990021 -0.0190591 -0.139627
vn 0.920072 0.293206 0.259803
vn 0.970861 0.23907 0.0165866
vn 0.997304 0.0465928 0.0566942
vn 0.999939 -0.00843836 0.00706022
vn 0.992752 -0.119917 0.00796037
vn 0.969746 -0.182849 0.161736
vn 0.924384 -0.364604 0.112153
vn 0.857104 -0.43457 0.276624
vn 0.987936 -0.150142 -0.0379388
vn 0.987247 -0.147306 -0.0603677
vn 0.964278 -0.24803 -0.0929993
vn 0.839807 -0.537994 -0.0727123
vn 0.95009 -0.241763 -0.197177
vn 0.94749 -0.248034 -0.201848
vn 0.956904 -0.241953 -0.160604
vn 0.948043 0.163761 -0.272758
vn 0.955167 0.13496 -0.263518
vn 0.952727 0.133286 -0.27303
vn 0.81235 -0.538951 -0.222755
vn 0.683445 -0.725712 -0.0790268
vn 0.704929 -0.709149 -0.0135428
vn 0.543216 -0.833875 0.0978218
vn -0.390059 -0.848616 0.357358
vn -0.388051 -0.847679 0.361742
vn -0.565126 -0.744872 0.35468
vn -0.913343 -0.152757 0.377451
vn -0.956701 -0.161871 0.24191
vn -0.878451 0.409526 0.246195
vn -0.884005 0.41261 0.219745
vn -0.898585 -0.240791 0.366831
vn -0.843518 -0.245375 0.477775
vn -0.411147 -0.878154 0.244549
vn -0.540542 -0.817409 -0.199141
vn -0.838422 -0.531801 0.119315
vn -0.951837 -0.275966 -0.133603
vn -0.999298 0.0349463 -0.0135258
vn -0.966065 0.0835862 0.244401
vn -0.96338 0.0712534 0.258498
vn -0.861895 0.207173 0.462835
vn -0.889233 0.301365 0.344158
vn -0.948324 0.0881567 0.304811
vn -0.893382 -0.139673 0.427037
vn -0.836405 -0.249192 0.48819
vn -0.85583 -0.16011 0.491853
vn -0.948648 -0.158852 0.273556
vn -0.861148 0.252924 0.44097
vn -0.966705 0.126984 0.222164
vn -0.976073 0.169778 0.135854
vn -0.978146 -0.103986 0.18005
vn -0.949451 -0.108551 0.294551
vn -0.927303 0.198601 0.31728
vn -0.931089 0.19696 0.307051
vn -0.612364 -0.0322477 0.789918
vn -0.515441 0.80925 0.281842
vn -0.998982 -0.0438644 0.0105743
vn -0.996871 -0.0557185 0.0560656
vn -0.59051 -0.0147892 0.806895
vn -0.427208 -0.747902 0.508071
vn -0.481767 -0.740845 0.468027
vn 0.524408 -0.779569 0.342445
vn 0.497884 -0.809249 0.311814
vn 0.990074 0.135187 -0.0384479
vn 0.992657 0.109199 -0.0520293
vn 0.996172 0.0863288 -0.0137134
vn 0.921545 0.21038 0.326335
vn 0.665938 -0.484183 0.567533
vn 0.727613 -0.566045 0.38752
vn 0.932638 0.217716 0.287727
vn 0.869047 0.258297 0.421947
vn 0.463842 0.884856 0.0433705
vn 0.464179 0.883885 -0.0573178
vn -0.647648 0.667906 -0.366679
vn -0.64238 0.615078 -0.457196
vn -0.794188 0.520335 -0.313874
vn 0.392499 0.910116 -0.13279
vn 0.433735 0.869369 -0.236793
vn -0.751188 0.600952 -0.27308
vn -0.803608 0.573001 -0.160884
vn -0.927002 -0.359882 0.105601
vn -0.929091 -0.328238 0.170437
vn -0.729788 0.667215 -0.14911
vn -0.735485 0.674693 -0.0620609
vn -0.784712 0.607685 -0.122254
vn -0.991047 -0.0737055 -0.111322
vn -0.960725 -0.0497551 0.273004
vn -0.709532 0.699465 0.0855186
vn -0.669682 0.739613 -0.0670791
vn 0.414108 0.889201 -0.194514
vn 0.38863 0.917658 -0.0828879
vn 0.941543 0.316745 -0.114758
vn 0.939 0.309699 -0.149549
vn 0.990807 0.00473538 -0.135203
vn 0.986186 0.137855 -0.0918331
vn 0.964621 0.12627 -0.231434
vn 0.947357 0.162879 -0.275654
vn 0.71388 0.607782 -0.347816
vn 0.714881 0.610735 -0.340512
vn 0.6971 0.631621 -0.339274
vn 0.444566 0.895389 0.0252916
vn 0.43447 0.899368 -0.0487091
vn -0.323165 0.945357 0.043174
vn -0.313086 0.676558 0.666518
vn 0.588585 0.808183 -0.0202247
vn 0.330521 0.927578 -0.174229
vn 0.284169 0.89257 -0.350095
vn 0.454442 0.780387 -0.42951
vn -0.143631 0.657 -0.740082
vn 0.0103065 0.809423 -0.587136
vn 0.364634 0.65699 -0.659853
vn 0.429816 0.861701 -0.269684
vn 0.400254 0.878553 -0.260654
vn 0.418732 0.880931 -0.220508
vn 0.689978 0.6057 -0.396306
vn 0.753856 0.634228 -0.171629
vn 0.80793 -0.536932 -0.242804
vn 0.927989 -0.333439 -0.166298
vn 0.398946 -0.916694 -0.0226633
vn 0.312971 -0.941192 -0.127307
vn -0.722277 -0.682203 0.11365
vn -0.502955 -0.783029 0.365927
vn -0.335251 0.793254 -0.508286
vn 0.984643 -0.169946 -0.0399491
vn -0.953679 0.126074 0.273134
vn -0.568088 -0.817051 -0.0985101
vn -0.505905 -0.843008 0.182752
vn 0.228989 -0.969967 0.0820199
vn 0.204663 -0.977831 0.0442692
vn -0.598054 -0.761854 0.248815
vn -0.939447 0.120708 0.320732
vn -0.492654 0.586035 0.643315
vn -0.818453 0.538306 0.2009
vn -0.558995 0.814219 0.156754
vn -0.594819 0.800364 0.0748854
vn -0.427645 0.90261 -0.0491436
vn -0.898009 0.378736 0.223917
vn -0.859392 0.390517 0.330063
vn -0.899483 0.255945 0.354149
vn -0.986657 0.137161 -0.0877162
vn -0.986096 -0.0717501 -0.14989
vn -0.965493 -0.180828 0.187415
vn -0.950076 -0.227311 0.21374
vn -0.900006 -0.435854 0.00458077
vn -0.628507 -0.430544 0.647774
vn -0.465961 -0.807952 0.360686
vn -0.422479 -0.719691 0.55096
vn 0.522617 -0.562225 0.640918
vn 0.468308 -0.799293 0.376588
vn 0.871951 0.077646 0.483397
vn 0.938101 0.102085 0.330975
vn 0.451259 0.885265 0.112569
vn 0.325815 0.930999 -0.164575
vn -0.327228 0.906038 -0.26836
vn -0.352126 0.848524 -0.394987
vn -0.282653 0.841547 -0.460332
vn -0.996044 -0.044765 -0.0767607
vn -0.992289 -0.0401528 -0.117264
vn -0.331464 -0.907162 0.259209
vn -0.363029 -0.914185 0.180211
vn 0.527672 -0.804678 0.272131
vn 0.420523 -0.776018 0.47006
vn 0.92432 -0.278159 0.261267
vn 0.975124 -0.215339 0.0525621
vn 0.497679 0.858119 -0.126282
vn 0.575624 0.78932 -0.213615
vn 0.57983 0.795896 -0.174201
vn 0.599668 0.776576 -0.193204
vn -0.177025 0.964673 -0.195108
vn -0.180011 0.975856 -0.123694
vn -0.960196 0.276562 0.0392011
vn -0.962304 0.271943 0.00433081
vn -0.243065 -0.940354 0.23802
vn -0.208881 -0.711335 0.671097
vn 0.388437 -0.598171 0.700934
vn 0.00720869 -0.0947835 0.995472
vn 0.2086 -0.0120083 0.977927
vn -0.904193 0.405786 -0.133313
vn -0.37404 0.88534 -0.276164
vn 0.110035 0.0452129 0.992899
vn 0.253451 0.104301 0.961709
vn 0.66635 -0.269012 0.695421
vn 0.461669 -0.594696 0.658179
vn 0.520761 -0.742003 0.422185
vn -0.34273 -0.877217 0.336196
vn -0.383182 -0.899707 0.209043
vn -0.980692 0.0334941 -0.192668
vn -0.997811 0.0366895 -0.0550244
vn -0.293134 0.910691 -0.291056
vn 0.570497 -0.730385 0.375594
vn 0.937102 -0.254725 0.238651
vn 0.966634 -0.232715 0.107059
vn 0.969606 -0.206506 0.131224
vn 0.573684 -0.73962 0.351922
vn 0.932275 -0.237521 0.27285
vn 0.598701 0.790499 -0.129109
vn 0.582353 0.806718 -0.10036
vn -0.210011 0.964628 -0.159334
vn -0.20764 0.921984 -0.32685
vn -0.398805 0.911276 -0.102618
vn -0.945873 0.320727 0.049589
vn -0.933122 0.303093 -0.193435
vn -0.181233 -0.73524 0.653128
vn -0.417038 0.876353 -0.241008
vn 0.581697 0.80219 0.134607
vn 0.623146 0.774463 0.109071
vn 0.748432 -0.175794 0.639489
vn 0.914244 -0.336374 0.225853
vn 0.576306 0.803468 -0.149367
vn 0.632082 0.744077 -0.216383
vn 0.427483 -0.769425 0.474597
vn -0.397247 -0.857185 0.327763
vn -0.331519 -0.821997 0.463051
vn -0.996795 0.0609916 0.0517671
vn -0.992489 0.0274458 0.119214
vn -0.377895 0.873721 -0.306278
vn -0.365479 0.849086 -0.381415
vn -0.936298 0.166817 -0.309061
vn -0.993931 0.0185894 0.108425
vn -0.928337 0.0703265 -0.365027
vn -0.875671 0.0830044 -0.475722
vn -0.695402 0.578308 -0.426587
vn -0.688052 0.712807 0.135979
vn -0.0664193 0.98409 -0.164787
vn -0.0612565 0.985533 -0.158027
vn -0.330394 0.943345 0.0306783
vn -0.265632 0.952936 0.146123
vn -0.634707 0.749314 0.188881
vn -0.369197 0.723008 0.583912
vn 0.343507 0.792849 0.503381
vn 0.9512 0.114791 0.28643
vn 0.878858 0.476133 -0.0301175
vn 0.887556 0.457621 -0.0531829
vn 0.88795 0.448865 0.100325
vn 0.884771 0.453532 0.107187
vn 0.569123 0.818506 -0.0783972
vn 0.515596 0.809675 -0.280333
vn 0.0185583 0.931944 -0.362127
vn -0.0175271 0.959024 -0.282781
vn -0.143407 0.950143 -0.276879
vn -0.147024 0.975337 -0.164629
vn -0.0460769 0.984191 -0.171009
vn -0.0513948 0.977509 -0.204536
vn -0.107786 0.984836 0.135941
vn -0.128151 0.982467 0.135409
vn -0.1232 0.989634 0.0738002
vn 0.122194 0.990406 0.0645374
vn 0.127937 0.982447 0.135759
vn 0.107838 0.984783 0.136285
vn 0.0514675 0.977491 -0.204603
vn -0.368131 0.905892 0.209378
vn -0.0546251 0.911016 0.408737
vn -0.106986 0.979594 0.170146
vn -0.745224 0.63903 0.190479
vn -0.770642 0.620728 0.144247
vn -0.971796 0.184702 0.146623
vn -0.943805 0.235 0.232394
vn -0.943283 0.276307 0.18404
vn -0.893178 0.406507 0.192314
vn -0.733834 0.533319 0.420783
vn -0.416695 0.887164 0.198257
vn -0.434012 0.900839 0.0110787
vn 0.0201939 0.977385 -0.2105
vn 0.0190506 0.959224 -0.282005
vn 0.143406 0.950352 -0.276164
vn 0.146898 0.975347 -0.164681
vn 0.0461281 0.984194 -0.170978
vn 0.247141 0.966503 -0.0692271
vn -0.247187 0.966492 -0.0692263
vn 0.030368 0.990811 -0.131804
vn 0.0443596 0.92089 -0.387291
vn 0.000654391 0.934012 -0.357242
vn -0.0433405 0.920821 -0.387571
vn 0.0484305 0.924804 -0.377349
vn 0.152823 0.810251 -0.565808
vn 0.473546 0.744479 -0.470643
vn 0.484778 0.767207 -0.41998
vn 0.491679 0.754376 -0.434936
vn 0.0191708 0.892565 -0.450511
vn 0.522403 0.8006 -0.293487
vn 0.877552 0.477259 0.0461178
vn 0.691711 0.678111 0.248397
vn 0.686147 0.714015 0.139231
vn 0.134598 0.940127 0.31312
vn -0.0280583 0.998716 0.0421761
vn 0.832335 0.537125 -0.136803
vn 0.841858 0.536062 0.0625502
vn 0.9598 -0.21927 -0.17523
vn 0.932184 -0.335155 -0.136766
vn 0.398745 -0.900709 -0.172413
vn 0.202191 -0.797752 -0.568076
vn 0.219384 -0.936805 -0.27252
vn 0.158122 -0.936913 -0.311757
vn 0.245026 -0.820102 0.517102
vn 0.993486 -0.0414605 -0.106141
vn 0.991746 -0.0773757 -0.102236
vn 0.982216 -0.0492767 0.181175
vn 0.942033 0.235946 0.238542
vn 0.971791 0.183208 0.148519
vn 0.769975 0.621257 0.145525
vn 0.745224 0.63903 0.190479
vn 0.115791 0.978444 0.170997
vn 0.128033 0.98236 0.136295
vn 0.218951 0.939741 0.262576
vn 0.228749 0.948359 0.219747
vn 2.71296e-16 0.968261 0.249942
vn 3.51348e-16 0.989755 0.142775
vn 0.0162601 0.987052 0.159575
vn -0.134757 0.980123 0.145598
vn -0.218951 0.939741 0.262576
vn -0.642886 0.723279 0.25212
vn -0.735722 0.676945 -0.0214121
vn -0.951646 0.279117 0.128308
vn -0.666637 0.603343 0.43769
vn -0.752787 0.626483 0.202068
vn -0.334533 0.89542 0.293786
vn -0.354716 0.92762 0.117034
vn -0.0583597 0.99138 0.117303
vn -0.0680062 0.974152 0.215415
vn -0.345671 0.917666 0.195962
vn -0.376002 0.913934 0.152798
vn -0.371667 0.919622 0.127117
vn -0.727692 0.685891 0.00417031
vn -0.719376 0.685954 0.109384
vn -0.999954 0.00172273 0.00941632
vn -0.991194 -0.0127769 0.131799
vn -0.921369 -0.336385 0.194739
vn -0.954498 -0.293512 -0.0527642
vn -0.999236 -0.0245314 0.0304164
vn -0.988987 -0.0225908 -0.146266
vn -0.850849 0.484048 0.204337
vn -0.877181 0.478184 -0.0435146
vn -0.884879 0.465178 -0.0244744
vn -0.859465 0.465536 -0.211179
vn -0.920716 0.378538 -0.0948209
vn -0.925628 -0.267557 -0.267631
vn -0.948563 -0.298515 -0.105437
vn -0.965079 -0.158946 -0.208228
vn -0.977412 -0.185786 -0.100749
vn -0.857412 -0.423234 -0.292776
vn -0.852359 -0.510682 0.112645
vn -0.537407 -0.843178 0.0156459
vn -0.454021 -0.887955 0.0734851
vn -0.0979853 -0.99342 -0.0592992
vn -0.103496 -0.983199 0.150359
vn -0.474135 -0.87583 0.0901009
vn -0.462639 -0.867166 0.184359
vn -0.850036 -0.520216 0.0825454
vn -0.893646 -0.41702 0.165802
vn -0.909904 -0.406958 0.0803765
vn -0.524665 -0.836804 0.156478
vn -0.988914 -0.0291217 0.145602
vn -0.983401 -0.0532 0.173469
vn -0.987982 -0.0826367 -0.130628
vn -0.988993 0.0412525 -0.142095
vn 0.235923 0.815031 -0.529211
vn 0.526658 -0.773155 0.353359
vn -0.239117 -0.814026 -0.529325
vn -0.409199 -0.902048 -0.137354
vn -0.319837 -0.942668 -0.0952992
vn 0.734839 -0.672102 0.091052
vn 0.562782 -0.818482 -0.115602
vn 0.513196 -0.840304 0.174695
vn 0.6189 -0.747558 0.241082
vn 0.953798 0.126618 0.272464
vn 0.969467 0.133082 0.205969
vn 0.967318 0.151269 0.203505
vn 0.550303 0.599017 0.581675
vn 0.825976 0.542341 0.153721
vn 0.55764 0.822112 0.11476
vn 0.581648 0.81172 0.0528838
vn 0.00178608 0.985358 -0.170488
vn 0.000304332 0.985733 -0.168314
vn -0.455824 0.855118 -0.246976
vn -0.472498 0.857168 -0.204959
vn 0.310598 0.950206 0.0252515
vn 0.264805 0.957235 0.116529
vn 0.641505 0.752871 0.147158
vn 0.403069 0.735021 0.545233
vn -0.314557 0.802858 0.506431
vn -0.959332 0.0942697 0.266074
vn -0.999824 0.0165607 -0.00883292
vn -0.985169 -0.163217 0.0529438
vn -0.982057 -0.176377 -0.0667513
vn -0.987248 -0.158358 -0.0162762
vn -0.989178 0.142352 0.0355347
vn -0.984538 0.125405 0.122306
vn -0.894694 0.438169 0.0867813
vn -0.888448 0.447791 0.10071
vn -0.570421 0.817455 -0.079926
vn -0.516995 0.809676 -0.277744
vn -0.0148816 0.934107 -0.356684
vn -0.015092 0.893472 -0.448866
vn -0.0442345 0.924931 -0.377553
vn -0.149007 0.808937 -0.568699
vn -0.478715 0.742225 -0.468971
vn -0.359432 0.858465 -0.365851
vn -0.361009 0.805697 -0.4696
vn -0.382174 0.782713 -0.491226
vn -0.402998 0.619839 -0.673343
vn -0.261088 0.634127 -0.727816
vn -0.191461 0.792276 -0.579346
vn -0.317253 0.712036 -0.626382
vn -0.479379 0.81351 -0.329239
vn -0.571804 0.717631 -0.39755
vn -0.557444 0.706339 -0.436281
vn -0.819853 0.529886 -0.216936
vn -0.715963 0.697708 -0.0245116
vn -0.581885 0.75709 -0.297026
vn -0.357528 0.927479 -0.109344
vn -0.304905 0.896744 -0.320753
vn -0.0467317 0.900394 -0.432559
vn -0.124126 0.987442 0.0977296
vn 0.126581 0.987305 0.0959526
vn 0.0497549 0.900297 -0.432424
vn 0.30475 0.896439 -0.321752
vn 0.35685 0.92803 -0.106855
vn 0.584484 0.757006 -0.292096
vn 0.480031 0.814605 -0.325558
vn 0.317899 0.713455 -0.624437
vn 0.184272 0.867134 -0.462734
vn 0.214589 0.866019 -0.451623
vn 0.000615903 0.943297 -0.331949
vn 0.00119465 0.943794 -0.330531
vn -0.214364 0.866375 -0.451046
vn -0.181787 0.867476 -0.463074
vn 0.193759 0.793654 -0.576689
vn 0.259607 0.641276 -0.722059
vn 0.378912 0.754839 -0.53539
vn 0.452165 0.224401 -0.863244
vn 0.407683 0.239997 -0.88102
vn 0.347467 0.659877 -0.666205
vn 0.691763 0.609715 -0.386925
vn 0.844286 -0.115057 -0.523395
vn 0.838828 -0.122998 -0.530319
vn 0.560848 -0.107808 -0.82087
vn -0.0681657 -0.866683 -0.494179
vn 0.331308 -0.815671 -0.474254
vn 0.206307 -0.893203 -0.399533
vn 0.465138 -0.884711 0.0305444
vn 0.846588 -0.515695 0.131711
vn 0.847029 -0.515244 0.130632
vn 0.846589 -0.525464 0.0847045
vn 0.892204 -0.417574 0.172061
vn 0.909934 -0.406893 0.0803647
vn 0.524665 -0.836804 0.156478
vn 0.474135 -0.87583 0.0901009
vn 0.103496 -0.983199 0.150359
vn 0.0979853 -0.99342 -0.0592992
vn 0.454021 -0.887955 0.0734851
vn 0.47381 -0.825311 -0.307189
vn 0.680353 -0.708119 -0.188909
vn 0.856897 -0.422312 -0.295602
vn 0.852359 -0.510682 0.112645
vn 0.537407 -0.843178 0.0156459
vn 0.954498 -0.293512 -0.0527642
vn 0.921389 -0.336376 0.194664
vn 0.991194 -0.012777 0.1318
vn 0.988637 -0.0266763 0.147938
vn 0.988249 -0.0234111 0.151051
vn 0.970637 0.215286 0.107308
vn 0.95163 0.279164 0.128324
vn 0.735716 0.67695 -0.021455
vn 0.642909 0.723259 0.252118
vn 0.666684 0.603361 0.437594
vn 0.752787 0.626483 0.202068
vn 0.334533 0.89542 0.293786
vn 0.355007 0.927962 0.113381
vn 0.0532499 0.992094 0.113644
vn 0.0635958 0.973507 0.219636
vn 0.346414 0.91651 0.200016
vn 0.322232 0.943213 0.080724
vn 0.241824 0.936077 0.255502
vn 0.0928612 0.9659 0.241688
vn 0.136954 0.837167 0.529524
vn -0.13672 0.83824 0.527884
vn -0.0928612 0.9659 0.241688
vn -0.241824 0.936077 0.255502
vn -0.216824 0.968429 0.123012
vn -0.928952 0.367382 0.0455979
vn -0.860924 0.482745 -0.160522
vn -0.827877 0.472566 -0.302161
vn -0.941303 -0.246671 -0.230437
vn -0.934187 -0.255835 -0.248684
vn -0.932932 -0.255987 -0.253197
vn -0.927192 -0.229829 -0.295794
vn -0.92489 -0.229791 -0.302943
vn -0.733587 -0.567479 -0.373922
vn -0.73088 -0.567442 -0.379241
vn -0.668166 -0.670575 -0.322309
vn -0.682935 -0.706101 -0.187138
vn -0.47381 -0.825311 -0.307189
vn -0.398538 -0.875285 -0.273941
vn -0.255712 -0.81661 -0.517455
vn -0.148909 -0.902191 -0.404817
vn -0.241342 -0.941555 -0.235007
vn -0.160444 -0.986624 -0.028831
vn 0.519158 -0.840806 0.153365
vn 0.4183 -0.707273 0.569904
vn 0.427127 -0.684391 0.590907
vn -0.4912 -0.547659 0.677342
vn -0.442333 -0.699824 0.560881
vn -0.543299 -0.824216 0.159667
vn -0.594651 -0.794902 0.120504
vn 0.614684 -0.785185 0.0751515
vn 0.577047 -0.715247 -0.394257
vn 0.0716969 -0.98211 -0.174127
vn -0.0579097 -0.984017 -0.168396
vn -0.0531235 -0.92961 -0.364696
vn 0.0660931 -0.930824 -0.359442
vn -0.0415719 -0.914903 -0.401528
vn -0.00709363 -0.997288 0.0732524
vn 0.00707133 -0.997286 0.0732846
vn 0.0414577 -0.914894 -0.401559
vn 0.398538 -0.875285 -0.273941
vn 0.255712 -0.81661 -0.517455
vn 0.73088 -0.567442 -0.379241
vn 0.665986 -0.673646 -0.320412
vn 0.948728 -0.298978 -0.102605
vn 0.965546 -0.160094 -0.20516
vn 0.97701 -0.186129 -0.103957
vn 0.988567 -0.0225536 -0.149085
vn 0.999236 -0.0245314 0.0304164
vn 0.999954 0.00172273 0.00941632
vn 0.719376 0.685954 0.109384
vn 0.727634 0.685943 0.00558245
vn 0.377606 0.917239 0.12683
vn 0.381519 0.912117 0.149951
vn 0.875998 0.480303 -0.0440044
vn 0.849467 0.48706 0.202924
vn 0.885032 0.465036 -0.0214358
vn 0.859465 0.465536 -0.211179
vn 0.920716 0.378538 -0.0948209
vn 0.928952 0.367382 0.0455979
vn 0.216824 0.968429 0.123012
vn 0.0986147 0.860987 0.498975
vn -0.0595789 0.993392 0.0980932
vn 0.827475 0.554233 -0.0900664
vn 0.797383 0.568627 -0.202101
vn 0.981361 -0.119026 -0.150874
vn 0.988921 -0.125607 -0.07911
vn 0.67468 -0.735411 -0.063075
vn 0.660409 -0.749313 -0.0488904
vn 0.579665 -0.802843 -0.139398
vn 0.996846 -0.0732832 0.0304581
vn 0.979627 -0.193235 0.0546922
vn 0.982186 -0.156951 -0.103327
vn 0.772703 0.627387 0.0965192
vn 0.728982 0.680955 0.0699031
vn 0.72289 0.689152 -0.0500062
vn -0.209915 0.977054 0.0360819
vn -0.094121 0.935907 0.339438
vn -0.823288 0.460102 0.332419
vn -0.58286 0.494108 0.645082
vn -0.102892 0.259155 0.96034
vn 0.0975658 0.861119 0.498955
vn 0.104194 0.259896 0.959999
vn -0.0986984 0.861007 0.498924
vn 0.0595789 0.993392 0.0980932
vn -0.827475 0.554233 -0.0900664
vn -0.797383 0.568627 -0.202101
vn -0.981361 -0.119026 -0.150874
vn -0.988921 -0.125607 -0.07911
vn -0.67468 -0.735411 -0.063075
vn -0.65937 -0.739234 -0.136981
vn -0.938658 -0.246539 -0.241122
vn -0.63977 -0.754289 -0.147452
vn 0.191793 -0.978758 0.0724434
vn 0.198124 -0.980174 -0.00229034
vn 0.165061 -0.986063 -0.0208664
vn 0.763529 -0.632729 0.129141
vn 0.706402 -0.706273 0.046643
vn 0.702806 -0.708933 0.0589707
vn 0.916544 0.18005 0.357113
vn 0.918921 0.180715 0.350609
vn 0.971277 -0.0182124 0.237253
vn 0.961431 -0.0312653 0.273264
vn 0.963237 -0.0506689 0.263832
vn 0.716257 -0.680484 0.154653
vn 0.690167 -0.676483 0.256982
vn 0.593739 -0.791164 0.146743
vn 0.163433 -0.982435 0.0900662
vn 0.106345 -0.953978 0.280388
vn 0.491423 -0.766112 0.414218
vn 0.736506 -0.644499 0.205378
vn 0.377774 -0.497463 0.780908
vn 0.650116 -0.0575441 0.757653
vn -0.659387 -0.410688 0.629718
vn -0.496312 -0.563303 0.660579
vn -0.736506 -0.644499 0.205378
vn -0.491423 -0.766112 0.414218
vn -0.106345 -0.953978 0.280388
vn -0.163433 -0.982435 0.0900662
vn -0.191793 -0.978758 0.0724434
vn 0.63977 -0.754289 -0.147452
vn 0.684725 -0.724402 0.07996
vn -0.0756186 -0.993195 0.0885755
vn 0.0835419 -0.747923 0.658507
vn 0.210784 -0.971075 0.112174
vn 0.751656 -0.658454 -0.038093
vn 0.728619 -0.667697 -0.152629
vn 0.934187 -0.255835 -0.248684
vn 0.932932 -0.255987 -0.253197
vn 0.779055 -0.599231 -0.184378
vn 0.715621 -0.620274 -0.321164
vn 0.241342 -0.941555 -0.235007
vn 0.160444 -0.986624 -0.028831
vn 0.148909 -0.902191 -0.404817
vn -0.561101 -0.726008 -0.397591
vn 0.733587 -0.567479 -0.373922
vn 0.92489 -0.229791 -0.302943
vn 0.927192 -0.229829 -0.295794
vn 0.860924 0.482745 -0.160522
vn 0.827877 0.472566 -0.302161
vn 0.941303 -0.246671 -0.230437
vn 0.938658 -0.246539 -0.241122
vn 0.65937 -0.739234 -0.136981
vn 0.925628 -0.267557 -0.267631
vn -0.198124 -0.980174 -0.00229034
vn -0.165061 -0.986063 -0.0208664
vn -0.22711 -0.950563 -0.211782
vn -0.776613 -0.627209 0.0589933
vn -0.808368 -0.581168 -0.0937289
vn -0.223373 -0.939008 -0.261474
vn -0.294983 -0.930495 -0.217171
vn 0.542441 -0.773676 -0.327388
vn 0.628043 -0.68685 -0.365786
vn 0.983237 -0.0014486 -0.182325
vn 0.975158 -0.0412315 -0.217638
vn 0.982312 -0.0592406 -0.177634
vn 0.487758 -0.799181 -0.351287
vn 0.565472 -0.82445 -0.0228615
vn 0.958409 -0.283417 -0.03357
vn 0.938227 -0.181205 -0.294778
vn 0.809715 0.586811 -0.00394008
vn 0.84167 0.539949 0.00677493
vn 0.839398 0.54322 -0.0179695
vn 0.907285 0.420442 0.00791167
vn 0.891468 0.38363 0.241067
vn 0.772185 0.622788 0.12596
vn -0.0736442 0.948699 0.307485
vn -0.0819104 0.929243 0.360274
vn -0.535056 0.726442 0.431273
vn -0.587634 0.770412 0.247287
vn -0.555468 0.795973 0.240587
vn -0.978385 0.202689 0.040994
vn -0.933294 0.32818 0.145808
vn -0.884675 0.251529 0.392535
vn -0.724989 0.586207 0.361598
vn -0.697787 0.559223 0.447619
vn -0.15547 0.949798 0.271502
vn -0.157503 0.9568 0.244392
vn -0.277349 0.943934 0.179072
vn -0.825477 0.491013 0.278378
vn -0.803489 0.469073 0.366574
vn -0.918921 0.180715 0.350609
vn -0.971277 -0.0182124 0.237253
vn -0.961431 -0.0312653 0.273264
vn -0.813537 0.505622 0.287236
vn -0.844544 0.512512 0.155169
vn -0.981937 -0.0522424 0.181852
vn -0.984601 -0.124739 0.122477
vn -0.932767 -0.190578 0.305984
vn -0.836834 0.491585 0.240943
vn -0.851999 0.4867 0.192928
vn -0.277112 0.943694 0.180695
vn -0.921229 -0.182303 0.343661
vn -0.622083 -0.334107 0.708085
vn -0.794572 -0.137526 0.59139
vn 0.794028 -0.274888 0.542177
vn 0.58286 0.494108 0.645082
vn 0.823288 0.460102 0.332419
vn 0.094121 0.935907 0.339438
vn 0.209915 0.977054 0.0360819
vn -0.72289 0.689152 -0.0500062
vn -0.728982 0.680955 0.0699031
vn 0.157503 0.9568 0.244392
vn 0.15547 0.949798 0.271502
vn 0.697787 0.559223 0.447619
vn 0.724989 0.586207 0.361598
vn 0.535056 0.726442 0.431273
vn 0.0819104 0.929243 0.360274
vn 0.0736442 0.948699 0.307485
vn -0.772185 0.622788 0.12596
vn -0.772703 0.627387 0.0965192
vn -0.982186 -0.156951 -0.103327
vn -0.979627 -0.193235 0.0546922
vn -0.891468 0.38363 0.241067
vn -0.907285 0.420442 0.00791167
vn -0.0660493 0.924659 0.375025
vn -0.0676646 0.967578 0.243341
vn -0.84167 0.539949 0.00677493
vn -0.839398 0.54322 -0.0179695
vn -0.975158 -0.0412315 -0.217638
vn -0.982312 -0.0592406 -0.177634
vn -0.487758 -0.799181 -0.351287
vn -0.542441 -0.773676 -0.327388
vn -0.628043 -0.68685 -0.365786
vn -0.579665 -0.802843 -0.139398
vn -0.996846 -0.0732832 0.0304581
vn -0.983237 -0.0014486 -0.182325
vn -0.660409 -0.749313 -0.0488904
vn 0.294983 -0.930495 -0.217171
vn 0.223373 -0.939008 -0.261474
vn 0.808368 -0.581168 -0.0937289
vn 0.776613 -0.627209 0.0589933
vn 0.22711 -0.950563 -0.211782
vn 0.804643 -0.585557 -0.0983523
vn 0.767199 -0.633793 0.0985468
vn 0.44327 -0.893637 0.0701799
vn 0.465659 -0.884844 -0.0145731
vn 0.562645 -0.825851 0.0374406
vn 0.924864 -0.360902 0.1199
vn 0.912576 -0.363256 0.18775
vn 0.96376 0.12677 0.234724
vn 0.978385 0.202689 0.040994
vn 0.933294 0.32818 0.145808
vn 0.884675 0.251529 0.392535
vn 0.555302 0.796078 0.240624
vn 0.587619 0.770402 0.247355
vn 0.0190418 0.960058 0.279151
vn 0.0556134 0.983767 0.170615
vn -0.697617 0.707292 0.114321
vn -0.69506 0.718466 -0.0264353
vn -0.486216 0.872761 0.043385
vn -0.425741 0.674946 -0.602655
vn -0.955241 0.22004 -0.19773
vn -0.945297 0.278828 -0.169317
vn -0.963895 0.266107 0.00963745
vn -0.996569 -0.0524519 -0.064019
vn -0.939727 -0.340127 -0.035033
vn -0.665741 -0.740341 -0.0931902
vn -0.660266 -0.690185 -0.296133
vn -0.912358 -0.395929 -0.104132
vn -0.911895 -0.401996 -0.0827437
vn -0.979963 -0.198608 -0.0150518
vn -0.764153 -0.32824 0.555273
vn -0.710265 -0.170603 0.682948
vn -0.161856 -0.146342 0.975903
vn -0.189741 -0.322153 0.927478
vn -0.802062 -0.24426 0.545008
vn -0.86137 -0.507427 0.0236396
vn -0.711358 -0.702277 0.0278845
vn -0.696544 -0.651506 -0.30061
vn 0.599531 -0.720743 -0.347983
vn 0.559953 -0.816447 0.140948
vn -0.332953 -0.908067 0.254081
vn -0.279857 -0.240206 0.929506
vn 0.281112 -0.290359 0.914695
vn 0.245915 -0.966044 -0.0792774
vn 0.997512 -0.0635273 -0.030577
vn 0.406411 -0.171664 0.897419
vn 0.344815 0.0130896 0.93858
vn 0.206071 0.0143152 0.978432
vn 0.259625 -0.216694 0.941084
vn -0.164205 -0.200118 0.965914
vn -0.200389 0.0524423 0.978312
vn -0.94438 0.0510472 0.32487
vn -0.986948 0.115187 0.11254
vn -0.991055 0.0896938 0.0988212
vn -0.995954 0.0736624 0.0514655
vn -0.174881 -0.2102 0.96189
vn -0.287252 -0.0198353 0.95765
vn -0.0665943 -0.00376974 0.997773
vn 0.0396222 -0.355654 0.933777
vn 0.490883 -0.378537 0.784693
vn 0.425235 0.040948 0.904156
vn 0.985282 0.0165246 0.170134
vn 0.982646 -0.175479 0.0601106
vn 0.981227 -0.146921 -0.124931
vn 0.594575 -0.725855 -0.345853
vn 0.979181 -0.167748 -0.114302
vn 0.953495 0.301319 -0.00734992
vn 0.93044 0.328959 0.161452
vn 0.986582 0.065478 0.149561
vn 0.967551 -0.182681 0.174566
vn 0.975173 0.0550169 0.214501
vn 0.833165 0.483591 0.268284
vn 0.558576 0.803412 0.20621
vn 0.219001 0.953186 0.208505
vn 0.258407 0.966027 -0.00428592
vn 0.854097 0.500426 0.141747
vn 0.737578 0.46439 -0.490225
vn 0.987064 0.00283268 -0.160303
vn 0.987267 0.0223274 0.157498
vn 0.985156 -0.123879 0.118836
vn 0.534446 0.259498 -0.804381
vn 0.620362 0.611592 -0.491025
vn -0.414109 0.684574 -0.599893
vn -0.414683 0.530015 -0.739677
vn -0.0982775 0.600289 -0.793722
vn -0.10599 0.654902 -0.748244
vn 0.845675 0.521548 0.11323
vn 0.961637 -0.144334 -0.233285
vn 0.327548 -0.445158 0.833395
vn 0.225501 -0.148624 0.96284
vn 0.758958 0.39617 -0.516752
vn 0.692794 0.539257 -0.478788
vn -0.286944 -0.252607 0.924042
vn -0.302534 -0.0396552 0.952313
vn -0.0389316 0.0297876 0.998798
vn 0.11355 -0.196452 0.973916
vn -0.218678 -0.283279 0.933774
vn -0.155766 0.88923 0.430125
vn -0.619409 0.585403 0.523102
vn 0.10034 -0.116697 0.988086
vn -0.261763 -0.315243 0.912196
vn -0.104853 0.175039 0.978962
vn 0.876418 0.237369 -0.418984
vn 0.357014 0.487054 -0.797069
vn 0.331024 0.454344 -0.82704
vn 0.3239 0.514942 -0.793677
vn -0.231842 0.399827 -0.886785
vn -0.240887 0.385055 -0.890902
vn -0.235532 0.495385 -0.836133
vn -0.705977 0.272948 -0.653526
vn -0.5228 0.0835058 -0.848356
vn -0.391043 0.375731 -0.840185
vn -0.307737 0.263183 -0.914348
vn -0.327956 0.621135 -0.711784
vn -0.401425 0.654637 -0.640553
vn -0.373411 0.606706 -0.701764
vn -0.386027 0.282271 -0.87824
vn -0.610703 0.557805 0.562046
vn -0.148906 0.838844 0.52361
vn -0.752245 0.184504 -0.632523
vn -0.950416 -0.288164 0.116926
vn -0.990181 -0.125383 -0.0618074
vn -0.992227 -0.113187 -0.0517207
vn -0.98348 -0.180006 0.0191204
vn -0.976971 -0.213289 -0.00592684
vn -0.975383 -0.212465 -0.0590524
vn -0.936255 -0.333176 -0.111447
vn -0.567613 -0.232265 0.789854
vn -0.5559 -0.363338 0.747637
vn -0.747031 0.155753 -0.646286
vn 0.870729 0.471891 0.138385
vn -0.605217 -0.787113 -0.119023
vn -0.608741 -0.792752 -0.031276
vn -0.56591 -0.824233 -0.0196566
vn -0.958185 -0.284539 -0.0303303
vn -0.938227 -0.181205 -0.294778
vn -0.809715 0.586811 -0.00394008
vn -0.819857 0.570522 0.04836
vn -0.998265 -0.0535806 0.0244321
vn 0.158962 -0.987242 -0.00916595
vn 0.803489 0.469073 0.366574
vn 0.825477 0.491013 0.278378
vn 0.277349 0.943934 0.179072
vn 0.277112 0.943694 0.180695
vn 0.851999 0.4867 0.192928
vn 0.836834 0.491585 0.240943
vn 0.932767 -0.190578 0.305984
vn 0.984601 -0.124739 0.122477
vn 0.981937 -0.0522424 0.181852
vn 0.844544 0.512512 0.155169
vn 0.813537 0.505622 0.287236
vn 0.921229 -0.182303 0.343661
vn 0.805509 -0.261843 0.531595
vn -0.690167 -0.676483 0.256982
vn -0.593739 -0.791164 0.146743
vn -0.716257 -0.680484 0.154653
vn -0.963237 -0.0506689 0.263832
vn -0.763529 -0.632729 0.129141
vn -0.706402 -0.706273 0.046643
vn -0.702806 -0.708933 0.0589707
vn -0.916544 0.18005 0.357113
vn -0.804643 -0.585557 -0.0983523
vn -0.767051 -0.633889 0.0990821
vn -0.450169 -0.890086 0.0713753
vn -0.159177 -0.9872 -0.00994415
vn 0.597663 -0.801124 -0.0315995
vn 0.594433 -0.795519 -0.117474
vn -0.472187 -0.881413 -0.0122895
vn -0.562889 -0.825729 0.0364429
vn -0.923389 -0.365118 0.118501
vn -0.91101 -0.367509 0.18708
vn -0.96376 0.12677 0.234724
vn -0.975488 0.0523608 0.213731
vn -0.831667 0.486257 0.268111
vn -0.869222 0.47462 0.138526
vn -0.930307 0.329041 0.162052
vn -0.986714 0.0626453 0.149902
vn -0.967551 -0.182681 0.174566
vn -0.979181 -0.167748 -0.114302
vn -0.953495 0.301319 -0.00734992
vn -0.987064 0.00283268 -0.160303
vn -0.737578 0.46439 -0.490225
vn -0.620362 0.611592 -0.491025
vn -0.534446 0.259498 -0.804381
vn -0.985156 -0.123879 0.118836
vn -0.987267 0.0223274 0.157498
vn -0.985282 0.0165246 0.170134
vn -0.425235 0.040948 0.904156
vn -0.490883 -0.378537 0.784693
vn -0.0396222 -0.355654 0.933777
vn 0.0665943 -0.00376974 0.997773
vn 0.287252 -0.0198353 0.95765
vn 0.174901 -0.210168 0.961893
vn 0.995959 0.0736435 0.0514101
vn 0.991055 0.0896938 0.0988212
vn 0.986948 0.115187 0.11254
vn 0.5228 0.0835058 -0.848356
vn 0.705977 0.272948 -0.653526
vn 0.235532 0.495385 -0.836133
vn 0.414683 0.530015 -0.739677
vn 0.414109 0.684574 -0.599893
vn 0.425741 0.674946 -0.602655
vn 0.955241 0.22004 -0.19773
vn 0.945297 0.278828 -0.169317
vn 0.975383 -0.212465 -0.0590524
vn 0.976971 -0.213289 -0.00592684
vn 0.98348 -0.180006 0.0191204
vn 0.992226 -0.1132 -0.0517074
vn 0.746875 0.15571 -0.646476
vn 0.752139 0.184727 -0.632584
vn 0.95041 -0.288191 0.116907
vn 0.94438 0.0510472 0.32487
vn 0.200389 0.0524423 0.978312
vn 0.164205 -0.200118 0.965914
vn -0.259625 -0.216694 0.941084
vn -0.206071 0.0143152 0.978432
vn -0.344815 0.0130896 0.93858
vn -0.406411 -0.171664 0.897419
vn -0.997512 -0.0635273 -0.030577
vn -0.982646 -0.175479 0.0601106
vn -0.981227 -0.146921 -0.124931
vn -0.594507 -0.725903 -0.34587
vn -0.599527 -0.720725 -0.348027
vn -0.559953 -0.816447 0.140948
vn 0.332953 -0.908067 0.254081
vn 0.711358 -0.702277 0.0278845
vn 0.696537 -0.651495 -0.300649
vn 0.660206 -0.690228 -0.296164
vn 0.665466 -0.741321 -0.0871674
vn 0.939765 -0.340593 -0.0289472
vn 0.936255 -0.333176 -0.111447
vn 0.912358 -0.395929 -0.104132
vn 0.911895 -0.401996 -0.0827437
vn 0.979963 -0.198608 -0.0150518
vn 0.764153 -0.32824 0.555273
vn 0.710265 -0.170603 0.682948
vn 0.567613 -0.232265 0.789854
vn 0.5559 -0.363338 0.747637
vn 0.990182 -0.125391 -0.0617849
vn 0.161856 -0.146342 0.975903
vn 0.189741 -0.322153 0.927478
vn 0.802062 -0.24426 0.545008
vn 0.86137 -0.507427 0.0236396
vn 0.279857 -0.240206 0.929506
vn -0.281112 -0.290359 0.914695
vn -0.245915 -0.966044 -0.0792774
vn 0.997772 -0.0266102 -0.0611802
vn 0.99925 -0.0273401 0.0274173
vn 0.820133 0.569986 0.0499876
vn 0.699435 0.705374 0.115062
vn 0.696746 0.716744 -0.0286896
vn 0.486367 0.872768 0.041515
vn -0.254406 0.967081 -0.00570026
vn -0.854117 0.500448 0.141549
vn -0.214192 0.954231 0.20872
vn -0.0549688 0.983596 0.171803
vn -0.0188208 0.960088 0.279063
vn 0.0676646 0.967578 0.243341
vn 0.0660493 0.924659 0.375025
vn -0.558714 0.803242 0.206497
vn 0.963842 0.266389 0.00667116
vn 0.0982775 0.600289 -0.793722
vn 0.10599 0.654902 -0.748244
vn -0.845636 0.521639 0.113108
vn -0.961651 -0.144332 -0.23323
vn -0.327654 -0.445121 0.833373
vn -0.225507 -0.148625 0.962838
vn -0.758934 0.396234 -0.516738
vn -0.692794 0.539257 -0.478788
vn 0.286944 -0.252607 0.924042
vn 0.302534 -0.0396552 0.952313
vn 0.0389316 0.0297876 0.998798
vn -0.11355 -0.196452 0.973916
vn 0.218767 -0.283298 0.933747
vn 0.155126 0.889444 0.429914
vn 0.401036 0.654475 -0.640963
vn 0.327956 0.621135 -0.711784
vn 0.373411 0.606706 -0.701764
vn 0.231842 0.399827 -0.886785
vn 0.240887 0.385055 -0.890902
vn 0.391043 0.375731 -0.840185
vn 0.307737 0.263183 -0.914348
vn -0.3239 0.514942 -0.793677
vn -0.331024 0.454344 -0.82704
vn 0.386027 0.282271 -0.87824
vn 0.610703 0.557805 0.562046
vn 0.148906 0.838844 0.52361
vn -0.357014 0.487054 -0.797069
vn -0.876418 0.237369 -0.418984
vn 0.104853 0.175039 0.978962
vn 0.261763 -0.315243 0.912196
vn -0.10034 -0.116697 0.988086
vn 0.619409 0.585403 0.523102
vn 0.0756186 -0.993195 0.0885755
vn -0.0835419 -0.747923 0.658507
vn -0.210784 -0.971075 0.112174
vn -0.751656 -0.658454 -0.038093
vn -0.728619 -0.667697 -0.152629
vn -0.684725 -0.724402 0.07996
vn -0.779055 -0.599231 -0.184378
vn -0.715621 -0.620274 -0.321164
vn -0.322232 0.943213 0.080724
vn -0.065027 0.97372 0.218267
vn 0.065027 0.97372 0.218267
vn 3.9866e-16 0.997159 0.0753249
vn 0.0373399 -0.998741 0.0335014
vn -0.0373582 -0.998739 0.0335338
vn -0.0340415 -0.99324 0.110972
vn -0.304063 -0.950597 0.062535
vn -0.291633 -0.944476 0.151376
vn -0.850564 -0.509809 0.128979
vn -0.849572 -0.510837 0.131428
vn -0.469038 -0.882658 0.0303028
vn -0.211181 -0.892189 -0.39925
vn 0.208188 -0.934176 -0.289781
vn 0.212585 -0.972373 -0.0964302
vn 0.171375 -0.979638 -0.104598
vn 0.253357 -0.952442 -0.169304
vn 0.243873 -0.912407 -0.328695
vn 0.162471 -0.939316 -0.302139
vn 0.158988 -0.891006 -0.425242
vn -0.0411908 -0.895642 -0.442863
vn 0.333985 -0.741344 -0.58212
vn 0.31185 -0.897524 -0.311771
vn -0.239984 -0.564162 -0.790019
vn -0.0929929 -0.560149 -0.823156
vn -0.330311 -0.818558 -0.469954
vn 0.046447 -0.868037 -0.494322
vn -0.18186 -0.937625 -0.296287
vn -0.241834 -0.81395 0.528207
vn -0.24061 -0.814324 0.528188
vn -0.240404 -0.936486 -0.255344
vn -0.859249 -0.129548 -0.494883
vn -0.865961 -0.119067 -0.48573
vn -0.967249 -0.220746 -0.125299
vn -0.937594 -0.336943 -0.085948
vn -0.934841 -0.335677 -0.115729
vn -0.399901 -0.916481 0.0119091
vn -0.211328 -0.970456 0.116426
vn -0.174239 -0.98337 0.0512249
vn 0.452258 -0.825329 0.338074
vn 0.456144 -0.827179 0.328189
vn 0.889372 -0.194059 0.413955
vn 0.92901 -0.188147 0.318655
vn 0.935565 -0.142244 0.32324
vn 0.597665 -0.734199 0.322099
vn 0.967874 -0.150608 0.20134
vn 0.884906 0.422459 0.196136
vn 0.888483 0.424956 0.173238
vn 0.885214 0.432054 0.17241
vn 0.373547 0.923708 -0.0850033
vn 0.346236 0.938091 -0.0102642
vn 0.570767 0.818493 0.0655352
vn 0.464075 0.559347 -0.686851
vn 0.929615 0.0811117 -0.359496
vn 0.962806 0.0778237 -0.258743
vn 0.967904 -0.247863 0.041532
vn 0.924074 -0.17871 0.33786
vn 0.943008 -0.124578 0.30857
vn 0.982469 -0.142309 0.120425
vn 0.971841 0.0025363 0.235623
vn 0.938879 -0.209634 0.273057
vn 0.921617 -0.199756 0.332745
vn 0.960481 -0.0804615 0.266462
vn 0.925397 -0.0895117 -0.368277
vn 0.540145 0.391353 -0.745041
vn 0.579076 0.399891 -0.710463
vn -0.480925 0.657402 -0.580115
vn -0.561544 0.587466 -0.58271
vn -0.602241 0.761293 -0.240289
vn -0.980008 0.00476155 -0.198899
vn -0.975249 0.0864063 -0.203525
vn -0.972287 0.0840234 -0.218171
vn -0.718517 0.597594 -0.355829
vn -0.766194 0.625882 -0.145666
vn -0.81081 -0.550498 -0.198844
vn -0.81301 -0.551768 -0.185924
vn -0.652322 -0.757094 -0.0358335
vn -0.669415 -0.742403 0.0268645
vn -0.388944 -0.904409 0.175408
vn -0.424398 -0.867145 -0.260665
vn -0.156572 -0.978761 -0.132334
vn -0.157418 -0.974662 -0.158911
vn 0.524626 -0.843751 -0.113368
vn 0.835583 -0.369882 -0.406188
vn 0.988604 0.0477959 0.142751
vn 0.99061 0.135722 0.0164785
vn 0.95791 0.219615 0.184869
vn 0.87482 0.421382 0.239016
vn 0.874315 0.297516 0.383482
vn 0.974903 0.164298 0.150234
vn 0.97401 0.192212 0.119826
vn 0.974355 0.125425 -0.186817
vn 0.944473 -0.140074 -0.297236
vn 0.907391 -0.419457 -0.0263961
vn 0.610275 -0.722686 -0.324484
vn 0.540151 -0.80523 0.244626
vn 0.925963 -0.0107733 0.377461
vn 0.854792 0.4413 0.273104
vn 0.867711 0.411429 0.278932
vn 0.915596 0.268654 -0.299181
vn 0.929714 0.36093 0.0732206
vn 0.932827 0.339301 0.12128
vn 0.943347 0.325933 0.0621667
vn 0.99968 0.0162918 0.0193714
vn 0.998131 0.0345525 0.0504055
vn 0.982148 0.0223408 0.186776
vn 0.920316 0.314048 0.233224
vn 0.866487 0.312679 0.389143
vn 0.981954 0.106553 -0.156245
vn 0.628044 0.777123 0.040512
vn 0.648973 0.757409 0.0718747
vn 0.640594 0.76172 0.0970657
vn 0.926693 0.334012 0.172266
vn 0.952908 0.30279 0.0168685
vn 0.954108 0.173825 0.243849
vn 0.0569239 0.979967 0.190852
vn 0.165452 0.828981 0.534243
vn -0.804409 -0.0785762 0.588856
vn -0.404767 0.0984068 0.909109
vn 0.444759 -0.423909 0.788981
vn 0.349605 -0.705453 0.616533
vn 0.917 -0.36049 0.170759
vn 0.882009 -0.329503 0.33688
vn 0.90754 -0.200086 0.369239
vn 0.411513 -0.361276 0.836742
vn 0.780821 0.328254 0.531571
vn 0.941207 -0.309973 0.134336
vn 0.774659 0.528301 -0.347565
vn 0.521673 0.541019 -0.659663
vn -0.344932 0.834726 -0.429249
vn -0.3615 0.800209 -0.478522
vn -0.39598 0.806601 -0.438856
vn -0.86921 0.484082 -0.100691
vn -0.79096 0.611331 0.0256266
vn -0.798053 0.601197 0.0409047
vn -0.559852 0.824105 0.0861162
vn -0.55874 0.828254 -0.04248
vn 0.475895 0.879402 0.0132557
vn 0.537506 0.837583 -0.0976838
vn -0.522959 0.848775 -0.0780736
vn -0.978256 0.205781 -0.0258772
vn -0.97822 0.20637 -0.0222926
vn -0.878363 0.446457 -0.17075
vn -0.783841 0.595501 -0.175989
vn -0.817364 0.556182 -0.150259
vn -0.812915 0.562924 -0.149282
vn -0.457955 0.774501 -0.436377
vn -0.501491 0.670743 -0.546453
vn -0.877545 0.437825 -0.195509
vn -0.992564 -0.00317197 -0.121685
vn -0.99922 -0.000884232 0.0394735
vn -0.955657 -0.288184 0.0605861
vn -0.922137 -0.386311 0.0206826
vn -0.922556 -0.376806 -0.0831102
vn -0.994519 0.0290733 -0.100429
vn -0.915161 -0.391428 -0.0962528
vn -0.56879 -0.820105 -0.0624971
vn -0.570389 -0.816086 -0.0930577
vn -0.389536 -0.917234 -0.0833307
vn -0.376695 -0.926238 -0.0135821
vn 0.5362 -0.8434 0.0341453
vn 0.533649 -0.828147 0.171439
vn 0.719815 -0.55396 0.418323
vn 0.955943 0.117032 0.269216
vn 0.976888 0.180606 0.11433
vn 0.958453 0.224873 0.175498
vn 0.374322 -0.918681 0.126125
vn 0.274815 -0.929217 -0.247047
vn 0.914563 0.177055 0.363629
vn 0.913791 0.182654 0.362798
vn 0.981183 0.191244 0.0265516
vn 0.995798 0.0892627 0.0204586
vn 0.984118 0.0960336 -0.149296
vn 0.37677 -0.701704 0.604695
vn -0.00369737 0.999978 0.00549597
vn -0.842004 0.474579 0.256523
vn -0.535168 0.564257 0.628657
vn -0.177728 -0.855033 0.487167
vn 0.505918 -0.782161 0.36369
vn 0.443231 -0.891042 -0.0979293
vn -0.511332 -0.842645 0.168784
vn -0.468698 -0.818748 0.331623
vn -0.928989 0.0201188 0.369561
vn -0.879342 0.0355629 0.474862
vn -0.871227 -0.0198919 0.490477
vn -0.527551 -0.756916 0.385704
vn -0.505359 -0.702633 0.500918
vn -0.808285 -0.00256713 0.588786
vn -0.81788 -0.0386028 0.574093
vn -0.622484 0.69264 0.364369
vn -0.650455 0.667669 0.362115
vn -0.668159 0.68302 0.295036
vn -0.867552 -0.0279833 0.496558
vn -0.869992 -0.0374971 0.491638
vn -0.594045 -0.639214 0.488381
vn -0.601498 -0.661998 0.447167
vn 0.490397 -0.868984 -0.0661673
vn 0.490432 -0.868833 -0.0678641
vn 0.563563 -0.815645 -0.130839
vn 0.58807 -0.808803 -0.00346947
vn 0.974074 0.158061 -0.161856
vn 0.974045 0.140085 -0.177801
vn 0.30511 0.951499 -0.0394528
vn 0.267067 0.960899 -0.0731322
vn 0.284675 0.92068 0.267039
vn -0.560228 0.785435 -0.263129
vn -0.298355 0.861005 0.411892
vn -0.165243 -0.699022 0.695746
vn 0.570539 0.115313 0.813135
vn 0.653597 0.0659504 0.753964
vn 0.30801 0.920841 0.239129
vn 0.987013 0.137354 -0.0832974
vn 0.559234 -0.798308 0.223522
vn 0.980126 0.0501785 0.191924
vn 0.972434 -0.233178 -0.00013413
vn 0.973314 -0.228355 0.0226494
vn 0.711864 0.702279 -0.00727768
vn 0.713217 0.692078 -0.111127
vn -0.584619 0.810637 0.0330007
vn -0.522046 0.850148 0.068673
vn -0.551299 0.833905 -0.0259336
vn -0.999979 -0.00137429 -0.00638756
vn -0.998591 -0.0489556 0.0204855
vn -0.352165 -0.932296 0.0824873
vn -0.449754 -0.893113 -0.00846482
vn 0.659469 -0.751562 -0.0159523
vn 0.637767 -0.77022 0.00380265
vn 0.609878 -0.770842 0.183988
vn -0.370239 -0.922735 0.107158
vn -0.289823 -0.587477 0.755562
vn -0.984636 -0.159565 -0.0709304
vn -0.985671 -0.16023 -0.052718
vn -0.481396 0.864224 -0.1462
vn -0.467943 0.877326 -0.106432
vn -0.552052 0.831987 0.0551011
vn -0.976958 0.0171624 0.21274
vn -0.546449 0.836971 -0.0295369
vn 0.66473 0.741896 -0.0878882
vn 0.621485 0.783426 0.000450648
vn -0.914292 0.139342 0.380334
vn -0.983741 0.0953394 0.152196
vn -0.977205 -0.0942974 0.190206
vn -0.979109 -0.152856 0.134094
vn -0.990686 -0.135918 -0.00821298
vn -0.954477 -0.268884 0.129132
vn -0.952161 -0.292348 0.0890117
vn -0.776149 -0.629248 0.040495
vn -0.758929 -0.651131 -0.00743864
vn -0.757453 -0.65274 0.0139773
vn -0.313149 -0.945675 -0.0873904
vn -0.304107 -0.935029 -0.182315
vn -0.0555593 -0.981765 0.181799
vn -0.0499524 -0.989546 -0.135288
vn 0.152795 -0.981397 0.116246
vn 0.833597 -0.516452 -0.195945
vn 0.916281 -0.398351 0.0417809
vn 0.90832 0.344695 -0.236941
vn 0.884574 0.437156 0.162555
vn 0.487254 0.736853 0.468649
vn 0.136782 -0.918223 0.371695
vn 0.96226 0.2474 -0.113351
vn 0.85361 0.0643784 -0.516919
vn 0.421311 0.839489 0.343155
vn 0.274042 0.959847 -0.0599525
vn 0.305078 0.903253 -0.301762
vn -0.783945 0.41945 0.457704
vn -0.778045 0.504532 0.374291
vn -0.743501 0.542294 0.391311
vn -0.661368 0.53431 0.526408
vn 0.336906 0.879186 -0.336937
vn 0.419436 0.877387 -0.232949
vn 0.410714 0.904177 -0.11738
vn 0.897124 0.0315276 -0.440652
vn 0.857824 0.0378361 -0.512549
vn 0.825775 -0.104714 -0.554193
vn 0.438874 0.837003 -0.326826
vn 0.408897 0.832009 -0.37492
vn -0.646814 0.677805 0.349588
vn -0.614966 0.589005 0.524299
vn -0.661394 -0.104921 0.742664
vn -0.706168 -0.433074 0.560156
vn -0.740189 -0.433149 0.514297
vn -0.627409 0.687668 0.365336
vn -0.753167 -0.287124 0.591861
vn -0.854715 -0.277708 0.438567
vn -0.814439 -0.327386 0.47907
vn -0.814284 -0.322539 0.482608
vn -0.0184625 -0.993865 0.109047
vn -0.124599 -0.991656 -0.033062
vn 0.662276 -0.697486 -0.273686
vn 0.62252 -0.704316 -0.341186
vn 0.48352 -0.865102 -0.133442
vn 0.476234 -0.867969 -0.140824
vn 0.850439 -0.0989683 -0.51668
vn 0.842309 -0.124881 -0.524329
vn 0.811526 -0.0480054 -0.582341
vn 0.941797 -0.0433712 -0.333374
vn 0.951779 0.144816 -0.270453
vn 0.58035 0.775401 -0.248894
vn 0.463022 0.783665 -0.414101
vn 0.460693 0.813256 -0.355496
vn -0.566504 0.600343 0.564501
vn -0.568791 0.690368 0.447068
vn -0.594747 0.684982 0.420803
vn -0.807127 -0.14359 0.57265
vn -0.749402 -0.110351 0.652855
vn -0.346781 -0.81206 0.469363
vn -0.410979 -0.811738 0.414944
vn -0.0438405 -0.872593 0.486477
vn 0.58651 -0.805335 0.0862708
vn 0.967186 0.125771 0.220755
vn 0.936748 0.205471 0.283346
vn 0.562175 0.805958 -0.185449
vn -0.438445 0.778672 0.448816
vn -0.087478 0.0455217 0.995126
vn -0.134648 -0.0224753 0.990639
vn -0.867724 -0.0580357 0.493646
vn 0.660874 -0.734309 -0.155035
vn 0.587798 -0.774036 -0.235291
vn -0.312003 -0.885478 0.344357
vn -0.265016 -0.877763 0.399122
vn -0.220863 -0.926636 0.304245
vn 0.497075 -0.84511 -0.196736
vn 0.572764 -0.813373 -0.10181
vn -0.216912 -0.926121 0.308625
vn -0.163692 -0.956842 0.240122
vn -0.195919 -0.960306 0.198563
vn -0.729808 -0.13813 0.669553
vn 0.648279 -0.721334 -0.243746
vn 0.926799 0.12878 -0.352788
vn 0.959956 0.115699 -0.255142
vn 0.944511 0.0431619 -0.325632
vn 0.668692 -0.715538 -0.20213
vn 0.486089 -0.836532 -0.252848
vn 0.44718 -0.890882 0.0797491
vn 0.216437 -0.960731 0.17364
vn 0.12512 -0.980181 -0.153594
vn 0.288996 -0.925294 0.245586
vn -0.289348 0.266476 0.919385
vn -0.803414 -0.524371 0.282066
vn -0.84556 -0.497396 0.19397
vn -0.916041 -0.317407 0.245197
vn -0.859544 -0.265866 0.436462
vn -0.915442 -0.235553 0.326315
vn -0.926043 -0.258264 0.275218
vn -0.884331 -0.101872 0.455611
vn -0.901461 -0.123705 0.414808
vn -0.981839 -0.144673 -0.12273
vn -0.334935 -0.756182 0.562145
vn -0.404625 -0.885415 0.228732
vn -0.918754 0.185881 0.348338
vn -0.955854 0.174502 0.236416
vn -0.941292 0.114082 0.317735
vn -0.687661 0.688959 0.229038
vn -0.744749 0.633898 0.208619
vn -0.712078 0.638414 0.292185
vn -0.656802 0.701127 0.277547
vn 0.197645 0.966719 -0.162453
vn 0.229099 0.96092 -0.15539
vn 0.230025 0.947458 -0.222289
vn 0.449658 0.885704 -0.115483
vn 0.951136 0.115844 -0.286217
vn 0.989552 0.0344931 0.13999
vn 0.963744 0.140581 0.226792
vn 0.442274 0.869251 0.220899
vn 0.382532 0.880166 0.281029
vn -0.502048 0.783315 0.366559
vn -0.682207 0.0106893 0.731081
vn -0.724547 0.0294175 0.688597
vn 0.476828 0.245271 0.844084
vn 0.573017 0.150607 0.805586
vn 0.39133 -0.742891 0.543115
vn -0.577704 -0.64488 0.500388
vn 0.691342 -0.683015 0.235662
vn 0.636433 -0.771231 -0.0124899
vn 0.937623 0.044801 -0.344754
vn 0.900861 0.0419747 -0.432073
vn 0.89171 0.062598 -0.448258
vn 0.942368 0.107987 -0.316672
vn 0.941393 0.112109 -0.318137
vn 0.210151 0.961599 -0.176533
vn 0.28014 0.948986 -0.14473
vn -0.660787 0.725698 0.191634
vn -0.795783 -0.590276 -0.135289
vn -0.626932 -0.671822 0.394478
vn -0.631655 -0.671669 0.387133
vn 0.152628 -0.981724 0.113674
vn 0.0346921 -0.997657 0.0589704
vn 0.04594 -0.995398 0.084101
vn 0.101699 -0.990671 0.0907142
vn 0.754154 -0.437712 -0.489551
vn 0.746531 -0.425755 -0.511297
vn 0.879794 -0.405598 -0.247897
vn 0.783291 0.537883 -0.311669
vn 0.722305 0.505917 -0.471512
vn 0.0467948 0.979992 -0.19346
vn 0.0872278 0.980693 -0.175023
vn 0.123256 0.988242 -0.0904792
vn -0.810082 0.546566 0.212208
vn -0.65654 0.594863 0.463781
vn -0.669708 0.612933 0.41929
vn -0.647007 -0.556053 0.521716
vn -0.643558 -0.555147 0.52692
vn -0.635947 0.654339 0.409161
vn -0.442587 0.374047 0.814988
vn 0.415024 0.49497 0.763387
vn 0.126691 0.990036 0.0614641
vn 0.813125 0.514378 -0.272477
vn -0.620917 -0.570822 0.537239
vn -0.49233 -0.462951 0.737081
vn -0.581663 0.633457 0.510294
vn -0.680269 0.525999 0.51045
vn 0.0260135 0.969434 -0.243969
vn -0.105864 0.969633 -0.220467
vn 0.527771 0.507739 -0.680925
vn 0.549584 0.512236 -0.659979
vn 0.547994 0.562537 -0.619076
vn -0.0341853 0.987915 -0.151183
vn -0.0608489 0.997718 -0.0292709
vn -0.649545 0.47357 0.59483
vn -0.602922 0.532345 0.594217
vn -0.428408 -0.537523 0.726316
vn -0.490897 -0.497145 0.715449
vn 0.0816386 -0.984913 0.152584
vn 0.170183 -0.961174 0.217215
vn 0.70177 -0.458257 -0.545453
vn 0.730999 -0.419475 -0.53822
vn 0.528639 0.474964 -0.703526
vn 0.674926 0.535611 -0.507539
vn 0.700078 -0.428037 -0.571555
vn 0.666329 -0.367889 -0.648586
vn 0.647134 -0.378155 -0.661979
vn 0.444255 0.539238 -0.715444
vn 0.445175 0.576852 -0.68488
vn -0.150317 0.984125 -0.0943545
vn -0.146376 0.980923 -0.127921
vn -0.550942 0.512966 0.658277
vn -0.565066 0.48741 0.665682
vn -0.42611 -0.333391 0.841
vn -0.435626 -0.476456 0.763688
vn 0.177293 -0.957086 0.229244
vn 0.270259 -0.924293 0.269522
vn 0.740403 -0.388952 -0.548197
vn 0.851995 0.401322 0.336223
vn 0.779046 0.359969 0.513332
vn -0.0744937 0.928584 0.363568
vn 0.101783 0.994569 0.0217205
vn 0.841594 0.466324 0.272508
vn 0.70807 0.305242 -0.636761
vn 0.749415 -0.409794 -0.520045
vn 0.7036 -0.435611 -0.561418
vn 0.190273 -0.966535 0.172064
vn 0.153401 -0.980189 0.125286
vn 0.481897 0.579657 -0.657094
vn 0.0966211 0.991571 -0.086316
vn -0.574793 0.510437 0.639584
vn -0.445884 -0.251397 0.859062
vn -0.464875 -0.340183 0.817415
vn 0.357553 -0.930596 -0.0784081
vn 0.767011 0.322841 0.554498
vn 0.184856 -0.959211 0.213873
vn -0.39394 -0.515978 0.760643
vn 0.912593 -0.362171 -0.189753
vn 0.974897 -0.222107 0.0156093
vn 0.973555 -0.221944 -0.0541362
vn 0.655545 -0.753853 -0.0443398
vn 0.405227 -0.908775 0.0995959
vn -0.412866 -0.902351 0.123712
vn -0.606587 -0.69919 0.378398
vn -0.637325 -0.727055 0.255359
vn -0.486542 -0.80715 0.334345
vn 0.400805 -0.915668 0.030132
vn 0.422658 -0.905742 0.0315016
vn 0.918779 -0.308011 -0.246931
vn 0.935144 -0.331555 -0.124808
vn 0.541231 0.802289 -0.251798
vn 0.541677 0.808087 -0.231478
vn -0.53482 0.815122 0.222584
vn -0.576659 0.791619 0.202002
vn -0.939811 0.0314931 0.340239
vn -0.931233 -0.00878587 0.364318
vn -0.778523 0.0176071 0.627369
vn -0.789963 0.0574843 0.610454
vn -0.465677 -0.790592 0.39763
vn -0.650304 -0.654861 0.385048
vn 0.426276 -0.899449 -0.0963357
vn 0.410379 -0.906957 -0.0949655
vn 0.805494 -0.327914 -0.493612
vn 0.889217 -0.353963 -0.289834
vn 0.458226 0.842448 -0.28339
vn 0.478998 0.860583 -0.173082
vn -0.658264 0.654583 0.371765
vn -0.507018 0.766908 0.393428
vn -0.62412 0.611373 0.486515
vn -0.852364 0.0479155 0.520749
vn -0.846932 0.0345628 0.530577
vn -0.603687 -0.632932 0.484726
vn -0.697514 -0.561863 0.44473
vn 0.343734 -0.918192 0.196903
vn 0.449284 -0.890076 0.0768666
vn 0.965088 -0.260697 0.0253368
vn 0.985243 -0.145929 -0.0894535
vn 0.904263 -0.155024 -0.397839
vn 0.501041 0.849163 -0.166975
vn 0.570637 0.818565 0.0657681
vn 0.447537 0.85199 0.271705
vn 0.836228 -0.135868 0.531284
vn 0.798092 -0.161899 0.580377
vn -0.634136 0.30416 0.710885
vn -0.437167 0.0350682 0.898696
vn -0.307025 0.738175 0.600694
vn -0.957272 0.0249197 0.288115
vn -0.963219 -0.0163038 0.268221
vn -0.464383 -0.820439 0.33351
vn -0.918422 -0.388818 -0.0729475
vn -0.844542 0.460675 0.272999
vn -0.947053 0.319014 0.0363421
vn -0.574986 -0.678067 0.457839
vn -0.438767 -0.638449 0.63235
vn 0.310406 -0.692981 0.650712
vn 0.170069 -0.856629 0.487097
vn 0.881676 -0.469251 0.0495098
vn 0.877565 -0.460672 0.132892
vn 0.715179 0.490753 -0.497675
vn 0.732988 0.500061 -0.461159
vn -0.448169 0.698453 -0.55795
vn -0.383508 0.759162 -0.525922
vn -0.970326 0.241726 0.00604763
vn -0.965727 0.255559 0.0454009
vn -0.973385 0.226195 0.0368383
vn -0.962646 0.253992 0.0938146
vn -0.523853 -0.698991 0.486816
vn -0.451435 -0.666172 0.593652
vn 0.140507 -0.796754 0.587742
vn 0.134016 -0.823556 0.551176
vn -0.529995 -0.685627 0.49902
vn -0.429511 -0.648701 0.628257
vn 0.202107 -0.763636 0.613198
vn 0.889743 -0.410765 0.19907
vn 0.895841 -0.43921 0.0675579
vn 0.638754 0.524055 -0.563347
vn 0.68961 0.572266 -0.44379
vn -0.433311 0.803511 -0.40818
vn -0.523005 0.806405 -0.276001
vn -0.506988 0.835273 -0.212796
vn -0.488655 0.833803 -0.256884
vn -0.952308 0.283345 0.113248
vn -0.960137 0.271446 0.0667328
vn -0.395333 -0.714577 0.577142
vn -0.252031 -0.387323 0.886827
vn -0.900571 0.290034 0.323809
vn -0.879811 0.341926 0.330181
vn 0.0337726 0.193993 0.980421
vn -0.115108 -0.400362 0.909099
vn 0.223773 -0.551537 0.803575
vn 0.289842 -0.503669 0.813824
vn 0.788741 -0.266449 0.553978
vn 0.827389 -0.541161 0.150241
vn 0.536593 0.752237 -0.382372
vn 0.5424 0.763742 -0.350001
vn 0.507805 0.793386 -0.335669
vn -0.300415 0.912836 -0.276553
vn -0.513238 0.754864 -0.408371
vn -0.984198 0.174792 0.0283173
vn -0.306246 0.85899 -0.410304
vn -0.355084 0.831901 -0.426446
vn 0.370904 0.789167 -0.489536
vn 0.141366 0.131338 0.981206
vn 0.7776 -0.306808 0.548823
vn 0.438004 0.708393 -0.553473
vn 0.34528 0.183594 0.920367
vn 0.183172 0.235497 0.954458
vn 0.706472 0.616448 -0.347691
vn 0.753137 0.602127 -0.265005
vn -0.835555 0.538312 -0.109857
vn -0.835592 0.541343 0.0934572
vn -0.779875 0.621354 0.0755877
vn -0.370014 0.910182 0.186167
vn -0.126146 0.945461 0.300319
vn 0.0239954 0.999447 0.0230122
vn -0.691469 0.705678 0.154563
vn -0.692857 0.671831 0.261901
vn -0.887249 0.457435 0.0595254
vn -0.489239 0.764294 -0.420119
vn -0.494887 0.75397 -0.431992
vn -0.524913 0.799229 -0.292743
vn -0.893484 0.445963 -0.0529585
vn -0.889364 0.455295 -0.0416907
vn -0.792635 0.609695 -0.00142628
vn -0.357519 0.92216 0.147652
vn -0.725458 0.621302 -0.296133
vn -0.679107 0.683003 -0.268926
vn -0.707952 0.603477 -0.366906
vn -0.365289 0.650782 -0.665618
vn -0.430089 0.230634 -0.87283
vn -0.457753 0.220697 -0.861252
vn -0.382683 0.754136 -0.533697
vn -0.408575 0.176566 -0.895484
vn -0.496014 0.109454 -0.861388
vn -0.719712 0.240366 -0.651336
vn -0.840192 0.148766 -0.521484
vn -0.831032 0.533228 -0.15828
vn -0.91616 0.400364 -0.0189706
vn -0.786073 0.601185 0.143754
vn -0.732005 0.681027 -0.0192639
vn -0.517403 0.840464 0.160979
vn -0.438653 0.896728 -0.0588425
vn -0.155025 0.987841 0.0117013
vn -0.229261 0.902971 0.363433
vn -0.528175 0.833108 0.1642
vn -0.556707 0.77538 0.2981
vn -0.563172 0.769987 0.299927
vn -0.12605 0.877749 0.462242
vn -0.243263 0.896301 0.370765
vn 0.242998 0.895917 0.371867
vn 0.126934 0.8779 0.461714
vn 0.563243 0.769952 0.299886
vn 0.582648 0.280708 0.762709
vn 0.762748 0.287754 0.579149
vn 0.631771 -0.0217827 0.774849
vn 0.672548 -0.00305853 0.740047
vn 0.799199 -0.123886 0.588162
vn 0.898428 0.179493 0.400762
vn 0.962085 0.123577 0.243147
vn 0.944903 -0.147821 0.292073
vn 0.921852 -0.17296 0.346805
vn 0.802919 -0.0563712 0.593416
vn 0.887178 0.292686 0.356721
vn 0.768139 0.278232 0.576671
vn 0.765593 0.628121 0.139039
vn 0.556818 0.775311 0.298071
vn 0.528261 0.832935 0.164801
vn 0.228801 0.90271 0.364368
vn 0.155698 0.987691 0.0149892
vn 0.439221 0.896649 -0.0557271
vn 0.516673 0.840843 0.161343
vn 0.731833 0.681235 -0.0184211
vn 0.715854 0.697849 -0.0236712
vn 0.820373 0.529341 -0.2163
vn 0.562934 0.704154 -0.43275
vn 0.577268 0.715209 -0.394002
vn 0.50519 0.109376 -0.856049
vn 0.406305 0.183857 -0.895049
vn 0.0881947 -0.559099 -0.824397
vn 0.246708 -0.562847 -0.788884
vn -0.333804 -0.741474 -0.582058
vn -0.311512 -0.897781 -0.311367
vn -0.217698 -0.91702 -0.334188
vn -0.137329 -0.943241 -0.302386
vn -0.134213 -0.893738 -0.42804
vn -0.0684594 -0.931384 -0.357543
vn 0.0709695 -0.935122 -0.347147
vn 0.0638162 -0.895083 -0.441308
vn -0.279673 -0.807821 -0.518852
vn -0.286347 -0.889735 -0.355496
vn -0.1212 -0.925301 -0.359346
vn -0.135935 -0.966629 -0.217142
vn -0.518349 -0.833333 -0.192018
vn -0.570017 -0.807689 -0.150728
vn -0.495457 -0.718595 -0.487999
vn -0.71578 -0.55342 -0.425894
vn -0.77887 -0.61484 -0.12383
vn -0.919091 -0.361442 -0.156942
vn -0.935917 -0.233568 0.263638
vn -0.991667 0.0111161 0.128351
vn -0.999725 -0.0208583 -0.0106998
vn -0.820124 -0.560437 0.115354
vn -0.815426 -0.53971 0.209271
vn -0.940971 -0.288659 0.176775
vn -0.89976 -0.159916 0.406029
vn -0.949241 -0.171878 0.263439
vn -0.951067 -0.156307 0.266535
vn -0.919701 -0.20032 0.337672
vn -0.965419 0.0609216 0.253485
vn -0.946498 0.103602 0.305628
vn -0.951588 0.194626 0.237909
vn -0.983625 0.112614 0.140712
vn -0.983617 0.0641719 0.16846
vn -0.926596 0.298278 0.229021
vn -0.975095 0.200073 0.0957075
vn -0.988529 0.123142 0.0874465
vn -0.986199 0.130558 0.101814
vn -0.978295 0.194561 0.0713047
vn -0.944022 0.276245 0.180309
vn -0.943093 0.237525 0.232717
vn -0.877023 0.33461 0.344771
vn -0.866548 0.267786 0.421171
vn -0.898428 0.179493 0.400762
vn -0.962085 0.123577 0.243147
vn -0.944903 -0.147821 0.292073
vn -0.921852 -0.17296 0.346805
vn -0.961637 0.167114 0.217547
vn -0.916505 0.202094 0.345218
vn -0.903334 0.414723 0.109508
vn -0.981013 -0.0685886 -0.181409
vn -0.919364 0.204208 -0.336258
vn -0.634488 -0.602973 -0.483579
vn -0.581283 -0.467063 -0.666305
vn 0.0284204 -0.800822 -0.598228
vn -0.179407 -0.490289 -0.852895
vn -0.887178 0.292686 0.356721
vn -0.802919 -0.0563712 0.593416
vn -0.799199 -0.123886 0.588162
vn -0.672548 -0.00305853 0.740047
vn -0.631771 -0.0217827 0.774849
vn -0.762748 0.287754 0.579149
vn -0.768139 0.278232 0.576671
vn -0.765524 0.628261 0.138783
vn -0.58235 0.280683 0.762945
vn -0.519719 0.361032 0.774305
vn -0.435098 -0.035435 0.899685
vn -0.382186 -0.00498139 0.924072
vn -0.109146 -0.0156727 0.993902
vn -0.148583 0.409104 0.900309
vn -0.187171 0.385253 0.90363
vn 0.143963 0.412744 0.899398
vn 0.105548 -0.0158031 0.994289
vn 0.382186 -0.00498139 0.924072
vn 0.390152 0.0695519 0.91812
vn 0.443334 0.0867103 0.892153
vn 0.513793 0.0715133 0.854928
vn 0.537099 -0.00934978 0.843467
vn 0.435098 -0.035435 0.899685
vn 0.519756 0.361389 0.774114
vn 0.188279 0.385685 0.903215
vn 0.687788 0.252972 0.680407
vn 0.756763 0.147372 0.636861
vn 0.861186 0.273519 0.428423
vn 0.866548 0.267786 0.421171
vn 0.877023 0.33461 0.344771
vn 0.943093 0.237525 0.232717
vn 0.944022 0.276245 0.180309
vn 0.978295 0.194561 0.0713047
vn 0.986199 0.130558 0.101814
vn 0.983625 0.112614 0.140712
vn 0.951588 0.194626 0.237909
vn 0.946498 0.103602 0.305628
vn 0.965419 0.0609216 0.253485
vn 0.919701 -0.20032 0.337672
vn 0.951067 -0.156307 0.266535
vn 0.949241 -0.171878 0.263439
vn 0.89976 -0.159916 0.406029
vn 0.376458 -0.706967 0.598729
vn 0.180225 -0.664223 0.725484
vn -0.0415236 -0.939226 0.340779
vn 0.876349 -0.311961 0.367006
vn 0.940971 -0.288659 0.176775
vn 0.815426 -0.53971 0.209271
vn 0.820124 -0.560437 0.115354
vn 0.999725 -0.0208583 -0.0106998
vn 0.991667 0.0111161 0.128351
vn 0.961637 0.167114 0.217547
vn 0.916505 0.202094 0.345218
vn 0.903334 0.414723 0.109508
vn 0.981013 -0.0685886 -0.181409
vn 0.919553 0.203751 -0.336018
vn 0.635326 -0.602522 -0.483041
vn 0.582042 -0.466474 -0.666055
vn 0.185936 -0.490321 -0.851477
vn 0.725615 0.237152 -0.645943
vn 0.841028 0.148632 -0.520174
vn 0.831453 0.53267 -0.157949
vn 0.916167 0.400338 -0.0191603
vn 0.785667 0.601679 0.143912
vn -0.0280253 -0.800883 -0.598164
vn 0.0418033 -0.895878 -0.44233
vn 0.279673 -0.807821 -0.518852
vn 0.286347 -0.889735 -0.355496
vn 0.120009 -0.925459 -0.359336
vn 0.0424403 -0.950186 -0.308779
vn 0.0216691 -0.916156 -0.400235
vn -0.0234619 -0.916306 -0.399792
vn -0.0453327 -0.949516 -0.310427
vn -0.0621662 -0.894944 -0.441826
vn 0.134598 -0.96681 -0.217166
vn 0.234402 -0.960684 -0.148799
vn -0.235639 -0.960281 -0.149448
vn -0.177398 -0.968242 0.176175
vn -0.528687 -0.833179 0.162182
vn -0.47296 -0.871593 0.128975
vn -0.639874 -0.76159 0.102674
vn -0.718204 -0.676042 0.164773
vn -0.678775 -0.712116 -0.179321
vn -0.78674 -0.596639 0.158312
vn -0.745319 -0.57839 0.33161
vn -0.89894 -0.33466 0.282683
vn -0.876349 -0.311961 0.367006
vn 0.0415236 -0.939226 0.340779
vn -0.180225 -0.664223 0.725484
vn -0.376458 -0.706967 0.598729
vn -0.315786 0.124769 0.940591
vn -0.751379 -0.158472 0.640559
vn -0.925606 0.301703 0.228535
vn -0.733742 0.631283 0.251207
vn -0.768262 0.503129 0.395771
vn -0.813115 0.453609 0.364805
vn -0.833543 0.534072 -0.141324
vn -0.924234 0.342037 -0.169711
vn -0.946173 0.31118 0.089013
vn -0.999232 -0.0036634 0.0390246
vn -0.993713 -0.0750915 -0.0830385
vn -0.963338 -0.145397 0.225476
vn -0.956825 0.259377 0.131184
vn -0.958995 0.260299 0.112129
vn -0.915719 0.391796 -0.0891931
vn -0.96305 0.114724 -0.243667
vn -0.996333 0.0336902 -0.0786487
vn -0.96571 0.258711 -0.0217238
vn -0.965318 0.26007 -0.0229202
vn -0.986039 0.150991 -0.0702003
vn -0.989214 0.14317 -0.0309352
vn -0.984567 0.169656 -0.0429521
vn -0.965404 0.260194 0.0171624
vn -0.978232 0.19405 0.073531
vn -0.943463 0.330803 0.0211584
vn -0.9469 0.306067 -0.098508
vn -0.919242 0.367979 -0.139949
vn -0.94398 0.326146 -0.0503009
vn -0.767372 0.585914 -0.260471
vn -0.744428 0.511719 -0.428918
vn -0.458711 0.656444 -0.598887
vn -0.422724 0.686972 -0.591078
vn -0.482416 0.802342 -0.351457
vn -0.715276 0.654349 -0.245373
vn -0.718113 0.667179 -0.197952
vn -0.878185 0.465077 -0.111774
vn -0.770733 0.588589 0.243996
vn -0.765549 0.598364 0.236422
vn -0.674777 0.646844 0.355345
vn -0.73044 0.670866 -0.128048
vn -0.878686 0.451849 0.154091
vn -0.77222 0.564178 0.292197
vn -0.775828 0.53076 0.341152
vn -0.729649 0.569247 0.378907
vn -0.803432 0.556265 0.212288
vn -0.778097 0.505758 0.372525
vn -0.861186 0.273519 0.428423
vn -0.756763 0.147372 0.636861
vn -0.687788 0.252972 0.680407
vn -0.513793 0.0715133 0.854928
vn -0.537099 -0.00934978 0.843467
vn -0.443334 0.0867103 0.892153
vn -0.613648 0.490134 0.619036
vn -0.660893 0.442359 0.60625
vn -0.73664 0.563465 0.373991
vn -0.564316 0.697489 0.441653
vn -0.654557 0.663505 0.362376
vn -0.57571 0.562068 0.593833
vn -0.431902 0.640773 0.63472
vn -0.319927 0.104593 0.941651
vn -0.390152 0.0695519 0.91812
vn -0.102003 0.106117 0.989108
vn -0.112288 -0.0172833 0.993525
vn 0.112455 -0.0194726 0.993466
vn 0.102003 0.106117 0.989108
vn 0.319927 0.104593 0.941651
vn 0.431902 0.640773 0.63472
vn 0.57571 0.562068 0.593833
vn 0.613648 0.490134 0.619036
vn 0.660893 0.442359 0.60625
vn 0.73664 0.563465 0.373991
vn 0.681477 0.595362 0.425597
vn 0.778097 0.505758 0.372525
vn 0.803432 0.556265 0.212288
vn 0.641679 0.7349 0.219475
vn 0.56171 0.819586 0.112962
vn 0.636221 0.768614 0.0667504
vn 0.524036 0.844023 -0.114067
vn 0.526645 0.845631 -0.086909
vn 0.363193 0.929609 0.0625906
vn 0.5491 0.817343 0.174469
vn 0.491368 0.845949 0.207192
vn 0.476548 0.87786 0.047583
vn 0.73044 0.670866 -0.128048
vn 0.878686 0.451849 0.154091
vn 0.77229 0.564122 0.292122
vn 0.775921 0.530618 0.341161
vn 0.729557 0.56925 0.379078
vn 0.545496 0.824449 0.150724
vn 0.674777 0.646844 0.355345
vn 0.765549 0.598364 0.236422
vn 0.943463 0.330803 0.0211584
vn 0.978232 0.19405 0.073531
vn 0.989214 0.14317 -0.0309352
vn 0.984567 0.169656 -0.0429521
vn 0.988529 0.123142 0.0874465
vn 0.975095 0.200073 0.0957075
vn 0.926596 0.298278 0.229021
vn 0.983617 0.0641719 0.16846
vn 0.925606 0.301703 0.228535
vn 0.733742 0.631283 0.251207
vn 0.768262 0.503129 0.395771
vn 0.315786 0.124769 0.940591
vn 0.751379 -0.158472 0.640559
vn 0.813115 0.453609 0.364805
vn 0.833543 0.534072 -0.141324
vn 0.902719 0.204367 -0.378594
vn 0.934444 0.0782899 -0.347399
vn -0.0585938 0.487136 -0.871359
vn 0.760333 0.519525 0.389856
vn 0.665049 0.662234 0.34519
vn 0.558299 0.765487 -0.319892
vn 0.33128 0.943496 0.0082802
vn 0.97545 0.00441636 0.220177
vn 0.966227 -0.00849348 0.257553
vn -0.0972322 -0.903559 0.417286
vn -0.19731 -0.964486 0.175601
vn 0.914221 -0.324107 0.243216
vn 0.89894 -0.33466 0.282683
vn 0.745319 -0.57839 0.33161
vn 0.78674 -0.596639 0.158312
vn 0.718204 -0.676042 0.164773
vn 0.678775 -0.712116 -0.179321
vn 0.570017 -0.807689 -0.150728
vn 0.495457 -0.718595 -0.487999
vn 0.71578 -0.55342 -0.425894
vn 0.77887 -0.61484 -0.12383
vn 0.919091 -0.361442 -0.156942
vn 0.935917 -0.233568 0.263638
vn 0.518349 -0.833333 -0.192018
vn 0.47296 -0.871593 0.128975
vn 0.639874 -0.76159 0.102674
vn 0.590227 -0.72429 0.356421
vn 0.744871 -0.579955 0.329877
vn 0.828563 -0.539329 0.150358
vn 0.926317 -0.325416 0.189847
vn 0.950013 -0.284679 0.128192
vn -0.26775 -0.930267 -0.250826
vn -0.17948 -0.91732 -0.355404
vn -0.436778 -0.480053 -0.760772
vn 0.88377 0.467906 -0.00368542
vn 0.940245 0.317082 0.124095
vn 0.976336 0.215213 -0.0212297
vn 0.953357 0.0921341 0.287439
vn -0.147811 -0.984081 0.0986712
vn 0.896091 0.443113 0.0259273
vn 0.89085 0.453972 -0.0172082
vn 0.951618 0.304382 -0.0421366
vn 0.018719 0.660199 -0.750858
vn 0.0278235 -0.62211 -0.782435
vn 0.992711 0.117506 0.0267681
vn 0.996111 0.0832659 0.0287928
vn 0.989789 0.123467 -0.0712257
vn 0.992005 0.00509716 -0.126099
vn 0.990881 -0.124901 -0.0505413
vn 0.988578 -0.125058 -0.0841026
vn 0.964654 -0.26226 0.0257528
vn 0.883164 -0.45755 -0.103296
vn 0.825966 -0.551698 0.115795
vn 0.657055 -0.748151 0.092457
vn 0.545646 -0.77657 0.314976
vn 0.485543 -0.812796 0.321884
vn 0.528687 -0.833179 0.162182
vn 0.176525 -0.968401 0.176178
vn 0.284466 -0.919827 0.270178
vn -0.284111 -0.920386 0.268645
vn -0.209271 -0.927598 0.309463
vn -0.438678 -0.84594 0.303228
vn -0.485543 -0.812796 0.321884
vn -0.545646 -0.77657 0.314976
vn -0.590227 -0.72429 0.356421
vn -0.744871 -0.579955 0.329877
vn -0.828563 -0.539329 0.150358
vn -0.926317 -0.325416 0.189847
vn -0.914221 -0.324107 0.243216
vn 0.19731 -0.964486 0.175601
vn 0.0972322 -0.903559 0.417286
vn -0.966227 -0.00849348 0.257553
vn -0.760333 0.519525 0.389856
vn 0.0585938 0.487136 -0.871359
vn -0.873208 -0.179945 0.45291
vn -0.934444 0.0782899 -0.347399
vn -0.902719 0.204367 -0.378594
vn -0.665049 0.662234 0.34519
vn -0.558299 0.765487 -0.319892
vn -0.33128 0.943496 0.0082802
vn -0.97545 0.00441636 0.220177
vn -0.953357 0.0921341 0.287439
vn 0.147811 -0.984081 0.0986712
vn 0.26775 -0.930267 -0.250826
vn -0.950013 -0.284679 0.128192
vn -0.964654 -0.26226 0.0257528
vn -0.883164 -0.45755 -0.103296
vn -0.825966 -0.551698 0.115795
vn -0.657055 -0.748151 0.092457
vn -0.658426 -0.74644 0.0964472
vn -0.522351 -0.849248 0.0769882
vn -0.489041 -0.871404 0.0386615
vn -0.28622 -0.957825 0.0254708
vn -0.232388 -0.970971 -0.0566722
vn 0.230246 -0.971061 -0.0634616
vn 0.245061 -0.949174 -0.19752
vn 0.489659 -0.856242 -0.164572
vn 0.512275 -0.794697 -0.325624
vn 0.776175 -0.59529 -0.207801
vn 0.771806 -0.486672 -0.409225
vn 0.502305 -0.661015 -0.557449
vn 0.539979 -0.614579 -0.575078
vn 0.538926 -0.789184 -0.294528
vn 0.313417 -0.888259 -0.335806
vn 0.28656 -0.948394 -0.135762
vn -0.289537 -0.947403 -0.136364
vn -0.248222 -0.94842 -0.197193
vn -0.489659 -0.856242 -0.164572
vn -0.533481 -0.839116 -0.106217
vn -0.734209 -0.677745 -0.0399823
vn -0.717934 -0.689735 -0.0940023
vn -0.896198 -0.442966 0.0246848
vn -0.918039 -0.381012 -0.109699
vn -0.775181 -0.595839 -0.20993
vn -0.776175 -0.59529 -0.207801
vn -0.512275 -0.794697 -0.325624
vn -0.538926 -0.789184 -0.294528
vn -0.316483 -0.887324 -0.335402
vn -0.199857 -0.858907 -0.471525
vn 0.200124 -0.8601 -0.469232
vn 0.209884 -0.731731 -0.648474
vn 0.145738 -0.69234 -0.706701
vn 0.16654 -0.337371 -0.926523
vn 0.383584 -0.419067 -0.82295
vn -0.383584 -0.419067 -0.82295
vn -0.16654 -0.337371 -0.926523
vn -0.14571 -0.692585 -0.706466
vn -0.209425 -0.731825 -0.648517
vn -0.539979 -0.614579 -0.575078
vn -0.502305 -0.661015 -0.557449
vn -0.470489 -0.361134 -0.805123
vn -0.665404 -0.28172 -0.691283
vn -0.768512 -0.494004 -0.406631
vn -0.930547 -0.26365 -0.25411
vn -0.940774 -0.307844 -0.142044
vn -0.990881 -0.124901 -0.0505413
vn -0.988578 -0.125058 -0.0841026
vn -0.992711 0.117506 0.0267681
vn -0.996111 0.0832659 0.0287928
vn -0.989789 0.123467 -0.0712257
vn -0.992005 0.00509716 -0.126099
vn -0.980969 0.0280528 -0.192128
vn -0.935942 -0.171667 -0.307478
vn -0.884538 -0.104603 -0.454589
vn -0.858504 -0.00651417 -0.512766
vn -0.916439 0.108737 -0.385119
vn -0.980216 0.0339234 -0.195004
vn -0.978937 0.193677 -0.064586
vn -0.93697 0.262383 -0.230744
vn -0.902726 0.155985 -0.400943
vn -0.760578 0.229913 -0.607175
vn -0.719888 0.296672 -0.627493
vn -0.793031 0.430399 -0.431114
vn -0.929521 0.285071 -0.233933
vn -0.394332 0.404641 -0.825087
vn -0.451104 0.357006 -0.817956
vn -0.132946 0.403292 -0.905362
vn -0.153795 0.392175 -0.906943
vn -0.163728 0.742087 -0.65
vn -0.195529 0.749483 -0.63249
vn -0.147722 0.945526 -0.290101
vn -0.0559322 0.931953 -0.358239
vn -0.352008 0.889718 -0.290676
vn -0.378079 0.918466 -0.116085
vn -0.542648 0.835668 -0.0848087
vn -0.536476 0.83392 0.129502
vn -0.716532 0.634564 0.289673
vn -0.568991 0.641716 0.514247
vn -0.555536 0.791861 0.253646
vn -0.530815 0.812017 0.242618
vn -0.693334 0.682056 0.232567
vn -0.391872 0.789897 0.471697
vn -0.362654 0.931891 0.00787683
vn -0.292544 0.955558 0.0364196
vn -0.343503 0.936589 -0.0693252
vn -0.375787 0.923016 0.0826214
vn -0.363193 0.929609 0.0625906
vn -0.526645 0.845631 -0.086909
vn -0.524036 0.844023 -0.114067
vn -0.636221 0.768614 0.0667504
vn -0.56171 0.819586 0.112962
vn -0.545505 0.824447 0.150703
vn -0.549124 0.817324 0.174484
vn -0.49137 0.845937 0.207233
vn -0.476548 0.87786 0.047583
vn -0.641679 0.7349 0.219475
vn -0.599214 0.745365 0.292187
vn -0.598849 0.745075 0.293672
vn -0.681477 0.595362 0.425597
vn -0.588179 0.753761 0.293069
vn -0.530098 0.771938 0.350868
vn -0.559928 0.737589 0.377416
vn -0.293346 0.779837 0.552994
vn -0.272286 0.852703 0.445823
vn -0.521045 0.823242 0.225356
vn -0.204774 0.940581 0.270879
vn -0.219333 0.651671 0.726097
vn -0.196604 0.664995 0.720505
vn -0.456042 0.619126 0.639303
vn -0.138566 0.0840832 0.986777
vn 0.138566 0.0840832 0.986777
vn 0.196604 0.664995 0.720505
vn 0.456042 0.619126 0.639303
vn 0.521045 0.823242 0.225356
vn 0.204774 0.940581 0.270879
vn 0.219333 0.651671 0.726097
vn 0.118099 0.967124 0.225221
vn -0.117009 0.967392 0.224636
vn -0.0158506 0.499641 0.866088
vn 0.0160813 0.500069 0.865836
vn 0.132436 0.697511 0.704229
vn 0.373133 0.635051 0.676374
vn 0.37038 0.766845 0.524182
vn 0.463687 0.790666 0.399802
vn 0.615369 0.703992 0.354565
vn 0.5199 0.800406 0.298418
vn 0.559631 0.738131 0.376796
vn 0.530269 0.771893 0.350707
vn 0.564609 0.697307 0.441565
vn 0.654521 0.663455 0.362532
vn 0.272012 0.852684 0.446026
vn 0.292751 0.780723 0.552059
vn 0.588179 0.753761 0.293069
vn 0.598849 0.745075 0.293672
vn 0.599214 0.745365 0.292187
vn 0.550496 0.783257 0.288899
vn 0.549089 0.791612 0.268051
vn 0.714014 0.699309 0.0339206
vn 0.459359 0.887539 0.0355447
vn 0.498923 0.85794 0.122534
vn 0.473079 0.818296 -0.326478
vn 0.0138459 0.901665 -0.432214
vn 0.0221572 0.99876 -0.0445746
vn 0.400732 0.909255 -0.112557
vn 0.414398 0.907741 -0.0654305
vn 0.428 0.885141 -0.182597
vn 0.320244 0.937277 -0.137681
vn 0.579563 0.386141 0.717636
vn 0.866125 0.366596 0.339756
vn 0.845934 0.425045 0.322075
vn 0.852672 0.399623 -0.33653
vn 0.709415 0.601108 -0.367967
vn 0.725152 0.624163 -0.290818
vn 0.614077 0.746751 -0.255484
vn 0.6077 0.751602 -0.256505
vn 0.535041 0.844792 0.00753444
vn 0.195063 0.972197 -0.12955
vn 0.0386143 0.821508 0.568888
vn -0.0372012 0.778004 0.627157
vn 0.47207 0.513521 0.716551
vn 0.540561 0.733213 0.412544
vn 0.500644 0.705094 0.502193
vn 0.796614 0.530706 0.28941
vn -0.424982 0.671232 -0.607321
vn -0.185923 0.970334 -0.154548
vn -0.26956 0.0223495 0.962724
vn -0.319844 -0.0688395 0.944966
vn 0.810656 0.553569 0.190782
vn -0.0289758 0.998994 0.0342169
vn 0.242312 0.560315 0.792043
vn 0.360304 0.797892 0.483269
vn 0.067266 0.875595 0.478339
vn 0.170595 0.416435 0.893017
vn 0.563813 0.443634 0.696637
vn 0.703842 -0.145175 0.695363
vn 0.1856 0.414082 -0.891117
vn 0.185762 0.376851 -0.907456
vn -0.23572 0.965591 -0.109863
vn 0.013929 0.97389 0.226592
vn 0.00570709 0.971189 0.238243
vn 0.021659 0.371944 -0.928003
vn 0.0622108 0.291147 -0.954653
vn 0.0812084 0.287528 -0.954323
vn 0.0936331 0.486952 -0.868395
vn 0.0199902 0.941824 -0.335513
vn -0.268584 0.930121 0.250472
vn 0.232195 0.971349 -0.050663
vn 0.369398 0.887231 -0.276344
vn 0.613572 0.753006 -0.23772
vn 0.847372 0.530991 0.00301518
vn 0.0977535 0.993204 -0.0631596
vn 0.201156 0.902941 0.379781
vn -0.201156 0.902941 0.379781
vn -0.0418611 0.877638 0.477493
vn 0.024857 0.998018 0.0578104
vn -0.024857 0.998018 0.0578104
vn 0.0418611 0.877638 0.477493
vn 0.152937 0.840306 0.520092
vn 0.198429 0.755579 0.62428
vn 0.236402 0.77281 0.588964
vn -0.0175399 0.80309 0.5956
vn 0.236032 0.647835 0.724292
vn 0.107325 0.841199 0.529968
vn 0.0747275 0.957784 0.277607
vn 0.399913 0.870029 0.288304
vn 0.358338 0.797376 0.485578
vn 0.5356 0.646183 0.543673
vn 0.543102 0.648716 0.533111
vn 0.530815 0.812017 0.242618
vn 0.555536 0.791861 0.253646
vn 0.568991 0.641716 0.514247
vn 0.716532 0.634564 0.289673
vn 0.536476 0.83392 0.129502
vn 0.542648 0.835668 -0.0848087
vn 0.378079 0.918466 -0.116085
vn 0.352008 0.889718 -0.290676
vn 0.0559322 0.931953 -0.358239
vn 0.0415393 0.998868 0.0231686
vn 0.182399 0.982318 0.0422091
vn 0.226247 0.852465 0.471292
vn 0.146928 0.945462 -0.290713
vn 0.194371 0.749686 -0.632606
vn 0.422724 0.686972 -0.591078
vn 0.482416 0.802342 -0.351457
vn 0.715276 0.654349 -0.245373
vn 0.718113 0.667179 -0.197952
vn 0.878185 0.465077 -0.111774
vn 0.770733 0.588589 0.243996
vn 0.919242 0.367979 -0.139949
vn 0.9469 0.306067 -0.098508
vn 0.986039 0.150991 -0.0702003
vn 0.965318 0.26007 -0.0229202
vn 0.96571 0.258711 -0.0217238
vn 0.965404 0.260194 0.0171624
vn 0.915719 0.391796 -0.0891931
vn 0.96305 0.114724 -0.243667
vn 0.996333 0.0336902 -0.0786487
vn 0.958995 0.260299 0.112129
vn 0.956825 0.259377 0.131184
vn 0.959853 0.253401 0.120294
vn 0.946173 0.31118 0.089013
vn 0.999232 -0.0036634 0.0390246
vn 0.993713 -0.0750915 -0.0830385
vn 0.963338 -0.145397 0.225476
vn 0.859751 0.0361688 0.509431
vn 0.927523 0.325873 0.183052
vn 0.403445 0.741692 0.535841
vn 0.924234 0.342037 -0.169711
vn 0.977394 0.189804 -0.09314
vn 0.978937 0.193677 -0.064586
vn 0.980216 0.0339234 -0.195004
vn 0.980969 0.0280528 -0.192128
vn 0.935942 -0.171667 -0.307478
vn 0.884538 -0.104603 -0.454589
vn 0.627207 -0.345836 -0.69786
vn 0.637611 0.0734577 -0.766848
vn 0.6785 0.0358764 -0.733723
vn 0.353934 0.0632862 -0.933127
vn 0.309521 -0.307294 -0.899871
vn 0.470489 -0.361134 -0.805123
vn 0.665404 -0.28172 -0.691283
vn 0.768512 -0.494004 -0.406631
vn 0.930547 -0.26365 -0.25411
vn 0.940774 -0.307844 -0.142044
vn 0.918039 -0.381012 -0.109699
vn 0.775181 -0.595839 -0.20993
vn 0.734209 -0.677745 -0.0399823
vn 0.717934 -0.689735 -0.0940023
vn 0.896198 -0.442966 0.0246848
vn 0.658426 -0.74644 0.0964472
vn 0.522351 -0.849248 0.0769882
vn 0.438678 -0.84594 0.303228
vn 0.211634 -0.927052 0.309492
vn 0.289349 -0.956879 0.0256767
vn 0.489041 -0.871404 0.0386615
vn 0.533481 -0.839116 -0.106217
vn 0.356451 0.0618856 -0.932262
vn 0.125285 0.0700668 -0.989644
vn 0.340182 0.145768 -0.928993
vn -0.340182 0.145768 -0.928993
vn -0.125285 0.0700668 -0.989644
vn -0.356451 0.0618856 -0.932262
vn -0.353934 0.0632862 -0.933127
vn -0.6785 0.0358764 -0.733723
vn -0.637611 0.0734577 -0.766848
vn -0.627207 -0.345836 -0.69786
vn -0.309521 -0.307294 -0.899871
vn 0.132946 0.403292 -0.905362
vn 0.153795 0.392175 -0.906943
vn 0.16372 0.742477 -0.649557
vn 0.451104 0.357006 -0.817956
vn 0.458711 0.656444 -0.598887
vn 0.744428 0.511719 -0.428918
vn 0.767372 0.585914 -0.260471
vn 0.94398 0.326146 -0.0503009
vn 0.929521 0.285071 -0.233933
vn 0.793031 0.430399 -0.431114
vn 0.719888 0.296672 -0.627493
vn 0.394332 0.404641 -0.825087
vn 0.760578 0.229913 -0.607175
vn 0.902726 0.155985 -0.400943
vn 0.93697 0.262383 -0.230744
vn 0.916439 0.108737 -0.385119
vn 0.858504 -0.00651417 -0.512766
vn 0.693334 0.682056 0.232567
vn 0.391872 0.789897 0.471697
vn 0.362654 0.931891 0.00787683
vn 0.292544 0.955558 0.0364196
vn 0.343503 0.936589 -0.0693252
vn 0.828812 0.559421 -0.0108961
vn 0.855471 0.387093 -0.34399
vn 0.990725 -0.122302 0.059211
vn 0.375787 0.923016 0.0826214
vn -0.0415393 0.998868 0.0231686
vn -0.182399 0.982318 0.0422091
vn -0.226247 0.852465 0.471292
vn -0.0747275 0.957784 0.277607
vn -0.399913 0.870029 0.288304
vn -0.358338 0.797376 0.485578
vn -0.5356 0.646183 0.543673
vn -0.543102 0.648716 0.533111
vn -0.810656 0.553569 0.190782
vn 0.319844 -0.0688395 0.944966
vn 0.26956 0.0223495 0.962724
vn 0.185923 0.970334 -0.154548
vn 0.424982 0.671232 -0.607321
vn -0.0936331 0.486952 -0.868395
vn -0.0812084 0.287528 -0.954323
vn -0.500644 0.705094 0.502193
vn -0.796614 0.530706 0.28941
vn -0.540561 0.733213 0.412544
vn -0.00570709 0.971189 0.238243
vn -0.021659 0.371944 -0.928003
vn -0.185762 0.376851 -0.907456
vn 0.23572 0.965591 -0.109863
vn -0.013929 0.97389 0.226592
vn 0.0372012 0.778004 0.627157
vn -0.47207 0.513521 0.716551
vn -0.0386143 0.821508 0.568888
vn -0.195063 0.972197 -0.12955
vn -0.535041 0.844792 0.00753444
vn -0.6077 0.751602 -0.256505
vn -0.828812 0.559421 -0.0108961
vn -0.855471 0.387093 -0.34399
vn -0.990725 -0.122302 0.059211
vn -0.866125 0.366596 0.339756
vn -0.579563 0.386141 0.717636
vn -0.320244 0.937277 -0.137681
vn -0.428 0.885141 -0.182597
vn -0.400732 0.909255 -0.112557
vn -0.414398 0.907741 -0.0654305
vn -0.473079 0.818296 -0.326478
vn -0.0143624 0.901687 -0.432151
vn -0.0229782 0.998735 -0.0447289
vn -0.324386 0.923331 0.205507
vn 0.322185 0.921751 0.215804
vn 0.256574 0.84976 0.460518
vn 0.63633 0.680009 0.364242
vn 0.640637 0.682744 0.351347
vn -0.0114306 0.863293 0.504573
vn 0.255587 -0.0541422 0.965269
vn 0.356216 0.0747565 0.931408
vn 0.864339 0.404606 0.298685
vn 0.724149 0.666343 0.177749
vn 0.664814 0.689493 -0.28744
vn 0.198527 0.936288 -0.289745
vn 0.190427 0.891057 -0.412014
vn 0.189094 0.891548 -0.411564
vn 0.283267 0.949789 -0.132894
vn -0.283267 0.949789 -0.132894
vn -0.0977535 0.993204 -0.0631596
vn -0.847372 0.530991 0.00301518
vn -0.236402 0.77281 0.588964
vn -0.198429 0.755579 0.62428
vn -0.152937 0.840306 0.520092
vn 0.0175399 0.80309 0.5956
vn -0.236032 0.647835 0.724292
vn -0.563813 0.443634 0.696637
vn -0.170595 0.416435 0.893017
vn -0.067266 0.875595 0.478339
vn -0.360304 0.797892 0.483269
vn -0.242312 0.560315 0.792043
vn 0.0289758 0.998994 0.0342169
vn 0.194868 -0.108554 0.974804
vn 0.239024 -0.186295 0.952975
vn -0.168675 -0.211847 0.962637
vn -0.126792 -0.544981 0.828806
vn -0.723334 -0.37937 0.576945
vn -0.703842 -0.145175 0.695363
vn -0.1856 0.414082 -0.891117
vn -0.0526144 0.567101 0.821966
vn -0.107325 0.841199 0.529968
vn -0.0199902 0.941824 -0.335513
vn 0.268584 0.930121 0.250472
vn -0.232195 0.971349 -0.050663
vn -0.369398 0.887231 -0.276344
vn -0.613572 0.753006 -0.23772
vn -0.614077 0.746751 -0.255484
vn -0.725152 0.624163 -0.290818
vn -0.709415 0.601108 -0.367967
vn -0.852672 0.399623 -0.33653
vn -0.845934 0.425045 0.322075
vn -0.864339 0.404606 0.298685
vn -0.356216 0.0747565 0.931408
vn -0.255587 -0.0541422 0.965269
vn 0.0114306 0.863293 0.504573
vn -0.640637 0.682744 0.351347
vn -0.448486 0.0160239 0.893646
vn -0.456261 -0.00459809 0.889834
vn -0.300167 -0.0181698 0.953714
vn -0.461828 0.254703 0.849613
vn -0.256574 0.84976 0.460518
vn -0.63633 0.680009 0.364242
vn 0.461828 0.254703 0.849613
vn 0.300167 -0.0181698 0.953714
vn 0.456261 -0.00459809 0.889834
vn 0.55297 0.224712 0.802327
vn 0.339996 0.399521 0.851343
vn 0.306771 0.538823 0.784577
vn 0.401638 0.881651 0.247746
vn -0.405117 0.876976 0.258443
vn -0.308625 0.534785 0.78661
vn -0.340933 0.398862 0.851278
vn -0.55297 0.224712 0.802327
vn -0.311234 0.121263 0.942565
vn -0.600347 0.728574 0.329794
vn -0.329199 0.874044 0.357317
vn -0.274751 0.899295 -0.340266
vn 0.266523 0.90163 -0.34063
vn 0.319612 0.87746 0.357648
vn 0.600347 0.728574 0.329794
vn 0.311234 0.121263 0.942565
vn -0.205677 0.934575 -0.290287
vn -0.664814 0.689493 -0.28744
vn -0.724149 0.666343 0.177749
vn -0.19712 0.888558 -0.414257
vn -0.189094 0.891548 -0.411564
vn -0.29092 0.254226 0.922353
vn 0.290745 0.256487 0.921782
vn 0.448486 0.0160239 0.893646
vn -0.0560232 0.868724 -0.492118
vn -0.285373 0.916751 0.279517
vn 0.287606 0.915122 0.28255
vn 0.0554108 0.867441 -0.494445
vn 0.238395 0.946817 0.216117
vn 0.101113 0.531731 0.840856
vn -0.101113 0.531731 0.840856
vn -0.238395 0.946817 0.216117
vn -0.498923 0.85794 0.122534
vn -0.459359 0.887539 0.0355447
vn -0.714014 0.699309 0.0339206
vn -0.361553 0.577764 0.731757
vn -0.347012 0.524445 0.777522
vn -0.210665 0.698564 0.683834
vn -0.339743 0.684256 0.645266
vn -0.550496 0.783257 0.288899
vn -0.549089 0.791612 0.268051
vn -0.390995 0.909225 0.142943
vn -0.602688 0.79005 0.112196
vn -0.260792 0.934566 -0.242021
vn -0.418062 0.895568 -0.152258
vn -0.489761 0.843598 -0.220174
vn -0.615369 0.703992 0.354565
vn -0.463687 0.790666 0.399802
vn -0.364829 0.870604 -0.330074
vn -0.338872 0.880006 -0.3328
vn -0.186064 0.977806 -0.0963056
vn -0.228931 0.812421 0.536248
vn -0.37038 0.766845 0.524182
vn -0.373133 0.635051 0.676374
vn -0.132436 0.697511 0.704229
vn -0.127437 0.760457 0.636761
vn 0.127437 0.760457 0.636761
vn 0.228931 0.812421 0.536248
vn 0.186064 0.977806 -0.0963056
vn 0.339255 0.879625 -0.333415
vn -0.0236629 -0.181967 -0.98302
vn -0.0242322 -0.145822 -0.989014
vn -0.123849 -0.1574 -0.979738
vn 0.383304 0.846986 -0.368365
vn 0.333844 0.869288 -0.364536
vn 0.489761 0.843598 -0.220174
vn 0.418062 0.895568 -0.152258
vn -0.36165 0.256229 -0.896413
vn -0.40306 0.301985 -0.863914
vn 0.576862 -0.222645 0.785913
vn -0.55256 0.187616 0.812082
vn -0.0557825 0.479164 0.875951
vn 0.260792 0.934566 -0.242021
vn 0.602688 0.79005 0.112196
vn 0.390995 0.909225 0.142943
vn 0.339743 0.684256 0.645266
vn 0.210665 0.698564 0.683834
vn 0.347012 0.524445 0.777522
vn 0.361553 0.577764 0.731757
vn 0.249918 0.605199 0.755828
vn 0.0568029 0.0818384 0.995026
vn -0.12689 0.0619009 0.989983
vn -0.0504603 -0.266808 0.962428
vn 0.113191 0.51483 0.849787
vn 0.286148 0.520573 0.80444
vn 0.0504603 -0.266808 0.962428
vn -0.113191 0.51483 0.849787
vn -0.286148 0.520573 0.80444
vn -0.249918 0.605199 0.755828
vn -0.0568029 0.0818384 0.995026
vn -0.0485429 -0.29147 0.955348
vn 0.163108 -0.324724 0.931638
vn 0.213212 0.206519 0.95493
vn 0.55256 0.187616 0.812082
vn 0.0557825 0.479164 0.875951
vn -0.576862 -0.222645 0.785913
vn 0.40306 0.301985 -0.863914
vn 0.36165 0.256229 -0.896413
vn -0.126217 0.51154 -0.849939
vn -0.37843 0.261828 -0.887827
vn 0.108994 0.228598 -0.9674
vn 0.123897 -0.160651 -0.979204
vn 0.0251785 -0.149228 -0.988482
vn 0.0246539 -0.181828 -0.983021
vn -0.383909 0.846694 -0.368406
vn -0.333844 0.869288 -0.364536
vn 0.12689 0.0619009 0.989983
vn 0.0485429 -0.29147 0.955348
vn -0.163108 -0.324724 0.931638
vn -0.213212 0.206519 0.95493
vn 0.126217 0.51154 -0.849939
vn 0.37843 0.261828 -0.887827
vn -0.108994 0.228598 -0.9674
vn 0.36462 0.870437 -0.330744
vn -0.5199 0.800406 0.298418
vn -0.0622108 0.291147 -0.954653
vn 0.723334 -0.37937 0.576945
vn 0.126792 -0.544981 0.828806
vn 0.168675 -0.211847 0.962637
vn 0.0526144 0.567101 0.821966
vn -0.239024 -0.186295 0.952975
vn -0.194868 -0.108554 0.974804
vn -0.977394 0.189804 -0.09314
vn -0.0278235 -0.62211 -0.782435
vn 0.436778 -0.480053 -0.760772
vn 0.17948 -0.91732 -0.355404
vn -0.940245 0.317082 0.124095
vn -0.88377 0.467906 -0.00368542
vn -0.89085 0.453972 -0.0172082
vn -0.896091 0.443113 0.0259273
vn -0.976336 0.215213 -0.0212297
vn -0.403445 0.741692 0.535841
vn -0.859751 0.0361688 0.509431
vn -0.927523 0.325873 0.183052
vn -0.951618 0.304382 -0.0421366
vn -0.018719 0.660199 -0.750858
vn -0.771806 -0.486672 -0.409225
vn 0.873208 -0.179945 0.45291
vn -0.959853 0.253401 0.120294
vn -0.227558 -0.961353 -0.154974
vn -0.167258 -0.980216 -0.105833
vn -0.212965 -0.972259 -0.0967379
vn -0.208934 -0.933997 -0.289823
vn 0.0913158 -0.990087 0.106722
vn 0.102294 -0.993054 -0.058141
vn -0.13347 -0.990164 -0.0419773
vn -0.134687 -0.987836 -0.0777102
vn 0.0340216 -0.993236 0.111014
vn 0.303576 -0.950745 0.0626619
vn 0.291013 -0.944535 0.152199
vn 0.462553 -0.867086 0.184951
vn 0.134675 -0.987845 -0.0776149
vn 0.133463 -0.990155 -0.0421965
vn -0.102789 -0.992981 -0.0585079
vn -0.0917687 -0.990002 0.107116
vn 0.171987 -0.981311 -0.0863126
vn -0.168067 -0.982388 -0.0816494
vn -0.579454 -0.117584 -0.806478
vn 0.666789 0.688572 -0.285064
vn 0.78148 0.622109 0.047634
vn 0.378427 0.907338 0.183114
vn 0.36446 0.919743 0.145745
vn 0.710788 0.629313 -0.314239
vn 0.369481 0.788229 -0.492117
vn 0.386966 0.627551 -0.675601
vn 0.354202 0.805129 -0.475718
vn 0.354508 0.861611 -0.363249
vn 0.783122 0.621475 -0.0220891
vn -0.988637 -0.026675 0.147938
vn -0.970637 0.215286 0.107308
vn -0.228749 0.948359 0.219747
vn -0.00767678 0.98864 0.15011
vn -0.00629444 0.985588 0.169048
vn 0.109236 0.981101 0.159713
vn 0.0548593 0.911058 0.408611
vn 0.368131 0.905892 0.209378
vn 0.416436 0.887272 0.198318
vn 0.433858 0.900906 0.0116437
vn -0.0188141 0.976959 -0.212598
vn 0.733092 0.534329 0.420795
vn 0.888875 0.412311 0.19975
vn 0.941906 0.275534 0.192078
vn 0.986183 0.155016 0.0584236
vn 0.988794 -0.14905 0.0084292
vn 0.983616 -0.154446 0.0929869
vn 0.998878 0.0414436 0.0229375
vn 0.980253 0.139013 0.140638
vn -0.0302399 0.990814 -0.131805
vn -0.398916 0.916817 0.0176648
vn -0.217499 0.862335 -0.457244
vn -0.883339 -0.157789 0.441379
vn -0.482538 0.855938 0.185816
vn -0.940819 0.208284 0.267353
vn -0.75675 0.62321 -0.197329
vn 0.432446 0.843097 -0.319654
vn 0.475693 0.838176 -0.266791
vn -0.932997 -0.35016 0.0831002
vn -0.919718 -0.385277 -0.0753651
vn -0.51495 -0.853049 0.0844606
vn -0.539067 -0.821733 0.184826
vn 0.508833 -0.835798 0.206228
vn 0.557543 -0.784418 0.271724
vn 0.528545 -0.770376 0.356597
vn -0.257122 -0.925518 0.278038
vn -0.260917 -0.909222 0.324402
vn -0.87615 -0.481243 -0.0276921
vn -0.868158 -0.483979 -0.109848
vn -0.881094 -0.472384 -0.0229502
vn -0.606759 0.684032 -0.4049
vn -0.610944 0.731101 -0.303709
vn 0.62296 0.781927 0.022599
vn 0.613943 0.772266 0.16334
vn 0.914384 0.263456 0.307397
vn 0.912152 0.251934 0.323276
vn 0.573292 0.33231 0.748937
vn 0.305619 0.904236 0.298253
vn -0.500766 0.859065 0.106023
vn -0.712857 -0.0318628 0.700585
vn -0.906675 -0.310256 0.2858
vn -0.959697 -0.237171 0.150768
vn -0.650643 0.757508 -0.0533529
vn -0.625883 0.7227 -0.293215
vn -0.932796 -0.329716 -0.145528
vn -0.845812 -0.494724 -0.199626
vn -0.303281 -0.916989 0.259136
vn -0.313252 -0.857329 0.408484
vn -0.186812 -0.840695 0.508265
vn 0.828942 -0.34991 0.436369
vn 0.751726 -0.413717 0.513563
vn 0.750673 -0.41228 0.516251
vn 0.872338 0.291696 0.392351
vn 0.658266 -0.605469 0.447318
vn -0.343771 -0.902617 0.259047
vn 0.700515 0.547566 0.457657
vn -0.662231 -0.0396086 0.748252
vn -0.52837 -0.82607 0.196044
vn 0.44422 0.894588 -0.0487876
vn 0.928607 0.18639 0.320855
vn -0.379367 -0.879009 -0.288833
vn 0.557636 -0.684607 0.46942
vn 0.547926 -0.690985 0.471505
vn 0.445754 -0.647858 0.617724
vn 0.554245 0.120664 0.823561
vn 0.465196 0.135412 0.874789
vn 0.333864 0.704298 0.626497
vn 0.239842 0.781015 0.57662
vn -0.215669 0.941944 -0.257348
vn -0.278809 0.917665 -0.283118
vn -0.472274 -0.0546147 -0.879758
vn -0.47713 -0.0633228 -0.876548
vn -0.182033 -0.933273 -0.309622
vn -0.191139 -0.934014 -0.301801
vn -0.367355 -0.864281 -0.343612
vn -0.560634 -0.809157 -0.175937
vn -0.885059 -0.147671 -0.441435
vn -0.932077 -0.0478722 -0.359084
vn -0.93985 -0.0219789 0.34088
vn -0.477691 -0.842737 0.248204
vn 0.310965 -0.577719 0.75468
vn 0.331107 -0.567647 0.753754
vn 0.363466 -0.58473 0.725247
vn 0.263263 -0.645862 0.716627
vn 0.362915 -0.68827 0.628154
vn 0.442483 0.0724201 0.893848
vn 0.327054 0.0709261 0.94234
vn 0.341841 0.0497083 0.938442
vn 0.437733 0.0683734 0.896502
vn 0.431019 0.0771392 0.89904
vn 0.141419 0.0631552 0.987933
vn 0.0525353 0.823355 0.56509
vn -0.631893 0.775038 -0.00523148
vn -0.901141 0.0851088 0.425089
vn 0.197576 0.0933351 0.975834
vn -0.644758 0.759171 -0.089139
vn -0.46728 0.802987 -0.369946
vn -0.631238 -0.0245524 -0.7752
vn -0.582848 -0.0778857 -0.80884
vn -0.241424 0.91041 -0.335958
vn 0.19639 0.734389 0.649695
vn 0.246544 0.759124 0.60245
vn 0.16198 0.757796 0.632066
vn 0.36766 -0.712683 0.597419
vn -0.259 -0.902505 -0.344098
vn 0.560206 0.164612 0.811833
vn -0.00866296 -0.998745 -0.0493231
vn 0.00484346 -0.991504 -0.129989
vn -0.845558 -0.460811 -0.269602
vn 0.0675225 -0.99765 -0.0116569
vn 0.217953 0.118589 0.968728
vn 0.168019 0.535305 0.827779
vn -0.170913 0.533145 0.82858
vn -0.220786 0.124276 0.967372
vn 0.0295828 -0.104194 0.994117
vn 0.0315888 -0.0814673 0.996175
vn -0.0320556 -0.0818611 0.996128
vn -0.0300523 -0.104201 0.994102
vn -0.049659 -0.10447 0.993287
vn 0.254929 -0.184727 0.949151
vn 0.403361 0.229773 0.885722
vn 0.448201 0.2562 0.856433
vn 0.653944 0.227223 0.721614
vn 0.955716 0.279552 -0.091969
vn 0.923689 -0.00258489 -0.383134
vn 0.350217 -0.0799379 -0.933251
vn 0.0577894 0.401502 -0.914033
vn 0.988272 0.0599408 -0.140451
vn 0.895671 0.00735217 0.444656
vn 0.853403 0.126245 0.505733
vn 0.699435 0.497671 -0.512946
vn 0.606058 0.215479 -0.765678
vn -0.0207286 0.188507 -0.981853
vn -0.0320742 -0.137233 -0.990019
vn 0.00502315 -0.133531 -0.991032
vn 0.0326832 -0.157544 -0.986971
vn -0.185204 -0.163081 -0.969074
vn -0.350217 -0.0799379 -0.933251
vn -0.0577894 0.401502 -0.914033
vn -0.988272 0.0599408 -0.140451
vn -0.955716 0.279552 -0.091969
vn -0.653944 0.227223 0.721614
vn -0.403361 0.229773 0.885722
vn -0.44853 0.256394 0.856203
vn -0.254929 -0.184727 0.949151
vn 0.049659 -0.10447 0.993287
vn 0.00820616 -0.176801 0.984212
vn 0.191919 -0.215503 0.957458
vn 0.110428 -0.480609 0.869954
vn -0.110428 -0.480609 0.869954
vn -0.191919 -0.215503 0.957458
vn -0.00820616 -0.176801 0.984212
vn -0.652783 -0.541345 0.529924
vn 0.928971 0.182313 0.322141
vn 0.901287 0.250468 0.353479
vn 0.896583 0.238552 0.373137
vn 0.886748 0.360099 -0.289838
vn 0.856824 0.28974 -0.426502
vn -0.0154106 0.46728 -0.883975
vn 0.0997015 0.521575 -0.84736
vn 0.174427 0.125441 -0.976647
vn -0.174087 0.125557 -0.976693
vn -0.0995323 0.521502 -0.847425
vn 0.0154106 0.46728 -0.883975
vn -0.0562172 0.941837 -0.331335
vn -0.0637897 0.942271 -0.328719
vn -0.0840387 0.68693 0.721848
vn -0.0370552 0.690718 0.722175
vn 0.0380385 -0.438187 0.898079
vn -0.140708 -0.414045 0.899315
vn -0.405913 0.364174 0.83822
vn -0.896583 0.238552 0.373137
vn -0.886748 0.360099 -0.289838
vn -0.856824 0.28974 -0.426502
vn -0.699435 0.497671 -0.512946
vn -0.606058 0.215479 -0.765678
vn 0.0207286 0.188507 -0.981853
vn -0.853403 0.126245 0.505733
vn -0.895671 0.00735217 0.444656
vn -0.928971 0.182313 0.322141
vn 0.652783 -0.541345 0.529924
vn 0.804445 -0.0891425 0.587301
vn -0.901287 0.250468 0.353479
vn 0.0266239 0.795016 0.606004
vn -0.0276502 0.796521 0.603979
vn 0.0370552 0.690718 0.722175
vn -0.0380385 -0.438187 0.898079
vn 0.140708 -0.414045 0.899315
vn -0.804445 -0.0891425 0.587301
vn 0.405913 0.364174 0.83822
vn 0.0840387 0.68693 0.721848
vn 0.0637897 0.942271 -0.328719
vn 0.0562172 0.941837 -0.331335
vn 0.28109 0.726383 -0.627181
vn -0.261651 0.75306 -0.603688
vn -0.923689 -0.00258489 -0.383134
vn -0.00763987 -0.158567 -0.987319
vn 0.185204 -0.163081 -0.969074
vn -0.969102 0.235504 -0.0733498
vn -0.931301 0.362302 -0.0376322
vn -0.821187 0.56997 0.0280313
vn -0.821729 0.526841 0.217256
vn -0.727852 0.64513 0.232461
vn -0.726472 0.646099 0.234082
vn -0.630951 0.561882 0.534966
vn -0.71499 0.437254 0.545525
vn -0.562045 0.371036 0.739215
vn -0.647422 0.136607 0.749789
vn -0.445154 0.0843568 0.891472
vn -0.466463 -0.0415445 0.883564
vn -0.101345 -0.101828 0.989626
vn -0.0854571 0.0320131 0.995827
vn -0.089634 0.0271389 0.995605
vn 0.125105 0.00592734 0.992126
vn 0.139871 0.250696 0.957908
vn 0.45834 0.255311 0.851317
vn 0.437923 0.376634 0.816315
vn 0.596492 0.389987 0.701504
vn 0.50775 0.587028 0.630546
vn 0.61509 0.617384 0.49041
vn 0.418828 0.808655 0.413111
vn 0.466288 0.841708 0.27222
vn 0.747358 0.608453 0.266908
vn 0.640543 0.717957 0.272476
vn 0.645298 0.754133 0.121963
vn 0.761406 0.644173 0.0728148
vn 0.695397 0.697011 -0.174922
vn 0.436546 0.899391 0.0228808
vn 0.365986 0.927844 -0.0718366
vn 0.528049 0.797071 -0.292987
vn 0.383174 0.833664 -0.397722
vn 0.42724 0.722054 -0.544154
vn 0.14338 0.762086 -0.631401
vn 0.146099 0.647129 -0.748251
vn -0.0449451 0.663297 -0.747005
vn -0.0768689 0.476889 -0.875596
vn 0.134909 0.455424 -0.879994
vn 0.476322 0.400184 -0.782924
vn 0.457925 0.612878 -0.64396
vn 0.460221 0.610138 -0.644925
vn 0.139944 0.654702 -0.74282
vn 0.438256 0.712163 -0.548412
vn 0.604171 0.669123 -0.432726
vn 0.522109 0.80101 -0.292891
vn 0.62937 0.763172 -0.146495
vn 0.419698 0.907568 0.0131876
vn 0.475091 0.861705 0.178192
vn 0.477163 0.861796 0.172116
vn 0.756088 0.650569 0.0713597
vn 0.477706 0.840283 0.256361
vn 0.70307 0.663699 0.255336
vn 0.705951 0.699955 0.108151
vn 0.855969 0.515469 0.0400994
vn 0.854036 0.469564 0.223901
vn 0.698354 0.671805 0.24694
vn 0.617301 0.616254 0.489051
vn 0.736919 0.425138 0.525555
vn 0.598338 0.388291 0.700872
vn 0.631133 0.282204 0.722518
vn 0.452315 0.262607 0.852319
vn 0.474857 -0.00331394 0.880057
vn 0.128311 0.000114592 0.991734
vn 0.11796 -0.122067 0.985487
vn 0.124435 -0.134847 0.983022
vn 0.468658 -0.142457 0.871818
vn 0.44904 -0.359738 0.817894
vn 0.093271 -0.348541 0.932641
vn 0.0979153 -0.357867 0.928625
vn -0.122779 -0.337591 0.933251
vn -0.12358 -0.338598 0.932781
vn -0.131327 -0.453763 0.881393
vn 0.07239 -0.476949 0.875945
vn 0.0739645 -0.475361 0.876676
vn 0.424163 -0.494027 0.758962
vn 0.633788 -0.480491 0.606169
vn 0.667609 -0.349346 0.657462
vn 0.664726 -0.353779 0.658012
vn 0.837568 -0.32037 0.442541
vn 0.864639 -0.0739251 0.496926
vn 0.991168 0.0075638 0.132395
vn 0.96818 -0.241213 0.0666609
vn 0.970733 -0.18745 -0.150136
vn 0.994213 0.0523064 -0.0938285
vn 0.990694 -0.00284516 0.136079
vn 0.975586 0.141099 0.168297
vn 0.975734 0.139054 0.169138
vn 0.980202 0.19303 -0.0440843
vn 0.912579 0.40849 0.0182998
vn 0.804196 0.497465 -0.325264
vn 0.861404 0.27557 -0.426666
vn 0.696975 0.337687 -0.632608
vn 0.698661 0.218664 -0.681219
vn 0.472167 0.274345 -0.837731
vn 0.473506 0.404762 -0.782279
vn 0.692803 0.345839 -0.632787
vn 0.657295 0.551931 -0.513162
vn 0.644333 0.568551 -0.511454
vn 0.606094 0.667267 -0.432904
vn 0.738809 0.620456 -0.263051
vn 0.61933 0.770651 -0.150088
vn 0.700003 0.706703 0.102792
vn 0.746493 0.612118 -0.260884
vn 0.802145 0.500404 -0.325822
vn 0.850771 0.522767 0.0538807
vn 0.913518 0.406504 0.0154641
vn 0.909037 0.360532 0.20897
vn 0.854687 0.467811 0.225085
vn 0.755266 0.409158 0.512019
vn 0.804991 0.287023 0.519237
vn 0.655957 0.252603 0.711275
vn 0.691449 0.0188717 0.722178
vn 0.472728 -9.25227e-06 0.881208
vn 0.472037 -0.136935 0.870879
vn 0.694381 -0.116635 0.710092
vn 0.689888 -0.107192 0.715936
vn 0.861786 -0.0666536 0.502874
vn 0.852447 0.0643943 0.518833
vn 0.855277 0.0592331 0.514774
vn 0.802196 0.290346 0.521709
vn 0.910327 0.355794 0.211459
vn 0.45131 0.0529754 -0.890794
vn 0.67035 -0.0109665 -0.741964
vn 0.66813 -0.0136756 -0.743919
vn 0.69548 0.2268 -0.681813
vn 0.866174 0.160102 -0.473403
vn 0.855672 0.288713 -0.4295
vn 0.981792 0.180496 -0.0592151
vn 0.868353 0.153005 -0.471756
vn 0.842935 -0.0864955 -0.531017
vn 0.967468 -0.196297 -0.159606
vn 0.925597 -0.329248 -0.186723
vn 0.923492 -0.382604 0.0278796
vn 0.966618 -0.246873 0.0685861
vn 0.837724 -0.321446 0.441464
vn 0.797367 -0.453835 0.397794
vn 0.79741 -0.455496 0.395804
vn 0.926585 -0.375247 0.0250937
vn 0.924389 -0.331291 -0.189082
vn 0.802843 -0.22613 -0.551642
vn 0.841832 -0.0880705 -0.532506
vn 0.805696 -0.223035 -0.548735
vn 0.637655 -0.147841 -0.756002
vn 0.639829 -0.145611 -0.754597
vn 0.426839 -0.0845193 -0.900369
vn 0.0915999 -0.0192454 -0.99561
vn 0.106421 0.112955 -0.987885
vn -0.112389 0.136448 -0.984251
vn -0.0915227 0.351235 -0.931803
vn -0.0940626 0.356296 -0.929627
vn -0.442362 0.363897 -0.819692
vn -0.419661 0.491739 -0.76294
vn -0.628811 0.475286 -0.615387
vn -0.554736 0.657522 -0.509836
vn -0.705941 0.63483 -0.314067
vn -0.615673 0.749334 -0.243815
vn -0.721112 0.690056 0.0618057
vn -0.575627 0.809373 0.116488
vn -0.576719 0.774011 0.261347
vn -0.314549 0.914193 0.255559
vn -0.313788 0.931217 0.185399
vn -0.301684 0.937788 0.171871
vn -0.647241 0.759679 0.0629848
vn -0.562519 0.800503 -0.206802
vn -0.568458 0.796145 -0.207386
vn -0.425699 0.898017 -0.11111
vn -0.494231 0.862134 0.111625
vn -0.40085 0.905262 0.140782
vn -0.383511 0.90765 0.170561
vn -0.385015 0.872171 0.301797
vn -0.481966 0.82122 0.305461
vn -0.499324 0.816031 0.291151
vn -0.500563 0.857982 0.11534
vn -0.646044 0.70744 0.286628
vn -0.639128 0.715274 0.282662
vn -0.549356 0.640534 0.536586
vn -0.418562 0.758979 0.498755
vn -0.496406 0.733329 0.464553
vn -0.364684 0.680005 0.636081
vn -0.429106 0.59779 0.677137
vn -0.54689 0.645017 0.533727
vn -0.229263 0.873885 0.428677
vn -0.173427 0.844146 0.507287
vn -0.354518 0.675038 0.647025
vn -0.238545 0.641998 0.728653
vn -0.324564 0.456431 0.82845
vn -0.0365088 0.400396 0.915615
vn -0.0613344 0.268943 0.961201
vn -0.37526 0.319455 0.870131
vn -0.376848 0.324525 0.867565
vn -0.332516 0.451062 0.828237
vn -0.495564 0.496861 0.712422
vn -0.378327 0.666478 0.642398
vn -0.492213 0.716904 0.493736
vn -0.255717 0.875226 0.410595
vn -0.297028 0.913268 0.278776
vn -0.484405 0.719256 0.498019
vn -0.632163 0.561226 0.534224
vn -0.496772 0.496136 0.712086
vn -0.56081 0.372049 0.739643
vn -0.566981 0.785687 0.247444
vn -0.434869 0.0952008 0.895447
vn -0.0572132 0.260607 0.963748
vn 0.142035 0.24736 0.958457
vn 0.143852 0.386729 0.910905
vn 0.420775 0.393387 0.817432
vn 0.373261 0.567937 0.733569
vn 0.280238 0.781998 0.556727
vn 0.378112 0.787749 0.486295
vn 0.566081 0.511153 0.646742
vn 0.683452 0.5436 0.487229
vn 0.580603 0.673248 0.457861
vn 0.638404 0.719042 0.274625
vn 0.565849 0.776621 0.276902
vn 0.498878 0.772244 0.393395
vn 0.399237 0.850708 0.341915
vn 0.320566 0.844922 0.428186
vn 0.425527 0.730818 0.533697
vn 0.326021 0.711503 0.622473
vn 0.3563 0.629864 0.690161
vn 0.128788 0.62875 0.766869
vn 0.170387 0.59095 0.788509
vn 0.162041 0.707414 0.687974
vn 0.279024 0.735337 0.617596
vn 0.215205 0.831005 0.51295
vn 0.298072 0.852281 0.429848
vn 0.229848 0.904314 0.359703
vn 0.317218 0.909524 0.268587
vn 0.399196 0.851456 0.340095
vn 0.497612 0.832369 0.244017
vn 0.560242 0.783761 0.268043
vn 0.562583 0.811488 0.158074
vn 0.571497 0.808388 0.141071
vn 0.639248 0.759951 0.117629
vn 0.584901 0.806797 -0.0834814
vn 0.703428 0.688742 -0.175568
vn 0.583659 0.72875 -0.358141
vn 0.379142 0.922729 -0.0694449
vn 0.278692 0.950398 -0.138111
vn 0.373498 0.839564 -0.394501
vn 0.146525 0.873955 -0.463393
vn 0.153627 0.75294 -0.639906
vn -0.0200364 0.770161 -0.637535
vn 0.018693 0.887818 -0.459815
vn 0.0134852 0.891571 -0.45268
vn -0.227828 0.900542 -0.370296
vn -0.110532 0.986898 -0.117535
vn -0.0736633 0.990684 -0.114534
vn -0.259548 0.813614 -0.520257
vn -0.259302 0.810748 -0.524834
vn -0.45267 0.79902 -0.395799
vn -0.352151 0.895389 -0.272521
vn -0.479607 0.871891 -0.0989083
vn -0.356678 0.934011 -0.020106
vn -0.219268 0.960587 -0.170861
vn -0.292468 0.939378 -0.178973
vn -0.160303 0.986705 -0.0267504
vn -0.275622 0.956896 0.0915531
vn -0.342312 0.938554 0.0440377
vn -0.273859 0.955341 0.111022
vn -0.365964 0.912751 0.181537
vn -0.362107 0.883272 0.297841
vn -0.379204 0.873677 0.304785
vn -0.337698 0.862965 0.375835
vn -0.349094 0.839276 0.416833
vn -0.220006 0.793279 0.56772
vn -0.316583 0.69977 0.640389
vn -0.192859 0.660994 0.725184
vn -0.26717 0.50637 0.819884
vn -0.441619 0.545648 0.712208
vn -0.164285 0.844445 0.509827
vn -0.115087 0.829817 0.546038
vn -0.0821681 0.833867 0.545816
vn 0.065721 0.80091 0.595168
vn 0.00805529 0.593449 0.804831
vn 0.13099 0.581512 0.802923
vn 0.115236 0.786964 0.606142
vn 0.116553 0.787477 0.605223
vn 0.270813 0.785345 0.556682
vn 0.383352 0.488851 0.783624
vn 0.560071 0.51758 0.646863
vn 0.486063 0.648906 0.585375
vn 0.5792 0.673953 0.458601
vn 0.504809 0.748467 0.430074
vn 0.41452 0.73623 0.534919
vn 0.475321 0.655224 0.587155
vn 0.341139 0.640852 0.687702
vn 0.386249 0.484959 0.784619
vn 0.141452 0.474322 0.868913
vn 0.13799 0.480404 0.866124
vn -0.0380004 0.486721 0.87273
vn -0.0416549 0.498785 0.865724
vn -0.0192574 0.59835 0.801003
vn -0.0265923 0.608042 0.79346
vn -0.00479749 0.692558 0.721346
vn -0.148675 0.746611 0.648434
vn -0.0479081 0.85859 0.51042
vn -0.132437 0.892859 0.430423
vn -0.052694 0.932334 0.357738
vn 0.0132121 0.93355 0.358205
vn 0.0816969 0.899923 0.428327
vn 0.00686719 0.86203 0.506811
vn 0.10016 0.782469 0.614582
vn 0.0520844 0.720991 0.690984
vn 0.155689 0.712085 0.684614
vn 0.121834 0.780276 0.613455
vn 0.210263 0.832263 0.51296
vn 0.132938 0.894383 0.42709
vn 0.196135 0.911441 0.361671
vn 0.0976732 0.960117 0.261985
vn 0.230909 0.966232 0.11435
vn 0.214088 0.970021 0.115005
vn 0.318697 0.920876 0.224542
vn 0.407941 0.904122 0.127071
vn 0.499103 0.84233 0.20341
vn 0.411044 0.908029 0.080783
vn 0.498178 0.867014 0.0103028
vn 0.505412 0.862236 -0.0332822
vn 0.423015 0.896647 -0.130705
vn 0.49298 0.840414 -0.225112
vn 0.356001 0.872017 -0.335932
vn 0.401714 0.777749 -0.483458
vn 0.161474 0.806918 -0.568163
vn 0.124979 0.975103 -0.183177
vn 0.275746 0.951314 -0.137716
vn 0.398101 0.781647 -0.480149
vn 0.561335 0.751037 -0.347629
vn 0.480443 0.847952 -0.223945
vn 0.577488 0.811902 -0.0855655
vn 0.118131 0.974866 -0.188895
vn 0.143015 0.875964 -0.460688
vn 0.0271107 0.982467 -0.184453
vn 0.0697889 0.98344 -0.16726
vn -0.0447395 0.825606 -0.56247
vn -0.0397689 0.814106 -0.579353
vn -0.00585476 0.911643 -0.410941
vn 0.0148829 0.895403 -0.445009
vn -0.2338 0.896457 -0.376433
vn -0.18596 0.944252 -0.271675
vn -0.097574 0.964632 -0.244877
vn 0.0397122 0.944078 -0.327322
vn 0.084691 0.952031 -0.29405
vn 0.122672 0.948388 -0.292424
vn 0.240846 0.96062 -0.138573
vn 0.134197 0.990938 0.00576198
vn 0.0988251 0.995092 0.00509692
vn -0.0163661 0.991205 0.131322
vn -0.162221 0.986388 -0.026903
vn -0.0454687 0.987313 -0.152134
vn -0.0200397 0.988646 -0.148922
vn -0.131358 0.960689 0.244583
vn -0.130679 0.950251 0.282746
vn -0.257114 0.886321 0.385134
vn -0.254531 0.9068 0.336046
vn -0.158296 0.889021 0.429633
vn -0.316735 0.763849 0.562329
vn -0.199171 0.728506 0.655446
vn -0.249178 0.630488 0.735116
vn 0.107841 0.959103 0.261708
vn 0.195495 0.971282 -0.135621
vn 0.315894 0.948792 -0.00201865
vn 0.335503 0.942034 -0.00308226
vn 0.437678 0.889398 -0.131946
vn 0.31504 0.915003 -0.25203
vn 0.342386 0.879758 -0.329844
vn 0.139409 0.906241 -0.399113
vn 0.15369 0.816615 -0.556345
vn 0.147677 0.901663 -0.406442
vn 0.136867 0.943137 -0.302921
vn 0.242646 0.942068 -0.231583
vn -0.177938 0.918692 -0.352623
vn -0.300234 0.91606 -0.265881
vn -0.26797 0.522907 0.809172
vn 0.0383407 0.795805 0.604338
vn 0.140556 0.573183 0.807282
vn 0.140727 0.390521 0.909774
vn -0.0284933 0.406913 0.913022
vn 0.0102613 0.59467 0.803905
vn -0.237086 0.642641 0.728562
vn -0.431665 0.814731 -0.387141
vn -0.161719 0.983625 -0.0795488
vn -0.167156 0.982807 -0.0784156
vn -0.349352 0.89172 -0.287729
vn -0.235243 0.897765 -0.372396
vn -0.312351 0.781119 -0.540639
vn -0.0215249 0.769306 -0.638518
vn -0.0468077 0.666197 -0.744305
vn -0.36181 0.67418 -0.643875
vn -0.316831 0.778392 -0.541963
vn -0.484881 0.767527 -0.419277
vn -0.379076 0.879469 -0.287812
vn -0.492651 0.859418 -0.136732
vn -0.247331 0.968718 0.0203052
vn -0.233166 0.972362 0.0120632
vn -0.481411 0.865155 -0.140537
vn -0.565957 0.817146 0.109385
vn -0.622762 0.744136 -0.24172
vn -0.488972 0.764867 -0.419386
vn -0.557634 0.654928 -0.510013
vn -0.369832 0.66736 -0.646417
vn 0.665558 0.559888 0.493516
vn 0.424532 0.807729 0.409079
vn 0.36451 0.791481 0.490603
vn 0.5217 0.579257 0.626331
vn -0.725243 0.685453 0.0646271
vn -0.814443 0.579763 0.0236209
vn -0.700958 0.639703 -0.315336
vn -0.798352 0.445356 -0.40533
vn -0.798523 0.448933 -0.401024
vn -0.838706 0.312237 -0.446184
vn -0.837581 0.305387 -0.452988
vn -0.858272 0.0917229 -0.504931
vn -0.992051 0.0127302 -0.125194
vn -0.981698 -0.113646 -0.152821
vn -0.854086 -0.0428893 -0.51836
vn -0.86136 0.0995453 -0.498147
vn -0.688986 0.132175 -0.71262
vn -0.666402 0.34142 -0.662828
vn -0.655351 0.358741 -0.664696
vn -0.625955 0.478802 -0.615572
vn -0.438733 0.368745 -0.819476
vn -0.458066 0.146404 -0.876779
vn -0.111447 0.13768 -0.984187
vn -0.122665 -0.00103587 -0.992448
vn -0.4652 0.00246362 -0.885202
vn -0.464679 0.135703 -0.875019
vn -0.680115 0.114198 -0.724156
vn -0.675741 -0.00800062 -0.737095
vn -0.463904 0.00471817 -0.885873
vn -0.678137 -0.0142427 -0.734798
vn -0.849048 -0.0521426 -0.525736
vn -0.125178 0.00347464 -0.992128
vn 0.0932511 -0.0173329 -0.995492
vn -0.981826 -0.111022 -0.153924
vn -0.984489 -0.163778 0.0629079
vn -0.984802 -0.160168 0.0671642
vn -0.860358 -0.265928 0.434819
vn -0.862452 -0.273362 0.42597
vn -0.693465 -0.340054 0.635192
vn -0.693924 -0.340933 0.63422
vn -0.485436 -0.401953 0.776393
vn -0.486355 -0.403149 0.775196
vn -0.139094 -0.462605 0.875585
vn -0.486789 -0.278532 0.827923
vn -0.484032 -0.274835 0.83077
vn -0.461438 -0.0355419 0.88646
vn -0.682356 0.0241204 0.730622
vn -0.676715 0.000880069 0.736244
vn -0.646173 0.137962 0.750618
vn -0.813665 0.208344 0.542717
vn -0.708859 0.442051 0.549645
vn -0.817085 0.536247 0.211687
vn -0.93965 0.296653 0.170454
vn -0.821298 0.199353 0.534536
vn -0.853603 0.0707411 0.516099
vn -0.854694 0.0690134 0.514525
vn -0.873573 -0.136489 0.467162
vn -0.706421 -0.203677 0.677853
vn -0.698472 -0.223661 0.679788
vn -0.872227 -0.133126 0.470634
vn -0.994294 -0.0363267 0.100295
vn -0.994036 -0.0398575 0.101511
vn -0.972895 0.17348 0.152908
vn -0.934673 0.305997 0.180974
vn -0.971347 0.226994 -0.070421
vn 0.127143 0.331455 -0.934865
vn 0.128515 0.333229 -0.934046
vn 0.161719 0.983625 -0.0795488
vn 0.110532 0.986898 -0.117535
vn 0.0736633 0.990684 -0.114534
vn -0.0697889 0.98344 -0.16726
vn -0.0134852 0.891571 -0.45268
vn 0.227828 0.900542 -0.370296
vn 0.235243 0.897765 -0.372396
vn 0.312351 0.781119 -0.540639
vn 0.0215249 0.769306 -0.638518
vn 0.0468077 0.666197 -0.744305
vn 0.36181 0.67418 -0.643875
vn 0.316831 0.778392 -0.541963
vn 0.484881 0.767527 -0.419277
vn 0.379076 0.879469 -0.287812
vn 0.349352 0.89172 -0.287729
vn 0.167156 0.982807 -0.0784156
vn 0.233166 0.972362 0.0120632
vn 0.562519 0.800503 -0.206802
vn 0.568458 0.796145 -0.207386
vn 0.431665 0.814731 -0.387141
vn 0.45267 0.79902 -0.395799
vn 0.259302 0.810748 -0.524834
vn 0.259548 0.813614 -0.520257
vn 0.0534037 0.815298 -0.576573
vn 0.052485 0.813267 -0.579519
vn -0.0212312 0.982171 -0.18679
vn -0.118415 0.974312 -0.191555
vn -0.13023 0.974695 -0.181687
vn -0.275746 0.951314 -0.137716
vn -0.278692 0.950398 -0.138111
vn -0.373498 0.839564 -0.394501
vn -0.146525 0.873955 -0.463393
vn -0.153627 0.75294 -0.639906
vn 0.0200364 0.770161 -0.637535
vn -0.018693 0.887818 -0.459815
vn -0.143015 0.875964 -0.460688
vn -0.14338 0.762086 -0.631401
vn -0.146099 0.647129 -0.748251
vn 0.0449451 0.663297 -0.747005
vn 0.0768689 0.476889 -0.875596
vn 0.419661 0.491739 -0.76294
vn 0.369832 0.66736 -0.646417
vn 0.557634 0.654928 -0.510013
vn 0.488972 0.764867 -0.419386
vn 0.622762 0.744136 -0.24172
vn 0.481411 0.865155 -0.140537
vn 0.492651 0.859418 -0.136732
vn 0.247331 0.968718 0.0203052
vn 0.301684 0.937788 0.171871
vn 0.647241 0.759679 0.0629848
vn 0.500563 0.857982 0.11534
vn 0.494231 0.862134 0.111625
vn 0.425699 0.898017 -0.11111
vn 0.481975 0.870647 -0.0983541
vn 0.354145 0.893869 -0.274916
vn 0.297827 0.916318 -0.267696
vn 0.177938 0.918692 -0.352623
vn 0.2338 0.896457 -0.376433
vn -0.0148829 0.895403 -0.445009
vn 0.0182862 0.920572 -0.390144
vn -0.145787 0.910322 -0.387375
vn -0.153977 0.90576 -0.394828
vn -0.167256 0.804658 -0.569693
vn -0.165533 0.806868 -0.567066
vn -0.401714 0.777749 -0.483458
vn -0.398101 0.781647 -0.480149
vn -0.561335 0.751037 -0.347629
vn -0.583659 0.72875 -0.358141
vn -0.379142 0.922729 -0.0694449
vn -0.365986 0.927844 -0.0718366
vn -0.528049 0.797071 -0.292987
vn -0.383174 0.833664 -0.397722
vn -0.42724 0.722054 -0.544154
vn -0.438256 0.712163 -0.548412
vn -0.460221 0.610138 -0.644925
vn -0.139944 0.654702 -0.74282
vn -0.134909 0.455424 -0.879994
vn -0.128515 0.333229 -0.934046
vn -0.472167 0.274345 -0.837731
vn -0.698661 0.218664 -0.681219
vn -0.69548 0.2268 -0.681813
vn -0.66813 -0.0136756 -0.743919
vn -0.841832 -0.0880705 -0.532506
vn -0.802843 -0.22613 -0.551642
vn -0.924389 -0.331291 -0.189082
vn -0.925597 -0.329248 -0.186723
vn -0.923492 -0.382604 0.0278796
vn -0.926585 -0.375247 0.0250937
vn -0.79741 -0.455496 0.395804
vn -0.797367 -0.453835 0.397794
vn -0.633788 -0.480491 0.606169
vn -0.424163 -0.494027 0.758962
vn -0.0739645 -0.475361 0.876676
vn -0.07239 -0.476949 0.875945
vn 0.131327 -0.453763 0.881393
vn 0.139094 -0.462605 0.875585
vn 0.486355 -0.403149 0.775196
vn 0.485436 -0.401953 0.776393
vn 0.693924 -0.340933 0.63422
vn 0.693465 -0.340054 0.635192
vn 0.862452 -0.273362 0.42597
vn 0.860358 -0.265928 0.434819
vn 0.984802 -0.160168 0.0671642
vn 0.984489 -0.163778 0.0629079
vn 0.981826 -0.111022 -0.153924
vn 0.981698 -0.113646 -0.152821
vn 0.854086 -0.0428893 -0.51836
vn 0.849048 -0.0521426 -0.525736
vn 0.678137 -0.0142427 -0.734798
vn 0.674822 -0.00562762 -0.737959
vn 0.463982 0.00749468 -0.885813
vn 0.466863 0.00248139 -0.884326
vn 0.122665 -0.00103587 -0.992448
vn 0.125178 0.00347464 -0.992128
vn -0.0932511 -0.0173329 -0.995492
vn -0.0915999 -0.0192454 -0.99561
vn -0.426839 -0.0845193 -0.900369
vn -0.45131 0.0529754 -0.890794
vn -0.106421 0.112955 -0.987885
vn -0.127143 0.331455 -0.934865
vn 0.0915227 0.351235 -0.931803
vn 0.112389 0.136448 -0.984251
vn 0.111447 0.13768 -0.984187
vn 0.458066 0.146404 -0.876779
vn 0.438733 0.368745 -0.819476
vn 0.442362 0.363897 -0.819692
vn 0.0940626 0.356296 -0.929627
vn 0.655351 0.358741 -0.664696
vn 0.625955 0.478802 -0.615572
vn 0.628811 0.475286 -0.615387
vn 0.554736 0.657522 -0.509836
vn 0.705941 0.63483 -0.314067
vn 0.615673 0.749334 -0.243815
vn 0.721112 0.690056 0.0618057
vn 0.577757 0.807957 0.115773
vn 0.565211 0.818038 0.106536
vn 0.311231 0.932639 0.182536
vn 0.312079 0.914109 0.258867
vn 0.578701 0.771558 0.264206
vn 0.566981 0.785687 0.247444
vn 0.726472 0.646099 0.234082
vn 0.630951 0.561882 0.534966
vn 0.71499 0.437254 0.545525
vn 0.562045 0.371036 0.739215
vn 0.647422 0.136607 0.749789
vn 0.443552 0.0839504 0.892308
vn 0.464444 -0.0391281 0.884738
vn 0.101008 -0.0987103 0.989977
vn 0.0858417 0.0289432 0.995888
vn 0.435434 0.0925097 0.895455
vn 0.37526 0.319455 0.870131
vn 0.376848 0.324525 0.867565
vn 0.56081 0.372049 0.739643
vn 0.496772 0.496136 0.712086
vn 0.632163 0.561226 0.534224
vn 0.484405 0.719256 0.498019
vn 0.492213 0.716904 0.493736
vn 0.378327 0.666478 0.642398
vn 0.495564 0.496861 0.712422
vn 0.332516 0.451062 0.828237
vn 0.321739 0.458324 0.828507
vn 0.0360136 0.4029 0.914535
vn 0.0613344 0.268943 0.961201
vn 0.0572132 0.260607 0.963748
vn 0.0900269 0.0240559 0.995649
vn -0.124869 0.0028306 0.992169
vn -0.139871 0.250696 0.957908
vn -0.142035 0.24736 0.958457
vn -0.143846 0.38416 0.911992
vn -0.140302 0.388472 0.910717
vn 0.0338809 0.404633 0.913851
vn -0.00600557 0.593904 0.804513
vn 0.237379 0.641313 0.729636
vn 0.354518 0.675038 0.647025
vn 0.173427 0.844146 0.507287
vn 0.229263 0.873885 0.428677
vn 0.255717 0.875226 0.410595
vn 0.297028 0.913268 0.278776
vn 0.639128 0.715274 0.282662
vn 0.646044 0.70744 0.286628
vn 0.499324 0.816031 0.291151
vn 0.481966 0.82122 0.305461
vn 0.418562 0.758979 0.498755
vn 0.549356 0.640534 0.536586
vn 0.54689 0.645017 0.533727
vn 0.429106 0.59779 0.677137
vn 0.364684 0.680005 0.636081
vn 0.496406 0.733329 0.464553
vn 0.349094 0.839276 0.416833
vn 0.220006 0.793279 0.56772
vn 0.316735 0.763849 0.562329
vn 0.158296 0.889021 0.429633
vn 0.254531 0.9068 0.336046
vn 0.337698 0.862965 0.375835
vn 0.379204 0.873677 0.304785
vn 0.385015 0.872171 0.301797
vn 0.383511 0.90765 0.170561
vn 0.40085 0.905262 0.140782
vn 0.342312 0.938554 0.0440377
vn 0.275317 0.956964 0.0917656
vn 0.159335 0.986891 -0.0256595
vn 0.292468 0.939378 -0.178973
vn 0.18596 0.944252 -0.271675
vn 0.114055 0.9615 -0.25002
vn 0.053606 0.988183 -0.143596
vn 0.0379273 0.98919 -0.141647
vn -0.0835961 0.948077 -0.306857
vn -0.0368348 0.939192 -0.34141
vn -0.138319 0.94258 -0.30399
vn -0.136867 0.943137 -0.302921
vn -0.242646 0.942068 -0.231583
vn -0.195495 0.971282 -0.135621
vn -0.315894 0.948792 -0.00201865
vn -0.214088 0.970021 0.115005
vn -0.318697 0.920876 0.224542
vn -0.407941 0.904122 0.127071
vn -0.411044 0.908029 0.080783
vn -0.335503 0.942034 -0.00308226
vn -0.437678 0.889398 -0.131946
vn -0.31504 0.915003 -0.25203
vn -0.342386 0.879758 -0.329844
vn -0.356001 0.872017 -0.335932
vn -0.49298 0.840414 -0.225112
vn -0.480443 0.847952 -0.223945
vn -0.577488 0.811902 -0.0855655
vn -0.584901 0.806797 -0.0834814
vn -0.703428 0.688742 -0.175568
vn -0.695397 0.697011 -0.174922
vn -0.436546 0.899391 0.0228808
vn -0.419698 0.907568 0.0131876
vn -0.62937 0.763172 -0.146495
vn -0.522109 0.80101 -0.292891
vn -0.604171 0.669123 -0.432726
vn -0.606094 0.667267 -0.432904
vn -0.644333 0.568551 -0.511454
vn -0.457925 0.612878 -0.64396
vn -0.476322 0.400184 -0.782924
vn -0.473506 0.404762 -0.782279
vn -0.692803 0.345839 -0.632787
vn -0.696975 0.337687 -0.632608
vn -0.861404 0.27557 -0.426666
vn -0.855672 0.288713 -0.4295
vn -0.866174 0.160102 -0.473403
vn -0.868353 0.153005 -0.471756
vn -0.842935 -0.0864955 -0.531017
vn -0.967468 -0.196297 -0.159606
vn -0.970733 -0.18745 -0.150136
vn -0.96818 -0.241213 0.0666609
vn -0.966618 -0.246873 0.0685861
vn -0.837724 -0.321446 0.441464
vn -0.837568 -0.32037 0.442541
vn -0.664726 -0.353779 0.658012
vn -0.667609 -0.349346 0.657462
vn -0.44904 -0.359738 0.817894
vn -0.093271 -0.348541 0.932641
vn -0.0979153 -0.357867 0.928625
vn 0.122779 -0.337591 0.933251
vn 0.12358 -0.338598 0.932781
vn 0.484032 -0.274835 0.83077
vn 0.486789 -0.278532 0.827923
vn 0.698472 -0.223661 0.679788
vn 0.706421 -0.203677 0.677853
vn 0.873573 -0.136489 0.467162
vn 0.872227 -0.133126 0.470634
vn 0.994294 -0.0363267 0.100295
vn 0.994036 -0.0398575 0.101511
vn 0.992051 0.0127302 -0.125194
vn 0.971347 0.226994 -0.070421
vn 0.969102 0.235504 -0.0733498
vn 0.838706 0.312237 -0.446184
vn 0.837581 0.305387 -0.452988
vn 0.858272 0.0917229 -0.504931
vn 0.86136 0.0995453 -0.498147
vn 0.688986 0.132175 -0.71262
vn 0.679032 0.112047 -0.725508
vn 0.466453 0.132808 -0.874519
vn 0.666402 0.34142 -0.662828
vn 0.798523 0.448933 -0.401024
vn 0.798352 0.445356 -0.40533
vn 0.931301 0.362302 -0.0376322
vn 0.821187 0.56997 0.0280313
vn 0.814443 0.579763 0.0236209
vn 0.700958 0.639703 -0.315336
vn 0.725243 0.685453 0.0646271
vn 0.727852 0.64513 0.232461
vn 0.821729 0.526841 0.217256
vn 0.817085 0.536247 0.211687
vn 0.93965 0.296653 0.170454
vn 0.821298 0.199353 0.534536
vn 0.853603 0.0707411 0.516099
vn 0.676715 0.000880069 0.736244
vn 0.646173 0.137962 0.750618
vn 0.813665 0.208344 0.542717
vn 0.708859 0.442051 0.549645
vn 0.682356 0.0241204 0.730622
vn 0.461438 -0.0355419 0.88646
vn 0.854694 0.0690134 0.514525
vn 0.972895 0.17348 0.152908
vn 0.934673 0.305997 0.180974
vn -0.124435 -0.134847 0.983022
vn -0.116286 -0.118765 0.986089
vn -0.126356 0.000133426 0.991985
vn -0.474857 -0.00331394 0.880057
vn -0.452315 0.262607 0.852319
vn -0.45834 0.255311 0.851317
vn -0.437923 0.376634 0.816315
vn -0.423194 0.391051 0.817304
vn -0.374334 0.56939 0.731894
vn -0.140128 0.575057 0.806024
vn -0.130918 0.58307 0.801804
vn -0.00851 0.595283 0.803471
vn -0.065721 0.80091 0.595168
vn 0.0821681 0.833867 0.545816
vn 0.26797 0.522907 0.809172
vn 0.26717 0.50637 0.819884
vn 0.441619 0.545648 0.712208
vn 0.164285 0.844445 0.509827
vn 0.115087 0.829817 0.546038
vn 0.192859 0.660994 0.725184
vn 0.316583 0.69977 0.640389
vn 0.249178 0.630488 0.735116
vn 0.0265923 0.608042 0.79346
vn 0.00479749 0.692558 0.721346
vn 0.148675 0.746611 0.648434
vn 0.0479081 0.85859 0.51042
vn 0.132437 0.892859 0.430423
vn 0.052694 0.932334 0.357738
vn 0.130679 0.950251 0.282746
vn 0.257114 0.886321 0.385134
vn 0.362107 0.883272 0.297841
vn 0.365964 0.912751 0.181537
vn 0.273717 0.955393 0.110915
vn 0.13134 0.960377 0.245818
vn 0.0163992 0.991204 0.131322
vn -0.107841 0.959103 0.261708
vn -0.0976732 0.960117 0.261985
vn -0.230909 0.966232 0.11435
vn -0.145558 0.989179 0.0183569
vn -0.261485 0.955026 -0.139827
vn -0.0874566 0.996011 0.0177314
vn -0.196135 0.911441 0.361671
vn -0.229848 0.904314 0.359703
vn -0.317218 0.909524 0.268587
vn -0.399196 0.851456 0.340095
vn -0.497612 0.832369 0.244017
vn -0.560242 0.783761 0.268043
vn -0.562583 0.811488 0.158074
vn -0.499103 0.84233 0.20341
vn -0.571497 0.808388 0.141071
vn -0.498178 0.867014 0.0103028
vn -0.505412 0.862236 -0.0332822
vn -0.423015 0.896647 -0.130705
vn -0.639248 0.759951 0.117629
vn -0.645298 0.754133 0.121963
vn -0.761406 0.644173 0.0728148
vn -0.756088 0.650569 0.0713597
vn -0.477163 0.861796 0.172116
vn -0.477706 0.840283 0.256361
vn -0.70307 0.663699 0.255336
vn -0.705951 0.699955 0.108151
vn -0.855969 0.515469 0.0400994
vn -0.854036 0.469564 0.223901
vn -0.854687 0.467811 0.225085
vn -0.908539 0.361679 0.209154
vn -0.912994 0.407665 0.0158371
vn -0.850771 0.522767 0.0538807
vn -0.746493 0.612118 -0.260884
vn -0.802145 0.500404 -0.325822
vn -0.657295 0.551931 -0.513162
vn -0.804196 0.497465 -0.325264
vn -0.912464 0.408786 0.0174335
vn -0.980267 0.192569 -0.0446427
vn -0.975775 0.138469 0.169379
vn -0.975586 0.141099 0.168297
vn -0.990694 -0.00284516 0.136079
vn -0.994213 0.0523064 -0.0938285
vn -0.981792 0.180496 -0.0592151
vn -0.991168 0.0075638 0.132395
vn -0.864639 -0.0739251 0.496926
vn -0.861786 -0.0666536 0.502874
vn -0.689888 -0.107192 0.715936
vn -0.694381 -0.116635 0.710092
vn -0.472037 -0.136935 0.870879
vn -0.468658 -0.142457 0.871818
vn -0.472728 -9.25227e-06 0.881208
vn -0.691449 0.0188717 0.722178
vn -0.655957 0.252603 0.711275
vn -0.631133 0.282204 0.722518
vn -0.598338 0.388291 0.700872
vn -0.596492 0.389987 0.701504
vn -0.50775 0.587028 0.630546
vn -0.5217 0.579257 0.626331
vn -0.373358 0.568054 0.733429
vn -0.280238 0.781998 0.556727
vn -0.270813 0.785345 0.556682
vn -0.116553 0.787477 0.605223
vn -0.141452 0.474322 0.868913
vn -0.13799 0.480404 0.866124
vn 0.0380004 0.486721 0.87273
vn -0.0383407 0.795805 0.604338
vn -0.115236 0.786964 0.606142
vn 0.0416549 0.498785 0.865724
vn 0.0192574 0.59835 0.801003
vn -0.170387 0.59095 0.788509
vn -0.162041 0.707414 0.687974
vn -0.279024 0.735337 0.617596
vn -0.215205 0.831005 0.51295
vn -0.298072 0.852281 0.429848
vn -0.320566 0.844922 0.428186
vn -0.399237 0.850708 0.341915
vn -0.498878 0.772244 0.393395
vn -0.565849 0.776621 0.276902
vn -0.638404 0.719042 0.274625
vn -0.580603 0.673248 0.457861
vn -0.683452 0.5436 0.487229
vn -0.566081 0.511153 0.646742
vn -0.378112 0.787749 0.486295
vn -0.36451 0.791481 0.490603
vn -0.424532 0.807729 0.409079
vn -0.665558 0.559888 0.493516
vn -0.747358 0.608453 0.266908
vn -0.640543 0.717957 0.272476
vn -0.466288 0.841708 0.27222
vn -0.418828 0.808655 0.413111
vn -0.61509 0.617384 0.49041
vn -0.617301 0.616254 0.489051
vn -0.736919 0.425138 0.525555
vn -0.755266 0.409158 0.512019
vn -0.804991 0.287023 0.519237
vn -0.802196 0.290346 0.521709
vn -0.855277 0.0592331 0.514774
vn -0.852447 0.0643943 0.518833
vn -0.910178 0.355676 0.212297
vn -0.698354 0.671805 0.24694
vn -0.560071 0.51758 0.646863
vn -0.383352 0.488851 0.783624
vn -0.386249 0.484959 0.784619
vn -0.341139 0.640852 0.687702
vn -0.3563 0.629864 0.690161
vn -0.128788 0.62875 0.766869
vn -0.326021 0.711503 0.622473
vn -0.425527 0.730818 0.533697
vn -0.41452 0.73623 0.534919
vn -0.504809 0.748467 0.430074
vn -0.5792 0.673953 0.458601
vn -0.486063 0.648906 0.585375
vn -0.475321 0.655224 0.587155
vn -0.210263 0.832263 0.51296
vn -0.132938 0.894383 0.42709
vn -0.0816969 0.899923 0.428327
vn -0.0132121 0.93355 0.358205
vn -0.00686719 0.86203 0.506811
vn -0.111145 0.771551 0.626383
vn -0.081689 0.734418 0.673763
vn -0.132199 0.728833 0.671808
vn -0.109253 0.771714 0.626515
vn -0.738809 0.620456 -0.263051
vn -0.61933 0.770651 -0.150088
vn -0.700003 0.706703 0.102792
vn -0.475091 0.861705 0.178192
vn 0.163083 0.986271 -0.0259564
vn 0.199171 0.728506 0.655446
vn 0.215873 0.961426 -0.170464
vn 0.356333 0.934176 -0.0184799
vn -0.67035 -0.0109665 -0.741964
vn -0.637655 -0.147841 -0.756002
vn -0.805696 -0.223035 -0.548735
vn -0.639829 -0.145611 -0.754597
vn -0.0932388 0.972815 0.211983
vn -0.0161834 0.955998 0.292928
vn -0.0918481 0.924757 0.369309
vn -0.017818 0.894689 0.446334
vn -0.0390773 0.884449 0.464998
vn 0.00325482 0.850775 0.52552
vn -0.209082 0.830471 0.516335
vn -0.194385 0.854994 0.480833
vn -0.262135 0.850952 0.455154
vn -0.337859 0.826058 0.451087
vn -0.208717 0.884331 0.417608
vn -0.159373 0.872153 0.462546
vn -0.199729 0.823924 0.530336
vn -0.158019 0.917014 0.366217
vn -0.159403 0.930577 0.329571
vn -0.0589521 0.972627 0.22477
vn -0.0988188 0.978242 0.182419
vn -0.150283 0.971889 0.181235
vn -0.252559 0.965386 0.0651399
vn -0.199255 0.979928 0.00629214
vn -0.0983179 0.986919 0.127766
vn -0.0136586 0.99955 0.0266949
vn 0.0402387 0.998918 0.02333
vn 0.0414094 0.996718 0.0695528
vn 0.105231 0.984762 0.138457
vn 0.103923 0.979348 0.173428
vn -0.0200827 0.956332 0.291593
vn 0.0527507 0.930599 0.362218
vn 0.0492816 0.907477 0.4172
vn 0.0158068 0.894185 0.447418
vn 0.0379617 0.879719 0.473976
vn 0.00546929 0.867978 0.496573
vn 0.159961 0.857353 0.489243
vn 0.14676 0.866045 0.477942
vn 0.0262937 0.833802 0.551436
vn -0.00273837 0.85278 0.522263
vn -0.00292809 0.852081 0.523402
vn -0.143237 0.843648 0.517437
vn -0.110011 0.965457 0.2362
vn -0.110869 0.96549 0.235663
vn -0.116092 0.963833 0.239892
vn -0.353552 0.862649 0.361716
vn -0.349194 0.859976 0.372163
vn -0.406332 0.864839 0.29487
vn -0.416387 0.901995 0.114131
vn -0.162083 0.961035 0.223921
vn -0.193938 0.951117 0.240343
vn -0.140454 0.95299 0.268484
vn -0.151313 0.959821 0.236321
vn 0.180191 0.982768 0.0412029
vn 0.126228 0.991416 -0.0340562
vn 0.356845 0.885166 -0.298568
vn 0.232436 0.890541 -0.391039
vn 0.315932 0.756154 -0.573078
vn 0.0293484 0.744414 -0.667073
vn 0.034926 0.750501 -0.659946
vn 0.0552063 0.659668 -0.749526
vn -0.152726 0.64066 -0.752482
vn -0.139747 0.656401 -0.741356
vn -0.13381 0.456127 -0.879797
vn -0.476634 0.400514 -0.782565
vn -0.472993 0.406657 -0.781606
vn -0.469716 0.268237 -0.84108
vn -0.697311 0.210066 -0.685296
vn -0.693113 0.220724 -0.686203
vn -0.666479 -0.0153419 -0.745366
vn -0.841197 -0.0901547 -0.53316
vn -0.86819 0.151938 -0.472399
vn -0.99418 0.0524734 -0.0940869
vn -0.969106 -0.194335 -0.151883
vn -0.967128 -0.246277 0.0633349
vn -0.964337 -0.256123 0.0667472
vn -0.923632 -0.382196 0.0287979
vn -0.925944 -0.328573 -0.186192
vn -0.966051 -0.202381 -0.160585
vn -0.924907 -0.330335 -0.188218
vn -0.802454 -0.224321 -0.552944
vn -0.807608 -0.218672 -0.547679
vn -0.641315 -0.142531 -0.753923
vn -0.67278 -0.00755004 -0.739804
vn -0.447214 0.0559631 -0.892674
vn -0.444704 0.0530676 -0.894104
vn -0.419582 -0.0841048 -0.903813
vn -0.637198 -0.146771 -0.756596
vn -0.424244 -0.0792979 -0.902069
vn -0.0917119 -0.012875 -0.995702
vn -0.106531 0.115461 -0.987583
vn -0.104331 0.11279 -0.988126
vn -0.124435 0.327888 -0.936486
vn -0.130729 0.452536 -0.882112
vn 0.0781701 0.473624 -0.877251
vn 0.0457387 0.667504 -0.7432
vn 0.355879 0.676765 -0.644468
vn 0.325398 0.750258 -0.575525
vn 0.504915 0.740126 -0.444155
vn 0.388258 0.871983 -0.298162
vn 0.506262 0.850696 -0.141474
vn 0.200517 0.978389 0.0504738
vn 0.255191 0.946058 0.199629
vn 0.577977 0.809407 0.103941
vn 0.495953 0.856142 -0.145088
vn 0.645301 0.720791 -0.253074
vn 0.499427 0.743768 -0.444277
vn 0.550884 0.658696 -0.512491
vn 0.364171 0.669781 -0.647127
vn 0.414288 0.497185 -0.762347
vn 0.0700583 0.481993 -0.87337
vn 0.0889397 0.348705 -0.933003
vn 0.0905172 0.346783 -0.933568
vn 0.110452 0.139084 -0.984102
vn 0.113825 0.134659 -0.984333
vn 0.123784 0.0032666 -0.992304
vn 0.459482 0.00625488 -0.888165
vn 0.45767 0.142437 -0.877639
vn 0.456429 0.144424 -0.87796
vn 0.435034 0.364949 -0.823139
vn 0.441338 0.35651 -0.823481
vn 0.417304 0.493824 -0.762886
vn 0.628004 0.4771 -0.614806
vn 0.557172 0.653151 -0.512789
vn 0.712972 0.629643 -0.308579
vn 0.643725 0.722015 -0.2536
vn 0.747084 0.662583 0.0533889
vn 0.591856 0.797847 0.114656
vn 0.592947 0.760986 0.263278
vn 0.252428 0.933707 0.253911
vn 0.207474 0.895991 0.392625
vn 0.508898 0.699443 0.501798
vn 0.395789 0.649668 0.649063
vn 0.514334 0.470919 0.716725
vn 0.646807 0.533598 0.544898
vn 0.64993 0.5319 0.542838
vn 0.714471 0.433834 0.548925
vn 0.563222 0.368383 0.739645
vn 0.647332 0.135641 0.750042
vn 0.440507 0.0827015 0.893932
vn 0.463581 -0.0516671 0.884547
vn 0.10617 -0.110432 0.988197
vn 0.127101 -0.337382 0.932748
vn -0.0968428 -0.358834 0.928364
vn -0.122943 -0.134735 0.983225
vn -0.116147 -0.121538 0.985768
vn 0.0988101 -0.101309 0.989936
vn 0.082896 0.0303324 0.996096
vn 0.429681 0.0942323 0.89805
vn 0.370258 0.315348 0.873765
vn 0.369135 0.31168 0.875554
vn 0.567719 0.364739 0.738012
vn 0.332397 0.419456 0.84473
vn 0.330318 0.420841 0.844857
vn 0.0418581 0.367535 0.929067
vn -0.000722883 0.57799 0.816043
vn 0.239845 0.623682 0.743972
vn 0.365088 0.660754 0.655831
vn 0.129005 0.872995 0.470359
vn 0.167692 0.89462 0.414168
vn -0.146401 0.956824 0.251107
vn -0.125686 0.967995 0.21723
vn -0.121101 0.967728 0.22099
vn -0.309818 0.947353 -0.0808441
vn -0.160852 0.976237 -0.14522
vn -0.111213 0.969657 0.21771
vn -0.0875768 0.983301 0.159527
vn -0.0739104 0.978744 0.191303
vn 0.0407302 0.984701 -0.169428
vn 0.164369 0.983193 -0.0794636
vn 0.168623 0.982084 -0.0841291
vn 0.244974 0.969299 0.0211504
vn 0.010133 0.985587 0.168863
vn 0.0294226 0.973158 0.228248
vn 0.307302 0.937449 0.163569
vn 0.261182 0.964972 0.0247483
vn 0.25963 0.965289 0.0284604
vn 0.182446 0.979804 -0.0818414
vn -0.0936444 0.972016 0.215441
vn -0.0537372 0.977018 0.206274
vn -0.052203 0.977626 0.203772
vn -0.0465005 0.973266 0.224926
vn 0.299307 0.941805 0.153033
vn 0.291268 0.901394 0.320392
vn 0.0331663 0.957668 0.285958
vn -0.00261362 0.924849 0.380326
vn 0.0606007 0.932537 0.355953
vn 0.0679873 0.930112 0.360929
vn 0.173273 0.953581 0.246292
vn 0.0203734 0.968025 0.250023
vn 0.0271556 0.918082 0.39546
vn 0.182162 0.866945 0.463922
vn 0.230958 0.863206 0.448925
vn 0.244217 0.843705 0.478037
vn -0.0764607 0.959578 0.270859
vn -0.055181 0.961412 0.269521
vn -0.401188 0.914037 0.0598666
vn -0.337023 0.941133 -0.0261415
vn -0.54324 0.782569 -0.304098
vn -0.391286 0.821023 -0.415712
vn -0.434985 0.697118 -0.569925
vn -0.151548 0.738167 -0.657376
vn -0.15718 0.733159 -0.661644
vn -0.150798 0.864364 -0.479723
vn -0.378889 0.828805 -0.411735
vn -0.255387 0.963315 -0.082469
vn -0.339484 0.940254 -0.0259469
vn -0.0793741 0.963178 0.256881
vn -0.0985689 0.958062 0.269076
vn -0.0691749 0.955403 0.287089
vn -0.0466438 0.969953 0.23878
vn -0.0962661 0.986417 -0.133096
vn -0.261827 0.96145 -0.0840317
vn -0.127386 0.986612 -0.101834
vn -0.0603968 0.993255 -0.0989803
vn -0.0622505 0.993235 -0.0980292
vn 0.0114695 0.874198 -0.485435
vn -0.162821 0.857166 -0.488626
vn -0.0136011 0.882703 -0.469735
vn 0.227543 0.892395 -0.389687
vn 0.0703121 0.996451 -0.046286
vn 0.0729615 0.996511 -0.040524
vn -0.440039 0.692472 -0.571707
vn -0.455422 0.610609 -0.647879
vn -0.461413 0.60334 -0.650445
vn -0.650238 0.559143 -0.514344
vn -0.659725 0.546948 -0.515374
vn -0.694124 0.34556 -0.631491
vn -0.695159 0.343546 -0.631451
vn -0.862348 0.279148 -0.422412
vn -0.858053 0.289224 -0.424375
vn -0.981843 0.180357 -0.0587916
vn -0.994232 0.0535159 -0.0929403
vn -0.990977 -0.00240993 0.134011
vn -0.991435 0.00775019 0.13037
vn -0.863838 -0.0776032 0.497756
vn -0.8368 -0.323892 0.441429
vn -0.66369 -0.358474 0.656515
vn -0.665814 -0.355243 0.65612
vn -0.633408 -0.479795 0.607117
vn -0.799071 -0.453604 0.394625
vn -0.837506 -0.329167 0.436156
vn -0.927056 -0.374039 0.0257238
vn -0.630909 -0.482811 0.607328
vn -0.418508 -0.496391 0.760557
vn -0.420072 -0.494686 0.760806
vn -0.0758848 -0.475964 0.876185
vn 0.132182 -0.452677 0.881823
vn 0.142688 -0.464649 0.873923
vn 0.485932 -0.40615 0.773894
vn 0.478346 -0.396055 0.783789
vn 0.694469 -0.334224 0.637187
vn 0.696353 -0.337806 0.633229
vn 0.863239 -0.270839 0.425987
vn 0.862525 -0.268248 0.429062
vn 0.98451 -0.162355 0.0661887
vn 0.984409 -0.163513 0.0648231
vn 0.981951 -0.110237 -0.153688
vn 0.98182 -0.112962 -0.152545
vn 0.852643 -0.0442407 -0.520617
vn 0.85179 -0.0458446 -0.521873
vn 0.675606 -0.00711934 -0.737229
vn 0.680019 0.123271 -0.722757
vn 0.683311 0.129884 -0.718482
vn 0.860341 0.0955208 -0.500688
vn 0.861416 0.0983099 -0.498295
vn 0.992128 0.018919 -0.12379
vn 0.972138 0.223267 -0.0714131
vn 0.969223 0.234396 -0.0752708
vn 0.839494 0.310788 -0.445714
vn 0.839275 0.309403 -0.447087
vn 0.661406 0.345686 -0.665615
vn 0.656372 0.353559 -0.666462
vn 0.625633 0.480017 -0.614952
vn 0.798845 0.44926 -0.400015
vn 0.798713 0.445711 -0.404226
vn 0.931623 0.361355 -0.0387422
vn 0.821105 0.570122 0.0273416
vn 0.812576 0.582457 0.0215396
vn 0.699435 0.642994 -0.312007
vn 0.746127 0.663719 0.0526502
vn 0.749392 0.621185 0.229215
vn 0.580923 0.776061 0.245473
vn 0.494656 0.703778 0.509914
vn 0.817826 0.532625 0.21788
vn 0.711314 0.436279 0.551083
vn 0.814489 0.207343 0.541864
vn 0.646462 0.136586 0.750621
vn 0.674329 0.0153776 0.738271
vn 0.457674 -0.0445693 0.888002
vn 0.480069 -0.270241 0.834568
vn 0.124579 -0.334237 0.934219
vn 0.485134 -0.277048 0.829391
vn 0.706284 -0.21841 0.673394
vn 0.697801 -0.203758 0.6867
vn 0.873891 -0.133175 0.467525
vn 0.872396 -0.129465 0.471343
vn 0.994375 -0.0305792 0.101404
vn 0.994158 -0.0337769 0.102517
vn 0.973876 0.169309 0.151327
vn 0.973056 0.1717 0.153889
vn 0.854119 0.0676754 0.515656
vn 0.820284 0.200439 0.535684
vn 0.939209 0.296772 0.172661
vn 0.934946 0.304766 0.181643
vn 0.821807 0.52857 0.212716
vn 0.686631 -0.000786402 0.727005
vn -0.094781 -0.354727 0.930153
vn -0.443456 -0.366219 0.818065
vn -0.465476 -0.143013 0.87343
vn -0.469692 -0.136111 0.872275
vn -0.693875 -0.117019 0.710524
vn -0.690808 0.0188554 0.722792
vn -0.692402 0.016155 0.721331
vn -0.470976 -0.00268499 0.882142
vn -0.469518 -0.000338687 0.882923
vn -0.126306 0.00224148 0.991989
vn -0.1283 -0.00134767 0.991734
vn 0.092011 0.0197569 0.995562
vn 0.0581334 0.256281 0.964853
vn 0.0618448 0.263585 0.962652
vn 0.0427732 0.368961 0.92846
vn -0.142392 0.352537 0.924901
vn -0.143609 0.556591 0.818281
vn -0.153127 0.548221 0.822196
vn 0.0193018 0.566924 0.823544
vn -0.0584437 0.845898 0.530133
vn 0.0686768 0.873 0.48286
vn 0.0697981 0.874275 0.480387
vn -0.0781756 0.849875 0.521153
vn -0.131091 0.825669 0.548714
vn -0.252078 0.822747 0.509455
vn -0.102038 0.972542 0.209165
vn -0.247057 0.824643 0.508848
vn -0.375643 0.542041 0.75172
vn -0.53895 0.55414 0.634399
vn -0.329334 0.829945 0.450256
vn -0.336789 0.849688 0.405714
vn -0.365987 0.844945 0.390028
vn -0.411995 0.875661 0.251949
vn -0.712597 0.654151 0.253558
vn -0.630086 0.596452 0.497229
vn -0.749518 0.394006 0.53196
vn -0.610726 0.356603 0.707
vn -0.636043 0.269796 0.722952
vn -0.451141 0.247388 0.85748
vn -0.454773 0.24289 0.856847
vn -0.141975 0.241289 0.960012
vn -0.143543 0.351196 0.925233
vn -0.427675 0.358503 0.829801
vn -0.380659 0.548669 0.744353
vn -0.43931 0.347137 0.828555
vn -0.605781 0.361077 0.70898
vn -0.517793 0.566889 0.640724
vn -0.626833 0.598117 0.499336
vn -0.658391 0.243307 0.712266
vn -0.807066 0.277055 0.521425
vn -0.768461 0.377392 0.516762
vn -0.871465 0.438966 0.218763
vn -0.911732 0.355515 0.205799
vn -0.915716 0.401393 0.0186419
vn -0.868188 0.493815 0.0489449
vn -0.872619 0.487102 0.0356147
vn -0.869987 0.443435 0.215609
vn -0.722041 0.64852 0.240994
vn -0.723243 0.682349 0.10639
vn -0.715704 0.691329 0.0991555
vn -0.636397 0.754642 -0.159732
vn -0.366969 0.929123 0.0454367
vn -0.420656 0.885847 0.195764
vn -0.411946 0.885544 0.21474
vn -0.0598697 0.957229 0.28307
vn -0.0657602 0.958402 0.277742
vn -0.0631152 0.974075 0.217244
vn 0.290669 0.902397 0.318106
vn -0.529726 0.791713 -0.304272
vn -0.614227 0.647435 -0.451169
vn -0.62048 0.64129 -0.451389
vn -0.755266 0.59384 -0.277356
vn -0.763184 0.584871 -0.274728
vn -0.805881 0.493517 -0.327104
vn -0.81022 0.487156 -0.325919
vn -0.91724 0.398096 0.0138142
vn -0.980532 0.190871 -0.0460984
vn -0.975839 0.135605 0.171318
vn -0.975071 0.14606 0.167042
vn -0.850629 0.0702097 0.521058
vn -0.861156 -0.070746 0.503394
vn -0.690217 -0.109418 0.715282
vn -0.856304 0.0597534 0.513005
vn -0.808056 0.275859 0.520526
vn -0.914896 0.343398 0.212233
vn 0.0482533 0.981813 0.183614
vn -0.0828505 0.996487 0.0122131
vn -0.0336634 0.996169 -0.0807097
vn -0.0169759 0.999199 -0.0362435
vn 0.261302 0.942259 -0.209447
vn 0.134064 0.985618 0.102881
vn -0.110208 0.987411 0.113458
vn -0.282361 0.959172 -0.0161751
vn -0.158017 0.967654 -0.196665
vn -0.150844 0.979184 -0.135809
vn 0.0145908 0.990642 -0.135705
vn -0.242688 0.969886 -0.0205919
vn -0.306887 0.94956 -0.0644617
vn -0.414409 0.903019 0.113237
vn -0.325867 0.932258 0.157182
vn -0.322499 0.906307 0.273133
vn -0.32546 0.904745 0.274795
vn -0.288333 0.902747 0.319236
vn -0.284919 0.857637 0.428112
vn -0.223613 0.93986 0.258187
vn -0.319837 0.934548 0.155962
vn -0.239509 0.968723 0.0648911
vn -0.254037 0.965973 0.0485977
vn -0.327494 0.931642 0.157451
vn -0.328958 0.931326 0.156264
vn -0.195081 0.980187 -0.0343004
vn -0.0738845 0.996657 -0.0348767
vn -0.00517761 0.987094 -0.160059
vn 0.131744 0.986949 -0.092602
vn 0.240367 0.942688 0.231435
vn 0.124566 0.00466193 -0.9922
vn -0.0892367 -0.0157478 -0.995886
vn -0.969223 0.234396 -0.0752708
vn -0.931623 0.361355 -0.0387422
vn -0.821105 0.570122 0.0273416
vn -0.821831 0.528657 0.212405
vn -0.939382 0.296441 0.17229
vn -0.820773 0.198904 0.535508
vn -0.854119 0.0676754 0.515656
vn -0.973056 0.1717 0.153889
vn -0.934946 0.304766 0.181643
vn -0.973876 0.169309 0.151327
vn -0.994158 -0.0337769 0.102517
vn -0.992128 0.018919 -0.12379
vn -0.861416 0.0983099 -0.498295
vn -0.838954 0.310936 -0.446625
vn -0.798806 0.448128 -0.401361
vn -0.798713 0.445711 -0.404226
vn -0.699435 0.642994 -0.312007
vn -0.812576 0.582457 0.0215396
vn -0.746127 0.663719 0.0526502
vn -0.749392 0.621185 0.229215
vn -0.580923 0.776061 0.245473
vn -0.494656 0.703778 0.509914
vn -0.646807 0.533598 0.544898
vn -0.514334 0.470919 0.716725
vn -0.395789 0.649668 0.649063
vn -0.365088 0.660754 0.655831
vn -0.239845 0.623682 0.743972
vn -0.0686768 0.873 0.48286
vn 0.0584437 0.845898 0.530133
vn -0.0192899 0.566975 0.823509
vn 0.153141 0.547802 0.822473
vn 0.131091 0.825669 0.548714
vn 0.252078 0.822747 0.509455
vn 0.102038 0.972542 0.209165
vn 0.0936444 0.972016 0.215441
vn 0.0537372 0.977018 0.206274
vn 0.336789 0.849688 0.405714
vn 0.329334 0.829945 0.450256
vn 0.247057 0.824643 0.508848
vn 0.375643 0.542041 0.75172
vn 0.53895 0.55414 0.634399
vn 0.517793 0.566889 0.640724
vn 0.626833 0.598117 0.499336
vn 0.365987 0.844945 0.390028
vn 0.411995 0.875661 0.251949
vn 0.712597 0.654151 0.253558
vn 0.630086 0.596452 0.497229
vn 0.749518 0.394006 0.53196
vn 0.610726 0.356603 0.707
vn 0.605781 0.361077 0.70898
vn 0.43931 0.347137 0.828555
vn 0.425248 0.360849 0.830032
vn 0.37945 0.547072 0.746143
vn 0.145342 0.554692 0.819263
vn 0.144493 0.352702 0.924512
vn -0.0427965 0.368837 0.928508
vn -0.0419774 0.367564 0.929051
vn 0.000724927 0.57799 0.816044
vn -0.330318 0.420841 0.844857
vn -0.332397 0.419456 0.84473
vn -0.369135 0.31168 0.875554
vn -0.567719 0.364739 0.738012
vn -0.563222 0.368383 0.739645
vn -0.647332 0.135641 0.750042
vn -0.440507 0.0827015 0.893932
vn -0.463581 -0.0516671 0.884547
vn -0.10617 -0.110432 0.988197
vn -0.127101 -0.337382 0.932748
vn 0.0968428 -0.358834 0.928364
vn 0.122943 -0.134735 0.983225
vn 0.465476 -0.143013 0.87343
vn 0.443456 -0.366219 0.818065
vn 0.094781 -0.354727 0.930153
vn 0.0758848 -0.475964 0.876185
vn 0.420072 -0.494686 0.760806
vn 0.418508 -0.496391 0.760557
vn 0.630909 -0.482811 0.607328
vn 0.633408 -0.479795 0.607117
vn 0.799071 -0.453604 0.394625
vn 0.927056 -0.374039 0.0257238
vn 0.923632 -0.382196 0.0287979
vn 0.925944 -0.328573 -0.186192
vn 0.966051 -0.202381 -0.160585
vn 0.841197 -0.0901547 -0.53316
vn 0.802454 -0.224321 -0.552944
vn 0.924907 -0.330335 -0.188218
vn 0.807608 -0.218672 -0.547679
vn 0.641315 -0.142531 -0.753923
vn 0.67278 -0.00755004 -0.739804
vn 0.447214 0.0559631 -0.892674
vn 0.469716 0.268237 -0.84108
vn 0.472993 0.406657 -0.781606
vn 0.476634 0.400514 -0.782565
vn 0.13381 0.456127 -0.879797
vn 0.139747 0.656401 -0.741356
vn 0.152726 0.64066 -0.752482
vn -0.0552063 0.659668 -0.749526
vn -0.034926 0.750501 -0.659946
vn -0.0293484 0.744414 -0.667073
vn -0.315932 0.756154 -0.573078
vn -0.232436 0.890541 -0.391039
vn -0.356845 0.885166 -0.298568
vn -0.126228 0.991416 -0.0340562
vn -0.180191 0.982768 0.0412029
vn 0.151313 0.959821 0.236321
vn 0.140454 0.95299 0.268484
vn 0.193938 0.951117 0.240343
vn 0.162083 0.961035 0.223921
vn 0.416387 0.901995 0.114131
vn 0.414409 0.903019 0.113237
vn 0.306887 0.94956 -0.0644617
vn 0.23271 0.972447 -0.0138567
vn 0.303956 0.952527 0.0174243
vn 0.158017 0.967654 -0.196665
vn 0.150844 0.979184 -0.135809
vn 0.026754 0.990336 -0.136082
vn 0.0169198 0.978602 -0.205066
vn -0.162245 0.986022 0.037898
vn -0.0154603 0.999874 -0.00351564
vn -0.06138 0.993583 -0.0949985
vn 0.0533261 0.980168 -0.190858
vn 0.0192431 0.99817 0.0573318
vn -0.102658 0.973535 0.204184
vn -0.103923 0.979348 0.173428
vn -0.172011 0.954149 0.244972
vn -0.0763227 0.934694 0.347163
vn 0.00166417 0.961569 0.274558
vn 0.0341595 0.961009 0.274399
vn 0.0343985 0.948229 0.315718
vn -0.0836312 0.896668 0.434733
vn 0.0248197 0.901209 0.432674
vn 0.0615239 0.88314 0.465057
vn 0.0101076 0.84308 0.537693
vn -0.0248217 0.867791 0.496309
vn -0.0189838 0.910177 0.413783
vn -0.0764073 0.933123 0.351346
vn 0.000328261 0.924384 0.381463
vn -0.0347112 0.957534 0.286223
vn -0.291268 0.901394 0.320392
vn -0.299307 0.941805 0.153033
vn -0.307302 0.937449 0.163569
vn -0.0294226 0.973158 0.228248
vn -0.010133 0.985587 0.168863
vn -0.244974 0.969299 0.0211504
vn -0.168623 0.982084 -0.0841291
vn 0.117256 0.990009 -0.0783168
vn 0.0142324 0.999887 0.00480149
vn -0.0459486 0.991933 -0.118143
vn 0.0195635 0.989551 -0.142851
vn 0.0711721 0.977692 0.197617
vn 0.079542 0.977594 0.194894
vn -0.0843239 0.986803 -0.13824
vn -0.164369 0.983193 -0.0794636
vn -0.182446 0.979804 -0.0818414
vn -0.25963 0.965289 0.0284604
vn 0.052203 0.977626 0.203772
vn 0.0465005 0.973266 0.224926
vn 0.0631152 0.974075 0.217244
vn 0.0657602 0.958402 0.277742
vn -0.290669 0.902397 0.318106
vn -0.230958 0.863206 0.448925
vn -0.182162 0.866945 0.463922
vn -0.159961 0.857353 0.489243
vn -0.14676 0.866045 0.477942
vn -0.244217 0.843705 0.478037
vn 0.0764607 0.959578 0.270859
vn 0.0793741 0.963178 0.256881
vn 0.339484 0.940254 -0.0259469
vn 0.255387 0.963315 -0.082469
vn 0.378889 0.828805 -0.411735
vn 0.150798 0.864364 -0.479723
vn 0.15718 0.733159 -0.661644
vn 0.151548 0.738167 -0.657376
vn 0.434985 0.697118 -0.569925
vn 0.391286 0.821023 -0.415712
vn 0.54324 0.782569 -0.304098
vn 0.337023 0.941133 -0.0261415
vn 0.401188 0.914037 0.0598666
vn 0.055181 0.961412 0.269521
vn 0.0598697 0.957229 0.28307
vn 0.411946 0.885544 0.21474
vn 0.420656 0.885847 0.195764
vn 0.715704 0.691329 0.0991555
vn 0.636397 0.754642 -0.159732
vn 0.366969 0.929123 0.0454367
vn 0.755266 0.59384 -0.277356
vn 0.62048 0.64129 -0.451389
vn 0.650238 0.559143 -0.514344
vn 0.461413 0.60334 -0.650445
vn 0.455422 0.610609 -0.647879
vn 0.440039 0.692472 -0.571707
vn 0.614227 0.647435 -0.451169
vn 0.529726 0.791713 -0.304272
vn 0.659725 0.546948 -0.515374
vn 0.694124 0.34556 -0.631491
vn 0.695159 0.343546 -0.631451
vn 0.697311 0.210066 -0.685296
vn 0.693113 0.220724 -0.686203
vn 0.666479 -0.0153419 -0.745366
vn 0.86819 0.151938 -0.472399
vn 0.858053 0.289224 -0.424375
vn 0.862348 0.279148 -0.422412
vn 0.81022 0.487156 -0.325919
vn 0.805881 0.493517 -0.327104
vn 0.763184 0.584871 -0.274728
vn 0.868188 0.493815 0.0489449
vn 0.872619 0.487102 0.0356147
vn 0.723243 0.682349 0.10639
vn 0.722041 0.64852 0.240994
vn 0.869987 0.443435 0.215609
vn 0.871465 0.438966 0.218763
vn 0.911732 0.355515 0.205799
vn 0.915716 0.401393 0.0186419
vn 0.91724 0.398096 0.0138142
vn 0.980532 0.190871 -0.0460984
vn 0.975839 0.135605 0.171318
vn 0.914896 0.343398 0.212233
vn 0.808056 0.275859 0.520526
vn 0.807066 0.277055 0.521425
vn 0.768461 0.377392 0.516762
vn 0.658391 0.243307 0.712266
vn 0.636043 0.269796 0.722952
vn 0.451141 0.247388 0.85748
vn 0.454773 0.24289 0.856847
vn 0.141975 0.241289 0.960012
vn -0.0581334 0.256281 0.964853
vn -0.0618448 0.263585 0.962652
vn -0.370258 0.315348 0.873765
vn -0.429681 0.0942323 0.89805
vn -0.082896 0.0303324 0.996096
vn -0.0988101 -0.101309 0.989936
vn 0.116147 -0.121538 0.985768
vn 0.126306 0.00224148 0.991989
vn 0.469518 -0.000338687 0.882923
vn 0.470976 -0.00268499 0.882142
vn 0.692402 0.016155 0.721331
vn 0.690808 0.0188554 0.722792
vn 0.856304 0.0597534 0.513005
vn 0.850629 0.0702097 0.521058
vn 0.975071 0.14606 0.167042
vn 0.990977 -0.00240993 0.134011
vn 0.994232 0.0535159 -0.0929403
vn 0.981843 0.180357 -0.0587916
vn 0.99418 0.0524734 -0.0940869
vn 0.969106 -0.194335 -0.151883
vn 0.967128 -0.246277 0.0633349
vn 0.991435 0.00775019 0.13037
vn 0.863838 -0.0776032 0.497756
vn 0.861156 -0.070746 0.503394
vn 0.690217 -0.109418 0.715282
vn 0.693875 -0.117019 0.710524
vn 0.469692 -0.136111 0.872275
vn 0.66369 -0.358474 0.656515
vn 0.8368 -0.323892 0.441429
vn 0.837506 -0.329167 0.436156
vn 0.964337 -0.256123 0.0667472
vn 0.665814 -0.355243 0.65612
vn 0.1283 -0.00134767 0.991734
vn -0.092011 0.0197569 0.995562
vn 0.143564 0.353782 0.924244
vn 0.162821 0.857166 -0.488626
vn -0.0114695 0.874198 -0.485435
vn 0.0626908 0.993455 -0.0954815
vn -0.0691446 0.996645 -0.0437957
vn -0.227543 0.892395 -0.389687
vn 0.0136011 0.882703 -0.469735
vn -0.0705035 0.996676 -0.040819
vn 0.117709 0.964372 0.236922
vn 0.115418 0.963871 0.240066
vn 0.353552 0.862649 0.361716
vn 0.349194 0.859976 0.372163
vn 0.322499 0.906307 0.273133
vn 0.325301 0.932439 0.157279
vn 0.230503 0.972571 0.0311972
vn 0.244315 0.969359 0.0255592
vn 0.178598 0.982812 -0.0467285
vn 0.102253 0.988295 0.113217
vn -0.134064 0.985618 0.102881
vn 0.00517761 0.987094 -0.160059
vn 0.0661309 0.996598 -0.049179
vn 0.00284733 0.999902 0.0137023
vn 0.129048 0.97846 0.161132
vn 0.0642909 0.970962 0.230433
vn 0.0822683 0.971168 0.22375
vn -0.0738621 0.995566 0.0582501
vn -0.0279345 0.99954 0.0117882
vn -0.107684 0.988654 -0.104723
vn 0.159403 0.930577 0.329571
vn 0.223613 0.93986 0.258187
vn 0.288333 0.902747 0.319236
vn 0.32546 0.904745 0.274795
vn 0.329033 0.933021 0.14563
vn 0.284919 0.857637 0.428112
vn 0.262278 0.850924 0.455126
vn 0.249625 0.853131 0.458098
vn 0.158019 0.917014 0.366217
vn 0.0866991 0.925185 0.36948
vn 0.254414 0.853018 0.455669
vn 0.157479 0.844978 0.511089
vn -0.00200208 0.856525 0.516102
vn -0.0330974 0.836084 0.547602
vn 0.0597067 0.956259 0.286363
vn 0.053261 0.960525 0.273047
vn 0.104862 0.98619 -0.128194
vn 0.257127 0.962816 -0.0828912
vn 0.0934764 0.959471 0.265852
vn 0.127774 0.986212 -0.105163
vn 0.0503004 0.993527 -0.101854
vn 0.0973571 0.968305 0.230017
vn 0.105162 0.968137 0.227271
vn 0.13283 0.953977 0.268856
vn 0.130654 0.978348 0.160514
vn 0.406332 0.864839 0.29487
vn -0.261182 0.964972 0.0247483
vn 0.0875768 0.983301 0.159527
vn 0.0781756 0.849875 0.521153
vn 0.111213 0.969657 0.21771
vn 0.160852 0.976237 -0.14522
vn 0.309818 0.947353 -0.0808441
vn 0.121101 0.967728 0.22099
vn 0.125686 0.967995 0.21723
vn 0.146401 0.956824 0.251107
vn -0.167692 0.89462 0.414168
vn -0.129005 0.872995 0.470359
vn -0.0697981 0.874275 0.480387
vn -0.207474 0.895991 0.392625
vn -0.508898 0.699443 0.501798
vn -0.252428 0.933707 0.253911
vn -0.592947 0.760986 0.263278
vn -0.591856 0.797847 0.114656
vn -0.577977 0.809407 0.103941
vn -0.255191 0.946058 0.199629
vn -0.240367 0.942688 0.231435
vn -0.200517 0.978389 0.0504738
vn -0.506262 0.850696 -0.141474
vn -0.388258 0.871983 -0.298162
vn -0.504915 0.740126 -0.444155
vn -0.325398 0.750258 -0.575525
vn -0.355879 0.676765 -0.644468
vn -0.0457387 0.667504 -0.7432
vn -0.0781701 0.473624 -0.877251
vn 0.130729 0.452536 -0.882112
vn 0.124435 0.327888 -0.936486
vn 0.104331 0.11279 -0.988126
vn 0.444704 0.0530676 -0.894104
vn 0.419582 -0.0841048 -0.903813
vn 0.637198 -0.146771 -0.756596
vn 0.424244 -0.0792979 -0.902069
vn 0.0917119 -0.012875 -0.995702
vn 0.106531 0.115461 -0.987583
vn -0.110452 0.139084 -0.984102
vn -0.0905172 0.346783 -0.933568
vn -0.441338 0.35651 -0.823481
vn -0.417304 0.493824 -0.762886
vn -0.627598 0.477592 -0.614838
vn -0.657469 0.353423 -0.665453
vn -0.435034 0.364949 -0.823139
vn -0.456429 0.144424 -0.87796
vn -0.113825 0.134659 -0.984333
vn -0.123784 0.0032666 -0.992304
vn -0.459482 0.00625488 -0.888165
vn -0.675606 -0.00711934 -0.737229
vn -0.85179 -0.0458446 -0.521873
vn -0.852643 -0.0442407 -0.520617
vn -0.98182 -0.112962 -0.152545
vn -0.981951 -0.110237 -0.153688
vn -0.984409 -0.163513 0.0648231
vn -0.98451 -0.162355 0.0661887
vn -0.862525 -0.268248 0.429062
vn -0.863239 -0.270839 0.425987
vn -0.696353 -0.337806 0.633229
vn -0.694469 -0.334224 0.637187
vn -0.478346 -0.396055 0.783789
vn -0.485932 -0.40615 0.773894
vn -0.142688 -0.464649 0.873923
vn -0.132182 -0.452677 0.881823
vn -0.124579 -0.334237 0.934219
vn -0.480069 -0.270241 0.834568
vn -0.457674 -0.0445693 0.888002
vn -0.674329 0.0153776 0.738271
vn -0.646462 0.136586 0.750621
vn -0.813907 0.207077 0.542839
vn -0.710019 0.437277 0.551962
vn -0.714471 0.433834 0.548925
vn -0.64993 0.5319 0.542838
vn -0.817561 0.53301 0.217933
vn -0.686631 -0.000786402 0.727005
vn -0.706284 -0.21841 0.673394
vn -0.485134 -0.277048 0.829391
vn -0.697801 -0.203758 0.6867
vn -0.873891 -0.133175 0.467525
vn -0.872396 -0.129465 0.471343
vn -0.994375 -0.0305792 0.101404
vn -0.860341 0.0955208 -0.500688
vn -0.683311 0.129884 -0.718482
vn -0.66099 0.347918 -0.664864
vn -0.680019 0.123271 -0.722757
vn -0.45767 0.142437 -0.877639
vn -0.124566 0.00466193 -0.9922
vn 0.0892367 -0.0157478 -0.995886
vn -0.557172 0.653151 -0.512789
vn -0.712972 0.629643 -0.308579
vn -0.643725 0.722015 -0.2536
vn -0.747084 0.662583 0.0533889
vn -0.645301 0.720791 -0.253074
vn -0.495953 0.856142 -0.145088
vn -0.499427 0.743768 -0.444277
vn -0.550884 0.658696 -0.512491
vn -0.364171 0.669781 -0.647127
vn -0.414288 0.497185 -0.762347
vn -0.0700583 0.481993 -0.87337
vn -0.0889397 0.348705 -0.933003
vn -0.0209569 0.968373 0.248624
vn -0.972138 0.223267 -0.0714131

g Mesh47 average_male_1_1 Model
usemtl Patient_Skin
f 1/1/1 2/2/1 3/3/1 
f 1/4/2 4/5/2 2/6/2 
f 4/7/3 1/8/3 5/9/3 
f 1/10/4 6/11/4 5/12/4 
f 1/13/5 3/14/5 6/15/5 
f 3/16/6 7/17/6 6/18/6 
f 3/19/7 8/20/7 7/21/7 
f 2/22/8 8/23/8 3/24/8 
f 2/25/9 9/26/9 8/27/9 
f 10/28/10 9/29/10 2/30/10 
f 9/31/11 10/32/11 11/33/11 
f 10/34/12 12/35/12 11/36/12 
f 10/37/13 13/38/13 12/39/13 
f 13/40/14 10/41/14 14/42/14 
f 10/43/15 15/44/15 14/45/15 
f 15/46/16 10/47/16 2/48/16 
f 4/49/17 15/50/17 2/51/17 
f 14/52/18 15/53/18 4/54/18 
f 16/55/19 14/56/19 4/57/19 
f 16/58/20 17/59/20 14/60/20 
f 17/61/21 16/62/21 18/63/21 
f 18/64/22 16/65/22 5/66/22 
f 16/67/23 4/68/23 5/69/23 
f 5/70/24 19/71/24 18/72/24 
f 20/73/25 19/74/25 5/75/25 
f 19/76/26 20/77/26 11/78/26 
f 11/79/27 20/80/27 21/81/27 
f 20/82/28 22/83/28 21/84/28 
f 22/85/29 20/86/29 6/87/29 
f 6/88/30 20/89/30 5/90/30 
f 7/91/31 22/92/31 6/93/31 
f 7/94/32 23/95/32 22/96/32 
f 8/97/33 23/98/33 7/99/33 
f 9/100/34 23/101/34 8/102/34 
f 9/103/35 11/104/35 23/105/35 
f 11/106/36 21/107/36 23/108/36 
f 23/109/37 21/110/37 22/111/37 
f 12/112/38 19/113/38 11/114/38 
f 19/115/39 12/116/39 24/117/39 
f 13/118/40 24/119/40 12/120/40 
f 25/121/41 24/122/41 13/123/41 
f 26/124/42 24/125/42 25/126/42 
f 26/127/43 19/128/43 24/129/43 
f 19/130/44 26/131/44 18/132/44 
f 18/133/45 26/134/45 27/135/45 
f 26/136/46 28/137/46 27/138/46 
f 28/139/47 26/140/47 25/141/47 
f 28/142/48 25/143/48 29/144/48 
f 25/145/49 30/146/49 29/147/49 
f 25/148/50 31/149/50 30/150/50 
f 31/151/51 25/152/51 13/153/51 
f 32/154/52 31/155/52 13/156/52 
f 30/157/53 31/158/53 32/159/53 
f 33/160/54 30/161/54 32/162/54 
f 33/163/55 34/164/55 30/165/55 
f 35/166/56 34/167/56 33/168/56 
f 36/169/57 34/170/57 35/171/57 
f 34/172/58 36/173/58 37/174/58 
f 36/175/59 38/176/59 37/177/59 
f 36/178/60 39/179/60 38/180/60 
f 39/181/61 36/182/61 40/183/61 
f 36/184/62 41/185/62 40/186/62 
f 41/187/63 36/188/63 35/189/63 
f 42/190/64 41/191/64 35/192/64 
f 41/193/65 42/194/65 43/195/65 
f 42/196/66 44/197/66 43/198/66 
f 45/199/67 44/200/67 42/201/67 
f 44/202/68 45/203/68 46/204/68 
f 45/205/69 47/206/69 46/207/69 
f 45/208/70 48/209/70 47/210/70 
f 49/211/71 48/212/71 45/213/71 
f 49/214/72 50/215/72 48/216/72 
f 50/217/73 49/218/73 51/219/73 
f 49/220/74 52/221/74 51/222/74 
f 49/223/75 53/224/75 52/225/75 
f 53/226/76 49/227/76 54/228/76 
f 49/229/77 55/230/77 54/231/77 
f 49/232/78 56/233/78 55/234/78 
f 56/235/79 49/236/79 45/237/79 
f 56/238/80 45/239/80 42/240/80 
f 56/241/81 42/242/81 57/243/81 
f 42/244/82 58/245/82 57/246/82 
f 58/247/83 42/248/83 35/249/83 
f 35/250/84 59/251/84 58/252/84 
f 59/253/85 35/254/85 33/255/85 
f 59/256/86 33/257/86 17/258/86 
f 33/259/87 32/260/87 17/261/87 
f 17/262/88 32/263/88 14/264/88 
f 14/265/89 32/266/89 13/267/89 
f 59/268/90 17/269/90 27/270/90 
f 27/271/91 17/272/91 18/273/91 
f 60/274/92 59/275/92 27/276/92 
f 59/277/93 60/278/93 58/279/93 
f 60/280/94 61/281/94 58/282/94 
f 60/283/95 27/284/95 61/285/95 
f 27/286/96 28/287/96 61/288/96 
f 61/289/97 28/290/97 29/291/97 
f 57/292/98 61/293/98 29/294/98 
f 61/295/99 57/296/99 58/297/99 
f 62/298/100 57/299/100 29/300/100 
f 57/301/101 62/302/101 63/303/101 
f 38/304/102 63/305/102 62/306/102 
f 64/307/103 63/308/103 38/309/103 
f 63/310/104 64/311/104 65/312/104 
f 65/313/105 64/314/105 66/315/105 
f 64/316/106 67/317/106 66/318/106 
f 67/319/107 64/320/107 68/321/107 
f 68/322/108 64/323/108 38/324/108 
f 39/325/109 68/326/109 38/327/109 
f 69/328/110 68/329/110 39/330/110 
f 69/331/111 67/332/111 68/333/111 
f 70/334/112 67/335/112 69/336/112 
f 67/337/113 70/338/113 71/339/113 
f 71/340/114 70/341/114 72/342/114 
f 70/343/115 73/344/115 72/345/115 
f 73/346/116 70/347/116 74/348/116 
f 74/349/117 70/350/117 69/351/117 
f 75/352/118 74/353/118 69/354/118 
f 74/355/119 75/356/119 76/357/119 
f 75/358/120 77/359/120 76/360/120 
f 77/361/121 75/362/121 78/363/121 
f 78/364/122 75/365/122 69/366/122 
f 78/367/123 69/368/123 39/369/123 
f 78/370/124 39/371/124 79/372/124 
f 39/373/125 40/374/125 79/375/125 
f 80/376/126 79/377/126 40/378/126 
f 79/379/127 80/380/127 81/381/127 
f 81/382/128 80/383/128 82/384/128 
f 80/385/129 83/386/129 82/387/129 
f 83/388/130 80/389/130 84/390/130 
f 84/391/131 80/392/131 40/393/131 
f 84/394/132 40/395/132 41/396/132 
f 85/397/133 84/398/133 41/399/133 
f 84/400/134 85/401/134 86/402/134 
f 86/403/135 85/404/135 87/405/135 
f 85/406/136 50/407/136 87/408/136 
f 85/409/137 88/410/137 50/411/137 
f 88/412/138 85/413/138 43/414/138 
f 85/415/139 41/416/139 43/417/139 
f 88/418/140 43/419/140 89/420/140 
f 43/421/141 44/422/141 89/423/141 
f 44/424/142 46/425/142 89/426/142 
f 89/427/143 46/428/143 90/429/143 
f 46/430/144 91/431/144 90/432/144 
f 46/433/145 47/434/145 91/435/145 
f 47/436/146 92/437/146 91/438/146 
f 47/439/147 93/440/147 92/441/147 
f 48/442/148 93/443/148 47/444/148 
f 93/445/149 48/446/149 94/447/149 
f 50/448/150 94/449/150 48/450/150 
f 88/451/151 94/452/151 50/453/151 
f 88/454/152 95/455/152 94/456/152 
f 95/457/153 88/458/153 89/459/153 
f 95/460/154 89/461/154 96/462/154 
f 89/463/155 90/464/155 96/465/155 
f 96/466/156 90/467/156 97/468/156 
f 90/469/157 91/470/157 97/471/157 
f 91/472/158 98/473/158 97/474/158 
f 91/475/159 92/476/159 98/477/159 
f 92/478/160 99/479/160 98/480/160 
f 92/481/161 100/482/161 99/483/161 
f 93/484/162 100/485/162 92/486/162 
f 100/487/163 93/488/163 101/489/163 
f 101/490/164 93/491/164 94/492/164 
f 95/493/165 101/494/165 94/495/165 
f 101/496/166 95/497/166 102/498/166 
f 95/499/167 96/500/167 102/501/167 
f 96/502/168 103/503/168 102/504/168 
f 103/505/169 96/506/169 97/507/169 
f 97/508/170 104/509/170 103/510/170 
f 97/511/171 98/512/171 104/513/171 
f 98/514/172 105/515/172 104/516/172 
f 98/517/173 99/518/173 105/519/173 
f 99/520/174 106/521/174 105/522/174 
f 107/523/175 106/524/175 99/525/175 
f 107/526/176 108/527/176 106/528/176 
f 109/529/177 108/530/177 107/531/177 
f 110/532/178 108/533/178 109/534/178 
f 108/535/179 110/536/179 111/537/179 
f 110/538/180 112/539/180 111/540/180 
f 113/541/181 112/542/181 110/543/181 
f 113/544/182 114/545/182 112/546/182 
f 114/547/183 113/548/183 115/549/183 
f 116/550/184 115/551/184 113/552/184 
f 116/553/185 117/554/185 115/555/185 
f 117/556/186 116/557/186 109/558/186 
f 116/559/187 118/560/187 109/561/187 
f 118/562/188 116/563/188 113/564/188 
f 118/565/189 113/566/189 110/567/189 
f 118/568/190 110/569/190 109/570/190 
f 117/571/191 109/572/191 119/573/191 
f 119/574/192 109/575/192 107/576/192 
f 119/577/193 107/578/193 120/579/193 
f 120/580/194 107/581/194 99/582/194 
f 100/583/195 120/584/195 99/585/195 
f 121/586/196 120/587/196 100/588/196 
f 121/589/197 119/590/197 120/591/197 
f 119/592/198 121/593/198 103/594/198 
f 103/595/199 121/596/199 102/597/199 
f 102/598/200 121/599/200 100/600/200 
f 102/601/201 100/602/201 101/603/201 
f 117/604/202 119/605/202 103/606/202 
f 104/607/203 117/608/203 103/609/203 
f 122/610/204 117/611/204 104/612/204 
f 117/613/205 122/614/205 115/615/205 
f 122/616/206 114/617/206 115/618/206 
f 105/619/207 114/620/207 122/621/207 
f 105/622/208 106/623/208 114/624/208 
f 106/625/209 111/626/209 114/627/209 
f 108/628/210 111/629/210 106/630/210 
f 114/631/211 111/632/211 112/633/211 
f 104/634/212 105/635/212 122/636/212 
f 50/637/213 51/638/213 87/639/213 
f 87/640/214 51/641/214 123/642/214 
f 51/643/215 124/644/215 123/645/215 
f 124/646/216 51/647/216 125/648/216 
f 51/649/217 52/650/217 125/651/217 
f 126/652/218 125/653/218 52/654/218 
f 125/655/219 126/656/219 127/657/219 
f 126/658/220 128/659/220 127/660/220 
f 126/661/221 129/662/221 128/663/221 
f 130/664/222 129/665/222 126/666/222 
f 131/667/223 129/668/223 130/669/223 
f 132/670/224 129/671/224 131/672/224 
f 129/673/225 132/674/225 128/675/225 
f 128/676/226 132/677/226 133/678/226 
f 132/679/227 134/680/227 133/681/227 
f 132/682/228 135/683/228 134/684/228 
f 132/685/229 131/686/229 135/687/229 
f 136/688/230 135/689/230 131/690/230 
f 136/691/231 137/692/231 135/693/231 
f 137/694/232 136/695/232 138/696/232 
f 136/697/233 123/698/233 138/699/233 
f 131/700/234 123/701/234 136/702/234 
f 131/703/235 139/704/235 123/705/235 
f 139/706/236 131/707/236 130/708/236 
f 139/709/237 130/710/237 140/711/237 
f 140/712/238 130/713/238 141/714/238 
f 141/715/239 130/716/239 126/717/239 
f 141/718/240 126/719/240 52/720/240 
f 53/721/241 141/722/241 52/723/241 
f 53/724/242 140/725/242 141/726/242 
f 140/727/243 53/728/243 142/729/243 
f 53/730/244 143/731/244 142/732/244 
f 144/733/245 143/734/245 53/735/245 
f 144/736/246 145/737/246 143/738/246 
f 145/739/247 144/740/247 146/741/247 
f 144/742/248 147/743/248 146/744/248 
f 147/745/249 144/746/249 148/747/249 
f 144/748/250 53/749/250 148/750/250 
f 53/751/251 54/752/251 148/753/251 
f 148/754/252 54/755/252 149/756/252 
f 54/757/253 55/758/253 149/759/253 
f 55/760/254 150/761/254 149/762/254 
f 55/763/255 65/764/255 150/765/255 
f 56/766/256 65/767/256 55/768/256 
f 56/769/257 63/770/257 65/771/257 
f 56/772/258 57/773/258 63/774/258 
f 65/775/259 66/776/259 150/777/259 
f 150/778/260 66/779/260 151/780/260 
f 66/781/261 71/782/261 151/783/261 
f 66/784/262 67/785/262 71/786/262 
f 151/787/263 71/788/263 152/789/263 
f 71/790/264 72/791/264 152/792/264 
f 153/793/265 152/794/265 72/795/265 
f 152/796/266 153/797/266 154/798/266 
f 153/799/267 155/800/267 154/801/267 
f 155/802/268 153/803/268 156/804/268 
usemtl Patient_Gown
f 153/805/269 157/806/269 156/807/269 
usemtl Patient_Skin
f 157/808/270 153/809/270 158/810/270 
f 158/811/271 153/812/271 72/813/271 
f 158/814/272 72/815/272 73/816/272 
f 159/817/273 158/818/273 73/819/273 
f 158/820/274 159/821/274 160/822/274 
usemtl Patient_Gown
f 159/823/275 161/824/275 160/825/275 
f 162/826/276 161/827/276 159/828/276 
f 162/829/277 163/830/277 161/831/277 
f 162/832/278 164/833/278 163/834/278 
f 164/835/279 162/836/279 165/837/279 
usemtl Patient_Skin
f 165/838/280 162/839/280 159/840/280 
f 159/841/281 73/842/281 165/843/281 
f 73/844/282 166/845/282 165/846/282 
f 166/847/283 73/848/283 74/849/283 
f 166/850/284 74/851/284 76/852/284 
f 166/853/285 76/854/285 167/855/285 
f 76/856/286 168/857/286 167/858/286 
f 168/859/287 76/860/287 169/861/287 
f 76/862/288 77/863/288 169/864/288 
f 77/865/289 81/866/289 169/867/289 
f 77/868/290 79/869/290 81/870/290 
f 79/871/291 77/872/291 78/873/291 
f 81/874/292 82/875/292 169/876/292 
f 169/877/293 82/878/293 170/879/293 
f 82/880/294 171/881/294 170/882/294 
f 82/883/295 83/884/295 171/885/295 
f 83/886/296 172/887/296 171/888/296 
f 172/889/297 83/890/297 173/891/297 
f 83/892/298 174/893/298 173/894/298 
f 83/895/299 84/896/299 174/897/299 
f 84/898/300 86/899/300 174/900/300 
f 174/901/301 86/902/301 175/903/301 
f 175/904/302 86/905/302 176/906/302 
f 86/907/303 140/908/303 176/909/303 
f 86/910/304 139/911/304 140/912/304 
f 139/913/305 86/914/305 87/915/305 
f 139/916/306 87/917/306 123/918/306 
f 140/919/307 142/920/307 176/921/307 
f 176/922/308 142/923/308 177/924/308 
f 142/925/309 178/926/309 177/927/309 
f 142/928/310 143/929/310 178/930/310 
f 143/931/311 179/932/311 178/933/311 
f 145/934/312 179/935/312 143/936/312 
f 180/937/313 179/938/313 145/939/313 
f 180/940/314 181/941/314 179/942/314 
f 182/943/315 181/944/315 180/945/315 
f 181/946/316 182/947/316 183/948/316 
f 183/949/317 182/950/317 184/951/317 
f 185/952/318 184/953/318 182/954/318 
f 185/955/319 186/956/319 184/957/319 
f 186/958/320 185/959/320 187/960/320 
f 188/961/321 187/962/321 185/963/321 
f 187/964/322 188/965/322 189/966/322 
f 189/967/323 188/968/323 190/969/323 
f 188/970/324 191/971/324 190/972/324 
f 180/973/325 191/974/325 188/975/325 
f 192/976/326 191/977/326 180/978/326 
f 193/979/327 191/980/327 192/981/327 
f 193/982/328 190/983/328 191/984/328 
f 190/985/329 193/986/329 177/987/329 
f 177/988/330 193/989/330 194/990/330 
f 146/991/331 194/992/331 193/993/331 
f 194/994/332 146/995/332 147/996/332 
f 175/997/333 194/998/333 147/999/333 
f 194/1000/334 175/1001/334 176/1002/334 
f 176/1003/335 177/1004/335 194/1005/335 
f 175/1006/336 147/1007/336 173/1008/336 
f 147/1009/337 195/1010/337 173/1011/337 
f 195/1012/338 147/1013/338 148/1014/338 
f 148/1015/339 196/1016/339 195/1017/339 
f 196/1018/340 148/1019/340 149/1020/340 
f 196/1021/341 149/1022/341 197/1023/341 
f 149/1024/342 150/1025/342 197/1026/342 
f 150/1027/343 151/1028/343 197/1029/343 
f 151/1030/344 152/1031/344 197/1032/344 
f 152/1033/345 154/1034/345 197/1035/345 
f 198/1036/346 197/1037/346 154/1038/346 
f 198/1039/347 196/1040/347 197/1041/347 
f 199/1042/348 196/1043/348 198/1044/348 
f 200/1045/349 196/1046/349 199/1047/349 
f 196/1048/350 200/1049/350 195/1050/350 
f 195/1051/351 200/1052/351 172/1053/351 
f 172/1054/352 200/1055/352 201/1056/352 
f 201/1057/353 200/1058/353 199/1059/353 
f 201/1060/354 199/1061/354 202/1062/354 
f 199/1063/355 203/1064/355 202/1065/355 
f 203/1066/356 199/1067/356 198/1068/356 
f 203/1069/357 198/1070/357 204/1071/357 
f 198/1072/358 205/1073/358 204/1074/358 
f 205/1075/359 198/1076/359 154/1077/359 
f 205/1078/360 154/1079/360 206/1080/360 
f 154/1081/361 155/1082/361 206/1083/361 
f 206/1084/362 155/1085/362 207/1086/362 
usemtl Patient_Gown
f 155/1087/363 156/1088/363 207/1089/363 
f 156/1090/364 208/1091/364 207/1092/364 
f 156/1093/365 157/1094/365 208/1095/365 
f 157/1096/366 209/1097/366 208/1098/366 
f 210/1099/367 209/1100/367 157/1101/367 
f 210/1102/368 211/1103/368 209/1104/368 
f 212/1105/369 211/1106/369 210/1107/369 
f 211/1108/370 212/1109/370 213/1110/370 
f 212/1111/371 214/1112/371 213/1113/371 
f 214/1114/372 212/1115/372 215/1116/372 
f 215/1117/373 212/1118/373 216/1119/373 163/1120/373 
f 216/1121/374 212/1122/374 210/1123/374 
f 216/1124/375 210/1125/375 160/1126/375 
f 160/1127/376 210/1128/376 157/1129/376 
f 160/1130/377 157/1131/377 158/1132/377 
f 161/1133/378 216/1134/378 160/1135/378 
f 163/1136/379 216/1137/379 161/1138/379 
f 215/1139/380 163/1140/380 217/1141/380 
f 164/1142/381 217/1143/381 163/1144/381 
f 217/1145/382 164/1146/382 218/1147/382 
f 218/1148/383 164/1149/383 219/1150/383 
usemtl Patient_Skin
f 164/1151/384 220/1152/384 219/1153/384 
f 220/1154/385 164/1155/385 165/1156/385 
f 167/1157/386 220/1158/386 165/1159/386 
f 167/1160/387 221/1161/387 220/1162/387 
f 167/1163/388 168/1164/388 221/1165/388 
f 168/1166/389 222/1167/389 221/1168/389 
f 168/1169/390 170/1170/390 222/1171/390 
f 169/1172/391 170/1173/391 168/1174/391 
f 170/1175/392 223/1176/392 222/1177/392 
f 170/1178/393 171/1179/393 223/1180/393 
f 171/1181/394 224/1182/394 223/1183/394 
f 171/1184/395 225/1185/395 224/1186/395 
f 171/1187/396 172/1188/396 225/1189/396 
f 172/1190/397 226/1191/397 225/1192/397 
f 172/1193/398 227/1194/398 226/1195/398 
f 227/1196/399 172/1197/399 201/1198/399 
f 227/1199/400 201/1200/400 228/1201/400 
f 201/1202/401 202/1203/401 228/1204/401 
f 229/1205/402 228/1206/402 202/1207/402 
f 228/1208/403 229/1209/403 230/1210/403 
f 229/1211/404 231/1212/404 230/1213/404 
f 232/1214/405 231/1215/405 229/1216/405 
f 232/1217/406 233/1218/406 231/1219/406 
f 234/1220/407 233/1221/407 232/1222/407 
f 234/1223/408 235/1224/408 233/1225/408 
f 234/1226/409 236/1227/409 235/1228/409 
f 226/1229/410 236/1230/410 234/1231/410 
f 236/1232/411 226/1233/411 237/1234/411 
f 227/1235/412 237/1236/412 226/1237/412 
f 237/1238/413 227/1239/413 228/1240/413 
f 230/1241/414 237/1242/414 228/1243/414 
f 230/1244/415 238/1245/415 237/1246/415 
f 230/1247/416 239/1248/416 238/1249/416 
f 240/1250/417 239/1251/417 230/1252/417 
f 240/1253/418 241/1254/418 239/1255/418 
f 242/1256/419 241/1257/419 240/1258/419 
f 242/1259/420 243/1260/420 241/1261/420 
f 244/1262/421 243/1263/421 242/1264/421 
f 244/1265/422 245/1266/422 243/1267/422 
f 246/1268/423 245/1269/423 244/1270/423 
f 247/1271/424 245/1272/424 246/1273/424 
f 247/1274/425 248/1275/425 245/1276/425 
f 248/1277/426 247/1278/426 249/1279/426 
f 247/1280/427 250/1281/427 249/1282/427 
f 247/1283/428 246/1284/428 250/1285/428 
f 246/1286/429 251/1287/429 250/1288/429 
f 246/1289/430 252/1290/430 251/1291/430 
f 252/1292/431 246/1293/431 244/1294/431 
f 252/1295/432 244/1296/432 235/1297/432 
f 235/1298/433 244/1299/433 242/1300/433 
f 235/1301/434 242/1302/434 233/1303/434 
f 233/1304/435 242/1305/435 240/1306/435 
f 233/1307/436 240/1308/436 231/1309/436 
f 231/1310/437 240/1311/437 230/1312/437 
f 253/1313/438 252/1314/438 235/1315/438 
f 252/1316/439 253/1317/439 254/1318/439 
f 254/1319/440 253/1320/440 238/1321/440 
f 253/1322/441 236/1323/441 238/1324/441 
f 236/1325/442 253/1326/442 235/1327/442 
f 238/1328/443 236/1329/443 237/1330/443 
f 238/1331/444 239/1332/444 254/1333/444 
f 254/1334/445 239/1335/445 255/1336/445 
f 241/1337/446 255/1338/446 239/1339/446 
f 255/1340/447 241/1341/447 256/1342/447 
f 241/1343/448 249/1344/448 256/1345/448 
f 243/1346/449 249/1347/449 241/1348/449 
f 243/1349/450 248/1350/450 249/1351/450 
f 245/1352/451 248/1353/451 243/1354/451 
f 250/1355/452 256/1356/452 249/1357/452 
f 250/1358/453 251/1359/453 256/1360/453 
f 251/1361/454 257/1362/454 256/1363/454 
f 252/1364/455 257/1365/455 251/1366/455 
f 257/1367/456 252/1368/456 254/1369/456 
f 257/1370/457 254/1371/457 255/1372/457 
f 255/1373/458 256/1374/458 257/1375/458 
f 225/1376/459 226/1377/459 234/1378/459 
f 225/1379/460 234/1380/460 232/1381/460 
f 225/1382/461 232/1383/461 224/1384/461 
f 224/1385/462 232/1386/462 229/1387/462 
f 224/1388/463 229/1389/463 258/1390/463 
f 258/1391/464 229/1392/464 202/1393/464 
f 204/1394/465 258/1395/465 202/1396/465 
f 223/1397/466 258/1398/466 204/1399/466 
f 223/1400/467 224/1401/467 258/1402/467 
f 222/1403/468 223/1404/468 204/1405/468 
f 204/1406/469 205/1407/469 222/1408/469 
f 205/1409/470 221/1410/470 222/1411/470 
f 221/1412/471 205/1413/471 219/1414/471 
f 205/1415/472 206/1416/472 219/1417/472 
f 219/1418/473 206/1419/473 218/1420/473 
usemtl Patient_Gown
f 206/1421/474 207/1422/474 218/1423/474 
f 259/1424/475 218/1425/475 207/1426/475 
f 259/1427/476 217/1428/476 218/1429/476 
f 260/1430/477 217/1431/477 259/1432/477 
f 260/1433/478 215/1434/478 217/1435/478 
f 215/1436/479 260/1437/479 261/1438/479 
f 262/1439/480 261/1440/480 260/1441/480 
f 263/1442/481 261/1443/481 262/1444/481 
f 263/1445/482 264/1446/482 261/1447/482 
f 263/1448/483 265/1449/483 264/1450/483 
f 265/1451/484 263/1452/484 266/1453/484 
f 267/1454/485 266/1455/485 263/1456/485 
f 268/1457/486 266/1458/486 267/1459/486 
f 268/1460/487 269/1461/487 266/1462/487 
f 270/1463/488 269/1464/488 268/1465/488 
f 271/1466/489 269/1467/489 270/1468/489 
f 271/1469/490 272/1470/490 269/1471/490 
f 271/1472/491 273/1473/491 272/1474/491 
f 273/1475/492 271/1476/492 274/1477/492 
f 275/1478/493 274/1479/493 271/1480/493 
f 275/1481/494 276/1482/494 274/1483/494 
f 276/1484/495 275/1485/495 277/1486/495 
f 278/1487/496 277/1488/496 275/1489/496 
f 278/1490/497 279/1491/497 277/1492/497 
f 280/1493/498 279/1494/498 278/1495/498 
f 281/1496/499 279/1497/499 280/1498/499 
f 279/1499/500 281/1500/500 277/1501/500 
f 277/1502/501 281/1503/501 282/1504/501 
f 281/1505/502 283/1506/502 282/1507/502 
f 284/1508/503 283/1509/503 281/1510/503 
f 283/1511/504 284/1512/504 285/1513/504 
f 285/1514/505 284/1515/505 286/1516/505 
f 284/1517/506 287/1518/506 286/1519/506 
f 284/1520/507 288/1521/507 287/1522/507 
f 288/1523/508 284/1524/508 281/1525/508 
f 288/1526/509 281/1527/509 280/1528/509 
f 280/1529/510 289/1530/510 288/1531/510 
f 290/1532/511 289/1533/511 280/1534/511 
f 290/1535/512 291/1536/512 289/1537/512 
f 291/1538/513 290/1539/513 270/1540/513 
f 270/1541/514 290/1542/514 278/1543/514 
f 290/1544/515 280/1545/515 278/1546/515 
f 270/1547/516 278/1548/516 275/1549/516 
f 275/1550/517 271/1551/517 270/1552/517 
f 292/1553/518 291/1554/518 270/1555/518 
f 291/1556/519 292/1557/519 293/1558/519 
f 292/1559/520 294/1560/520 293/1561/520 
f 268/1562/521 294/1563/521 292/1564/521 
f 295/1565/522 294/1566/522 268/1567/522 
f 294/1568/523 295/1569/523 296/1570/523 
f 295/1571/524 297/1572/524 296/1573/524 
f 295/1574/525 262/1575/525 297/1576/525 
f 295/1577/526 267/1578/526 262/1579/526 
f 295/1580/527 268/1581/527 267/1582/527 
f 262/1583/528 267/1584/528 263/1585/528 
f 297/1586/529 262/1587/529 260/1588/529 
f 260/1589/530 298/1590/530 297/1591/530 
f 298/1592/531 260/1593/531 259/1594/531 
f 259/1595/532 299/1596/532 298/1597/532 
f 299/1598/533 259/1599/533 207/1600/533 
f 208/1601/534 299/1602/534 207/1603/534 
f 208/1604/535 300/1605/535 299/1606/535 
f 300/1607/536 208/1608/536 301/1609/536 
f 208/1610/537 209/1611/537 301/1612/537 
f 211/1613/538 301/1614/538 209/1615/538 
f 211/1616/539 213/1617/539 301/1618/539 
f 213/1619/540 302/1620/540 301/1621/540 
f 213/1622/541 303/1623/541 302/1624/541 
f 213/1625/542 214/1626/542 303/1627/542 
f 214/1628/543 304/1629/543 303/1630/543 
f 305/1631/544 304/1632/544 214/1633/544 
f 304/1634/545 305/1635/545 306/1636/545 
f 307/1637/546 306/1638/546 305/1639/546 
f 307/1640/547 308/1641/547 306/1642/547 
f 309/1643/548 308/1644/548 307/1645/548 
f 309/1646/549 310/1647/549 308/1648/549 
f 311/1649/550 310/1650/550 309/1651/550 
f 312/1652/551 310/1653/551 311/1654/551 
f 312/1655/552 313/1656/552 310/1657/552 
f 313/1658/553 312/1659/553 314/1660/553 
f 312/1661/554 315/1662/554 316/1663/554 314/1664/554 
f 276/1665/555 315/1666/555 312/1667/555 
f 276/1668/556 277/1669/556 315/1670/556 
f 277/1671/557 282/1672/557 315/1673/557 
f 282/1674/558 317/1675/558 315/1676/558 
f 282/1677/559 318/1678/559 317/1679/559 
f 283/1680/560 318/1681/560 282/1682/560 
f 319/1683/561 318/1684/561 283/1685/561 
f 318/1686/562 319/1687/562 317/1688/562 
f 320/1689/563 317/1690/563 319/1691/563 
f 320/1692/564 316/1693/564 317/1694/564 
f 321/1695/565 316/1696/565 320/1697/565 
f 321/1698/566 322/1699/566 316/1700/566 
f 321/1701/567 323/1702/567 322/1703/567 
f 323/1704/568 321/1705/568 324/1706/568 
f 321/1707/569 325/1708/569 324/1709/569 
f 325/1710/570 321/1711/570 320/1712/570 
f 325/1713/571 320/1714/571 326/1715/571 
f 326/1716/572 320/1717/572 319/1718/572 
f 326/1719/573 319/1720/573 327/1721/573 
f 328/1722/574 327/1723/574 319/1724/574 
f 329/1725/575 327/1726/575 328/1727/575 
f 330/1728/576 327/1729/576 329/1730/576 
f 330/1731/577 326/1732/577 327/1733/577 
f 331/1734/578 326/1735/578 330/1736/578 
f 331/1737/579 325/1738/579 326/1739/579 
f 324/1740/580 325/1741/580 331/1742/580 
f 332/1743/581 324/1744/581 331/1745/581 
f 324/1746/582 332/1747/582 333/1748/582 
f 332/1749/583 334/1750/583 333/1751/583 
f 334/1752/584 332/1753/584 335/1754/584 
f 335/1755/585 332/1756/585 336/1757/585 
f 332/1758/586 331/1759/586 336/1760/586 
f 336/1761/587 331/1762/587 330/1763/587 
f 336/1764/588 330/1765/588 337/1766/588 
f 337/1767/589 330/1768/589 329/1769/589 
f 338/1770/590 337/1771/590 329/1772/590 
f 338/1773/591 339/1774/591 337/1775/591 
f 339/1776/592 338/1777/592 340/1778/592 
f 340/1779/593 338/1780/593 341/1781/593 
f 342/1782/594 341/1783/594 338/1784/594 
f 342/1785/595 343/1786/595 341/1787/595 
f 342/1788/596 344/1789/596 343/1790/596 
f 342/1791/597 328/1792/597 344/1793/597 
f 342/1794/598 329/1795/598 328/1796/598 
f 342/1797/599 338/1798/599 329/1799/599 
f 285/1800/600 344/1801/600 328/1802/600 
f 285/1803/601 286/1804/601 344/1805/601 
f 345/1806/602 344/1807/602 286/1808/602 
f 344/1809/603 345/1810/603 346/1811/603 347/1812/603 
f 348/1813/604 346/1814/604 345/1815/604 
f 349/1816/605 350/1817/605 346/1818/605 348/1819/605 
f 350/1820/606 349/1821/606 351/1822/606 
f 351/1823/607 349/1824/607 352/1825/607 
f 349/1826/608 353/1827/608 352/1828/608 
f 353/1829/609 349/1830/609 348/1831/609 
f 354/1832/610 353/1833/610 348/1834/610 
f 353/1835/611 354/1836/611 355/1837/611 
f 354/1838/612 356/1839/612 355/1840/612 
f 354/1841/613 357/1842/613 356/1843/613 
f 357/1844/614 354/1845/614 348/1846/614 
f 358/1847/615 357/1848/615 348/1849/615 
f 359/1850/616 357/1851/616 358/1852/616 
f 357/1853/617 359/1854/617 360/1855/617 
f 361/1856/618 360/1857/618 359/1858/618 
f 360/1859/619 361/1860/619 362/1861/619 
usemtl Patient_Skin
f 363/1862/620 362/1863/620 361/1864/620 
f 362/1865/621 363/1866/621 364/1867/621 
f 364/1868/622 363/1869/622 365/1870/622 
f 365/1871/623 363/1872/623 366/1873/623 
usemtl Patient_Gown
f 366/1874/624 363/1875/624 361/1876/624 
f 366/1877/625 361/1878/625 367/1879/625 
f 367/1880/626 361/1881/626 359/1882/626 
f 367/1883/627 359/1884/627 368/1885/627 
f 368/1886/628 359/1887/628 358/1888/628 
f 368/1889/629 358/1890/629 369/1891/629 
f 358/1892/630 370/1893/630 369/1894/630 
f 358/1895/631 345/1896/631 370/1897/631 
f 358/1898/632 348/1899/632 345/1900/632 
f 345/1901/633 286/1902/633 370/1903/633 
f 370/1904/634 286/1905/634 287/1906/634 
f 369/1907/635 370/1908/635 287/1909/635 
f 369/1910/636 287/1911/636 371/1912/636 
f 288/1913/637 371/1914/637 287/1915/637 
f 289/1916/638 371/1917/638 288/1918/638 
f 371/1919/639 289/1920/639 372/1921/639 
f 291/1922/640 372/1923/640 289/1924/640 
f 372/1925/641 291/1926/641 373/1927/641 
f 291/1928/642 293/1929/642 373/1930/642 
f 374/1931/643 373/1932/643 293/1933/643 
f 373/1934/644 374/1935/644 375/1936/644 
f 374/1937/645 376/1938/645 375/1939/645 
f 377/1940/646 376/1941/646 374/1942/646 
f 377/1943/647 378/1944/647 376/1945/647 
f 378/1946/648 377/1947/648 379/1948/648 
f 379/1949/649 377/1950/649 380/1951/649 
f 380/1952/650 377/1953/650 374/1954/650 
f 381/1955/651 380/1956/651 374/1957/651 
f 382/1958/652 380/1959/652 381/1960/652 
f 380/1961/653 382/1962/653 383/1963/653 
usemtl Patient_Skin
f 382/1964/654 384/1965/654 383/1966/654 
f 382/1967/655 385/1968/655 384/1969/655 
f 385/1970/656 382/1971/656 386/1972/656 
usemtl Patient_Gown
f 386/1973/657 382/1974/657 381/1975/657 
f 386/1976/658 381/1977/658 387/1978/658 
f 388/1979/659 387/1980/659 381/1981/659 
f 389/1982/660 387/1983/660 388/1984/660 
f 389/1985/661 390/1986/661 387/1987/661 
f 390/1988/662 389/1989/662 391/1990/662 
f 392/1991/663 391/1992/663 389/1993/663 
f 393/1994/664 391/1995/664 392/1996/664 
f 391/1997/665 393/1998/665 394/1999/665 
f 394/2000/666 393/2001/666 395/2002/666 
f 393/2003/667 396/2004/667 395/2005/667 
f 396/2006/668 393/2007/668 296/2008/668 
f 393/2009/669 294/2010/669 296/2011/669 
f 294/2012/670 393/2013/670 392/2014/670 
f 293/2015/671 294/2016/671 392/2017/671 
f 293/2018/672 392/2019/672 389/2020/672 388/2021/672 
f 293/2022/673 388/2023/673 381/2024/673 
f 381/2025/674 374/2026/674 293/2027/674 
f 397/2028/675 396/2029/675 296/2030/675 
f 398/2031/676 396/2032/676 397/2033/676 
f 398/2034/677 399/2035/677 396/2036/677 
f 399/2037/678 398/2038/678 400/2039/678 
f 400/2040/679 398/2041/679 401/2042/679 
f 402/2043/680 401/2044/680 398/2045/680 
f 300/2046/681 401/2047/681 402/2048/681 
f 401/2049/682 300/2050/682 301/2051/682 
f 302/2052/683 401/2053/683 301/2054/683 
f 302/2055/684 400/2056/684 401/2057/684 
f 303/2058/685 400/2059/685 302/2060/685 
f 400/2061/686 303/2062/686 403/2063/686 
f 303/2064/687 404/2065/687 403/2066/687 
f 404/2067/688 303/2068/688 405/2069/688 
f 303/2070/689 304/2071/689 405/2072/689 
f 405/2073/690 304/2074/690 406/2075/690 
f 304/2076/691 407/2077/691 406/2078/691 
f 408/2079/692 407/2080/692 304/2081/692 
f 409/2082/693 407/2083/693 408/2084/693 
f 410/2085/694 407/2086/694 409/2087/694 
f 410/2088/695 411/2089/695 407/2090/695 
f 410/2091/696 340/2092/696 411/2093/696 
f 340/2094/697 410/2095/697 412/2096/697 
f 413/2097/698 412/2098/698 410/2099/698 
f 412/2100/699 413/2101/699 414/2102/699 
f 414/2103/700 413/2104/700 415/2105/700 
f 413/2106/701 416/2107/701 415/2108/701 
f 413/2109/702 409/2110/702 416/2111/702 
f 413/2112/703 410/2113/703 409/2114/703 
f 409/2115/704 417/2116/704 416/2117/704 
f 417/2118/705 409/2119/705 408/2120/705 
f 417/2121/706 408/2122/706 418/2123/706 
f 408/2124/707 306/2125/707 418/2126/707 
f 304/2127/708 306/2128/708 408/2129/708 
f 308/2130/709 418/2131/709 306/2132/709 
f 308/2133/710 419/2134/710 418/2135/710 
f 310/2136/711 419/2137/711 308/2138/711 
f 310/2139/712 313/2140/712 419/2141/712 
f 313/2142/713 418/2143/713 419/2144/713 
f 418/2145/714 313/2146/714 420/2147/714 
f 420/2148/715 313/2149/715 314/2150/715 
f 420/2151/716 314/2152/716 421/2153/716 
f 322/2154/717 421/2155/717 314/2156/717 
f 422/2157/718 421/2158/718 322/2159/718 
f 421/2160/719 422/2161/719 423/2162/719 
f 423/2163/720 422/2164/720 424/2165/720 
f 422/2166/721 425/2167/721 424/2168/721 
f 426/2169/722 425/2170/722 422/2171/722 
f 425/2172/723 426/2173/723 427/2174/723 
f 427/2175/724 426/2176/724 428/2177/724 
f 323/2178/725 428/2179/725 426/2180/725 
f 333/2181/726 428/2182/726 323/2183/726 
f 428/2184/727 333/2185/727 429/2186/727 
f 429/2187/728 333/2188/728 334/2189/728 
f 430/2190/729 429/2191/729 334/2192/729 
f 429/2193/730 430/2194/730 431/2195/730 
usemtl Patient_Skin
f 431/2196/731 430/2197/731 432/2198/731 
usemtl Patient_Gown
f 430/2199/732 433/2200/732 432/2201/732 
f 433/2202/733 430/2203/733 434/2204/733 
f 434/2205/734 430/2206/734 334/2207/734 
f 335/2208/735 434/2209/735 334/2210/735 
f 335/2211/736 435/2212/736 434/2213/736 
f 335/2214/737 436/2215/737 435/2216/737 
f 335/2217/738 336/2218/738 436/2219/738 
f 436/2220/739 336/2221/739 337/2222/739 
f 436/2223/740 337/2224/740 339/2225/740 
f 437/2226/741 436/2227/741 339/2228/741 
f 435/2229/742 436/2230/742 437/2231/742 
f 438/2232/743 435/2233/743 437/2234/743 
f 435/2235/744 438/2236/744 439/2237/744 
f 438/2238/745 440/2239/745 439/2240/745 
f 441/2241/746 440/2242/746 438/2243/746 
f 440/2244/747 441/2245/747 442/2246/747 
f 441/2247/748 443/2248/748 442/2249/748 
f 443/2250/749 441/2251/749 444/2252/749 
f 441/2253/750 445/2254/750 444/2255/750 
f 445/2256/751 441/2257/751 446/2258/751 
f 441/2259/752 447/2260/752 446/2261/752 
f 447/2262/753 441/2263/753 438/2264/753 
f 447/2265/754 438/2266/754 437/2267/754 
f 448/2268/755 447/2269/755 437/2270/755 
f 447/2271/756 448/2272/756 449/2273/756 
f 448/2274/757 450/2275/757 449/2276/757 
f 450/2277/758 448/2278/758 437/2279/758 
f 339/2280/759 450/2281/759 437/2282/759 
f 450/2283/760 339/2284/760 340/2285/760 
f 450/2286/761 340/2287/761 412/2288/761 
f 450/2289/762 412/2290/762 449/2291/762 
f 449/2292/763 412/2293/763 414/2294/763 
f 449/2295/764 414/2296/764 451/2297/764 
f 414/2298/765 452/2299/765 451/2300/765 
f 414/2301/766 415/2302/766 452/2303/766 
f 452/2304/767 415/2305/767 453/2306/767 
f 415/2307/768 454/2308/768 453/2309/768 
f 415/2310/769 416/2311/769 454/2312/769 
f 416/2313/770 455/2314/770 454/2315/770 
f 416/2316/771 417/2317/771 455/2318/771 
f 417/2319/772 418/2320/772 455/2321/772 
f 455/2322/773 418/2323/773 420/2324/773 
f 455/2325/774 420/2326/774 456/2327/774 
f 420/2328/775 421/2329/775 456/2330/775 
f 421/2331/776 423/2332/776 456/2333/776 
f 454/2334/777 456/2335/777 423/2336/777 
f 454/2337/778 455/2338/778 456/2339/778 
f 453/2340/779 454/2341/779 423/2342/779 
f 423/2343/780 424/2344/780 453/2345/780 
f 424/2346/781 457/2347/781 453/2348/781 
f 457/2349/782 424/2350/782 458/2351/782 
f 458/2352/783 424/2353/783 425/2354/783 
f 459/2355/784 458/2356/784 425/2357/784 
f 460/2358/785 458/2359/785 459/2360/785 
f 458/2361/786 460/2362/786 461/2363/786 
f 462/2364/787 461/2365/787 460/2366/787 
f 462/2367/788 463/2368/788 461/2369/788 
f 464/2370/789 463/2371/789 462/2372/789 
f 464/2373/790 465/2374/790 463/2375/790 
f 465/2376/791 464/2377/791 466/2378/791 
f 464/2379/792 467/2380/792 466/2381/792 
f 467/2382/793 464/2383/793 468/2384/793 
f 464/2385/794 469/2386/794 468/2387/794 
f 469/2388/795 464/2389/795 462/2390/795 
f 469/2391/796 462/2392/796 470/2393/796 
f 462/2394/797 471/2395/797 470/2396/797 
f 471/2397/798 462/2398/798 460/2399/798 
f 471/2400/799 460/2401/799 472/2402/799 
f 472/2403/800 460/2404/800 459/2405/800 
f 472/2406/801 459/2407/801 473/2408/801 
f 473/2409/802 459/2410/802 474/2411/802 
f 459/2412/803 427/2413/803 474/2414/803 
f 459/2415/804 425/2416/804 427/2417/804 
f 474/2418/805 427/2419/805 475/2420/805 
f 427/2421/806 428/2422/806 429/2423/806 475/2424/806 
f 429/2425/807 476/2426/807 475/2427/807 
f 476/2428/808 429/2429/808 431/2430/808 
usemtl Patient_Skin
f 431/2431/809 477/2432/809 476/2433/809 
f 478/2434/810 477/2435/810 431/2436/810 
f 478/2437/811 479/2438/811 477/2439/811 
f 478/2440/812 480/2441/812 479/2442/812 
usemtl Patient_Gown
f 480/2443/813 478/2444/813 432/2445/813 
usemtl Patient_Skin
f 432/2446/814 478/2447/814 431/2448/814 
usemtl Patient_Gown
f 481/2449/815 480/2450/815 432/2451/815 
f 482/2452/816 480/2453/816 481/2454/816 
f 480/2455/817 482/2456/817 483/2457/817 
f 482/2458/818 484/2459/818 483/2460/818 
f 485/2461/819 484/2462/819 482/2463/819 
f 486/2464/820 484/2465/820 485/2466/820 
f 484/2467/821 486/2468/821 487/2469/821 
f 487/2470/822 486/2471/822 488/2472/822 
f 488/2473/823 486/2474/823 489/2475/823 
f 486/2476/824 485/2477/824 489/2478/824 
f 489/2479/825 485/2480/825 490/2481/825 
f 485/2482/826 491/2483/826 490/2484/826 
f 491/2485/827 485/2486/827 482/2487/827 
f 491/2488/828 482/2489/828 492/2490/828 
f 482/2491/829 493/2492/829 492/2493/829 
f 493/2494/830 482/2495/830 481/2496/830 
f 442/2497/831 493/2498/831 481/2499/831 
f 493/2500/832 442/2501/832 492/2502/832 
f 442/2503/833 494/2504/833 492/2505/833 
f 442/2506/834 443/2507/834 494/2508/834 
f 443/2509/835 495/2510/835 494/2511/835 
f 495/2512/836 443/2513/836 496/2514/836 
f 443/2515/837 444/2516/837 496/2517/837 
f 496/2518/838 444/2519/838 497/2520/838 
f 444/2521/839 498/2522/839 497/2523/839 
f 499/2524/840 498/2525/840 444/2526/840 
f 498/2527/841 499/2528/841 500/2529/841 
f 499/2530/842 465/2531/842 500/2532/842 
f 465/2533/843 499/2534/843 501/2535/843 
f 501/2536/844 499/2537/844 502/2538/844 
f 502/2539/845 499/2540/845 444/2541/845 
f 502/2542/846 444/2543/846 445/2544/846 
f 503/2545/847 502/2546/847 445/2547/847 
f 504/2548/848 502/2549/848 503/2550/848 
f 504/2551/849 501/2552/849 502/2553/849 
f 501/2554/850 504/2555/850 505/2556/850 
f 505/2557/851 504/2558/851 506/2559/851 
f 506/2560/852 504/2561/852 503/2562/852 
f 503/2563/853 451/2564/853 506/2565/853 
f 451/2566/854 503/2567/854 446/2568/854 
f 503/2569/855 445/2570/855 446/2571/855 
f 446/2572/856 449/2573/856 451/2574/856 
f 446/2575/857 447/2576/857 449/2577/857 
f 451/2578/858 452/2579/858 506/2580/858 
f 457/2581/859 506/2582/859 452/2583/859 
f 457/2584/860 505/2585/860 506/2586/860 
f 505/2587/861 457/2588/861 458/2589/861 
f 505/2590/862 458/2591/862 461/2592/862 
f 505/2593/863 461/2594/863 501/2595/863 
f 463/2596/864 501/2597/864 461/2598/864 
f 465/2599/865 501/2600/865 463/2601/865 
f 453/2602/866 457/2603/866 452/2604/866 
f 465/2605/867 466/2606/867 500/2607/867 
f 466/2608/868 507/2609/868 500/2610/868 
f 508/2611/869 507/2612/869 466/2613/869 
f 507/2614/870 508/2615/870 509/2616/870 
f 509/2617/871 508/2618/871 510/2619/871 
usemtl Patient_Skin
f 510/2620/872 508/2621/872 511/2622/872 
usemtl Patient_Gown
f 508/2623/873 466/2624/873 511/2625/873 
f 466/2626/874 512/2627/874 511/2628/874 
f 466/2629/875 467/2630/875 512/2631/875 
f 512/2632/876 467/2633/876 468/2634/876 
f 513/2635/877 512/2636/877 468/2637/877 
f 514/2638/878 512/2639/878 513/2640/878 
f 512/2641/879 514/2642/879 511/2643/879 
usemtl Patient_Skin
f 511/2644/880 514/2645/880 515/2646/880 
f 515/2647/881 514/2648/881 516/2649/881 
f 516/2650/882 514/2651/882 513/2652/882 
f 516/2653/883 513/2654/883 517/2655/883 
usemtl Patient_Gown
f 513/2656/884 518/2657/884 517/2658/884 
f 513/2659/885 468/2660/885 518/2661/885 
f 468/2662/886 519/2663/886 518/2664/886 
f 468/2665/887 469/2666/887 519/2667/887 
f 469/2668/888 470/2669/888 519/2670/888 
f 520/2671/889 519/2672/889 470/2673/889 
f 520/2674/890 521/2675/890 519/2676/890 
f 522/2677/891 521/2678/891 520/2679/891 
f 521/2680/892 522/2681/892 523/2682/892 
usemtl Patient_Skin
f 522/2683/893 524/2684/893 523/2685/893 
f 524/2686/894 522/2687/894 525/2688/894 
usemtl Patient_Gown
f 522/2689/895 509/2690/895 525/2691/895 
f 522/2692/896 526/2693/896 509/2694/896 
f 526/2695/897 522/2696/897 520/2697/897 
f 526/2698/898 520/2699/898 527/2700/898 
f 527/2701/899 520/2702/899 470/2703/899 
f 527/2704/900 470/2705/900 471/2706/900 
f 528/2707/901 527/2708/901 471/2709/901 
f 529/2710/902 527/2711/902 528/2712/902 
f 529/2713/903 526/2714/903 527/2715/903 
f 526/2716/904 529/2717/904 530/2718/904 
f 529/2719/905 531/2720/905 530/2721/905 
f 529/2722/906 532/2723/906 531/2724/906 
f 532/2725/907 529/2726/907 528/2727/907 
f 533/2728/908 532/2729/908 528/2730/908 
f 532/2731/909 533/2732/909 534/2733/909 
f 533/2734/910 497/2735/910 534/2736/910 
f 497/2737/911 533/2738/911 473/2739/911 
f 533/2740/912 472/2741/912 473/2742/912 
f 472/2743/913 533/2744/913 528/2745/913 
f 528/2746/914 471/2747/914 472/2748/914 
f 496/2749/915 497/2750/915 473/2751/915 
f 495/2752/916 496/2753/916 473/2754/916 
f 474/2755/917 495/2756/917 473/2757/917 
f 495/2758/918 474/2759/918 535/2760/918 
f 535/2761/919 474/2762/919 475/2763/919 
f 475/2764/920 536/2765/920 535/2766/920 
f 476/2767/921 536/2768/921 475/2769/921 
f 536/2770/922 476/2771/922 537/2772/922 
f 477/2773/923 537/2774/923 476/2775/923 
usemtl Patient_Skin
f 538/2776/924 537/2777/924 477/2778/924 
usemtl Patient_Gown
f 538/2779/925 539/2780/925 537/2781/925 
f 540/2782/926 539/2783/926 538/2784/926 
f 539/2785/927 540/2786/927 488/2787/927 
f 488/2788/928 540/2789/928 541/2790/928 
f 540/2791/929 542/2792/929 541/2793/929 
f 542/2794/930 540/2795/930 543/2796/930 
f 543/2797/931 540/2798/931 538/2799/931 
f 543/2800/932 538/2801/932 544/2802/932 
usemtl Patient_Skin
f 544/2803/933 538/2804/933 477/2805/933 
f 479/2806/934 544/2807/934 477/2808/934 
f 545/2809/935 544/2810/935 479/2811/935 
usemtl Patient_Gown
f 545/2812/936 543/2813/936 544/2814/936 
f 546/2815/937 543/2816/937 545/2817/937 
f 546/2818/938 542/2819/938 543/2820/938 
f 542/2821/939 546/2822/939 547/2823/939 
f 547/2824/940 546/2825/940 548/2826/940 
f 548/2827/941 546/2828/941 545/2829/941 
f 549/2830/942 548/2831/942 545/2832/942 
f 549/2833/943 550/2834/943 548/2835/943 
f 550/2836/944 549/2837/944 551/2838/944 
f 549/2839/945 483/2840/945 551/2841/945 
f 552/2842/946 483/2843/946 549/2844/946 
f 552/2845/947 479/2846/947 483/2847/947 
f 552/2848/948 545/2849/948 479/2850/948 
f 552/2851/949 549/2852/949 545/2853/949 
f 479/2854/950 480/2855/950 483/2856/950 
f 553/2857/951 551/2858/951 483/2859/951 
usemtl Patient_Skin
f 553/2860/952 554/2861/952 551/2862/952 
usemtl Patient_Gown
f 554/2863/953 553/2864/953 487/2865/953 
f 553/2866/954 484/2867/954 487/2868/954 
f 484/2869/955 553/2870/955 483/2871/955 
usemtl Patient_Skin
f 555/2872/956 554/2873/956 487/2874/956 
f 556/2875/957 554/2876/957 555/2877/957 
f 554/2878/958 556/2879/958 557/2880/958 
f 557/2881/959 556/2882/959 558/2883/959 
f 556/2884/960 559/2885/960 558/2886/960 
f 559/2887/961 556/2888/961 560/2889/961 
f 560/2890/962 556/2891/962 555/2892/962 
f 560/2893/963 555/2894/963 561/2895/963 
f 561/2896/964 555/2897/964 541/2898/964 
usemtl Patient_Gown
f 555/2899/965 487/2900/965 541/2901/965 
f 541/2902/966 487/2903/966 488/2904/966 
usemtl Patient_Skin
f 561/2905/967 541/2906/967 562/2907/967 
usemtl Patient_Gown
f 541/2908/968 542/2909/968 562/2910/968 
usemtl Patient_Skin
f 562/2911/969 542/2912/969 547/2913/969 
f 562/2914/970 547/2915/970 563/2916/970 
f 564/2917/971 563/2918/971 547/2919/971 
f 565/2920/972 563/2921/972 564/2922/972 
f 565/2923/973 566/2924/973 563/2925/973 
f 565/2926/974 567/2927/974 566/2928/974 
f 565/2929/975 568/2930/975 567/2931/975 
f 568/2932/976 565/2933/976 569/2934/976 
f 569/2935/977 565/2936/977 564/2937/977 
f 570/2938/978 569/2939/978 564/2940/978 
f 570/2941/979 571/2942/979 569/2943/979 
f 558/2944/980 571/2945/980 570/2946/980 
f 572/2947/981 571/2948/981 558/2949/981 
f 572/2950/982 573/2951/982 571/2952/982 
f 574/2953/983 573/2954/983 572/2955/983 
f 574/2956/984 575/2957/984 573/2958/984 
f 576/2959/985 575/2960/985 574/2961/985 
f 575/2962/986 576/2963/986 577/2964/986 
f 577/2965/987 576/2966/987 578/2967/987 
f 578/2968/988 576/2969/988 579/2970/988 
f 579/2971/989 576/2972/989 574/2973/989 
f 579/2974/990 574/2975/990 572/2976/990 
f 579/2977/991 572/2978/991 580/2979/991 
f 580/2980/992 572/2981/992 558/2982/992 
f 581/2983/993 580/2984/993 558/2985/993 
f 582/2986/994 580/2987/994 581/2988/994 
f 582/2989/995 579/2990/995 580/2991/995 
f 582/2992/996 578/2993/996 579/2994/996 
f 578/2995/997 582/2996/997 583/2997/997 
f 583/2998/998 582/2999/998 581/3000/998 
f 584/3001/999 583/3002/999 581/3003/999 
f 584/3004/1000 578/3005/1000 583/3006/1000 
f 585/3007/1001 578/3008/1001 584/3009/1001 
f 585/3010/1002 577/3011/1002 578/3012/1002 
f 586/3013/1003 577/3014/1003 585/3015/1003 
f 586/3016/1004 587/3017/1004 577/3018/1004 
f 588/3019/1005 587/3020/1005 586/3021/1005 
f 587/3022/1006 588/3023/1006 589/3024/1006 
f 588/3025/1007 590/3026/1007 589/3027/1007 
f 590/3028/1008 588/3029/1008 591/3030/1008 
f 588/3031/1009 592/3032/1009 591/3033/1009 
f 592/3034/1010 588/3035/1010 593/3036/1010 
f 593/3037/1011 588/3038/1011 586/3039/1011 
f 593/3040/1012 586/3041/1012 594/3042/1012 
f 594/3043/1013 586/3044/1013 585/3045/1013 
f 594/3046/1014 585/3047/1014 595/3048/1014 
f 595/3049/1015 585/3050/1015 584/3051/1015 
f 595/3052/1016 584/3053/1016 596/3054/1016 
f 596/3055/1017 584/3056/1017 581/3057/1017 
f 596/3058/1018 581/3059/1018 559/3060/1018 
f 559/3061/1019 581/3062/1019 558/3063/1019 
f 597/3064/1020 596/3065/1020 559/3066/1020 
f 596/3067/1021 597/3068/1021 598/3069/1021 
f 598/3070/1022 597/3071/1022 599/3072/1022 
f 597/3073/1023 560/3074/1023 599/3075/1023 
f 597/3076/1024 559/3077/1024 560/3078/1024 
f 599/3079/1025 560/3080/1025 561/3081/1025 
f 599/3082/1026 561/3083/1026 600/3084/1026 
f 561/3085/1027 562/3086/1027 600/3087/1027 
f 600/3088/1028 562/3089/1028 563/3090/1028 
f 566/3091/1029 600/3092/1029 563/3093/1029 
f 600/3094/1030 566/3095/1030 598/3096/1030 
f 601/3097/1031 598/3098/1031 566/3099/1031 
f 601/3100/1032 596/3101/1032 598/3102/1032 
f 601/3103/1033 595/3104/1033 596/3105/1033 
f 595/3106/1034 601/3107/1034 602/3108/1034 
f 602/3109/1035 601/3110/1035 603/3111/1035 
f 603/3112/1036 601/3113/1036 566/3114/1036 
f 567/3115/1037 603/3116/1037 566/3117/1037 
f 604/3118/1038 603/3119/1038 567/3120/1038 
f 604/3121/1039 602/3122/1039 603/3123/1039 
f 605/3124/1040 602/3125/1040 604/3126/1040 
f 606/3127/1041 602/3128/1041 605/3129/1041 
f 606/3130/1042 595/3131/1042 602/3132/1042 
f 606/3133/1043 594/3134/1043 595/3135/1043 
f 594/3136/1044 606/3137/1044 607/3138/1044 
f 607/3139/1045 606/3140/1045 605/3141/1045 
f 608/3142/1046 607/3143/1046 605/3144/1046 
f 609/3145/1047 607/3146/1047 608/3147/1047 
f 609/3148/1048 594/3149/1048 607/3150/1048 
f 609/3151/1049 593/3152/1049 594/3153/1049 
f 610/3154/1050 593/3155/1050 609/3156/1050 
f 610/3157/1051 592/3158/1051 593/3159/1051 
f 592/3160/1052 610/3161/1052 611/3162/1052 
f 610/3163/1053 612/3164/1053 611/3165/1053 
f 612/3166/1054 610/3167/1054 609/3168/1054 
f 612/3169/1055 609/3170/1055 608/3171/1055 
f 612/3172/1056 608/3173/1056 613/3174/1056 
f 613/3175/1057 608/3176/1057 605/3177/1057 
f 613/3178/1058 605/3179/1058 614/3180/1058 
f 605/3181/1059 615/3182/1059 614/3183/1059 
f 615/3184/1060 605/3185/1060 604/3186/1060 
f 615/3187/1061 604/3188/1061 616/3189/1061 
f 604/3190/1062 617/3191/1062 616/3192/1062 
f 617/3193/1063 604/3194/1063 567/3195/1063 
f 589/3196/1064 617/3197/1064 567/3198/1064 
f 589/3199/1065 590/3200/1065 617/3201/1065 
f 590/3202/1066 616/3203/1066 617/3204/1066 
f 590/3205/1067 591/3206/1067 616/3207/1067 
f 591/3208/1068 611/3209/1068 616/3210/1068 
f 591/3211/1069 592/3212/1069 611/3213/1069 
f 615/3214/1070 616/3215/1070 611/3216/1070 
f 614/3217/1071 615/3218/1071 611/3219/1071 
f 612/3220/1072 614/3221/1072 611/3222/1072 
f 614/3223/1073 612/3224/1073 613/3225/1073 
f 618/3226/1074 589/3227/1074 567/3228/1074 
f 589/3229/1075 618/3230/1075 587/3231/1075 
f 618/3232/1076 619/3233/1076 587/3234/1076 
f 568/3235/1077 619/3236/1077 618/3237/1077 
f 619/3238/1078 568/3239/1078 575/3240/1078 
f 575/3241/1079 568/3242/1079 573/3243/1079 
f 573/3244/1080 568/3245/1080 569/3246/1080 
f 573/3247/1081 569/3248/1081 571/3249/1081 
f 619/3250/1082 575/3251/1082 577/3252/1082 
f 587/3253/1083 619/3254/1083 577/3255/1083 
f 568/3256/1084 618/3257/1084 567/3258/1084 
f 599/3259/1085 600/3260/1085 598/3261/1085 
f 557/3262/1086 558/3263/1086 570/3264/1086 
f 557/3265/1087 570/3266/1087 551/3267/1087 
f 570/3268/1088 550/3269/1088 551/3270/1088 
f 620/3271/1089 550/3272/1089 570/3273/1089 
f 550/3274/1090 620/3275/1090 548/3276/1090 
f 620/3277/1091 547/3278/1091 548/3279/1091 
f 620/3280/1092 564/3281/1092 547/3282/1092 
f 620/3283/1093 570/3284/1093 564/3285/1093 
f 551/3286/1094 554/3287/1094 557/3288/1094 
usemtl Patient_Gown
f 489/3289/1095 539/3290/1095 488/3291/1095 
f 621/3292/1096 539/3293/1096 489/3294/1096 
f 539/3295/1097 621/3296/1097 537/3297/1097 
f 621/3298/1098 536/3299/1098 537/3300/1098 
f 622/3301/1099 536/3302/1099 621/3303/1099 
f 536/3304/1100 622/3305/1100 535/3306/1100 
f 535/3307/1101 622/3308/1101 492/3309/1101 
f 491/3310/1102 492/3311/1102 622/3312/1102 
f 490/3313/1103 491/3314/1103 622/3315/1103 
f 490/3316/1104 622/3317/1104 621/3318/1104 
f 490/3319/1105 621/3320/1105 489/3321/1105 
f 494/3322/1106 535/3323/1106 492/3324/1106 
f 494/3325/1107 495/3326/1107 535/3327/1107 
f 534/3328/1108 497/3329/1108 500/3330/1108 
f 497/3331/1109 498/3332/1109 500/3333/1109 
f 531/3334/1110 534/3335/1110 500/3336/1110 
f 532/3337/1111 534/3338/1111 531/3339/1111 
f 507/3340/1112 531/3341/1112 500/3342/1112 
f 507/3343/1113 530/3344/1113 531/3345/1113 
f 530/3346/1114 507/3347/1114 509/3348/1114 
f 526/3349/1115 530/3350/1115 509/3351/1115 
usemtl Patient_Skin
f 525/3352/1116 509/3353/1116 510/3354/1116 
f 525/3355/1117 510/3356/1117 623/3357/1117 
f 623/3358/1118 510/3359/1118 624/3360/1118 
f 510/3361/1119 511/3362/1119 624/3363/1119 
f 624/3364/1120 511/3365/1120 515/3366/1120 
f 625/3367/1121 624/3368/1121 515/3369/1121 
f 623/3370/1122 624/3371/1122 625/3372/1122 
f 626/3373/1123 623/3374/1123 625/3375/1123 
f 627/3376/1124 623/3377/1124 626/3378/1124 
f 627/3379/1125 525/3380/1125 623/3381/1125 
f 524/3382/1126 525/3383/1126 627/3384/1126 
f 628/3385/1127 524/3386/1127 627/3387/1127 
f 524/3388/1128 628/3389/1128 629/3390/1128 
f 628/3391/1129 630/3392/1129 629/3393/1129 
f 630/3394/1130 628/3395/1130 631/3396/1130 
f 628/3397/1131 627/3398/1131 631/3399/1131 
f 631/3400/1132 627/3401/1132 626/3402/1132 
f 632/3403/1133 631/3404/1133 626/3405/1133 
f 630/3406/1134 631/3407/1134 632/3408/1134 
f 633/3409/1135 630/3410/1135 632/3411/1135 
f 630/3412/1136 633/3413/1136 634/3414/1136 
f 633/3415/1137 635/3416/1137 634/3417/1137 
f 633/3418/1138 636/3419/1138 635/3420/1138 
f 636/3421/1139 633/3422/1139 637/3423/1139 
f 637/3424/1140 633/3425/1140 632/3426/1140 
f 638/3427/1141 637/3428/1141 632/3429/1141 
f 639/3430/1142 637/3431/1142 638/3432/1142 
f 639/3433/1143 640/3434/1143 637/3435/1143 
f 641/3436/1144 640/3437/1144 639/3438/1144 
f 641/3439/1145 642/3440/1145 640/3441/1145 
f 643/3442/1146 642/3443/1146 641/3444/1146 
f 643/3445/1147 644/3446/1147 642/3447/1147 
f 644/3448/1148 643/3449/1148 645/3450/1148 
f 643/3451/1149 646/3452/1149 645/3453/1149 
f 647/3454/1150 646/3455/1150 643/3456/1150 
f 647/3457/1151 648/3458/1151 646/3459/1151 
f 649/3460/1152 648/3461/1152 647/3462/1152 
f 648/3463/1153 649/3464/1153 650/3465/1153 
f 649/3466/1154 635/3467/1154 650/3468/1154 
f 635/3469/1155 649/3470/1155 634/3471/1155 
f 649/3472/1156 651/3473/1156 634/3474/1156 
f 652/3475/1157 651/3476/1157 649/3477/1157 
f 651/3478/1158 652/3479/1158 653/3480/1158 
f 652/3481/1159 654/3482/1159 653/3483/1159 
f 652/3484/1160 655/3485/1160 654/3486/1160 
f 652/3487/1161 656/3488/1161 655/3489/1161 
f 656/3490/1162 652/3491/1162 657/3492/1162 
f 657/3493/1163 652/3494/1163 649/3495/1163 
f 657/3496/1164 649/3497/1164 647/3498/1164 
f 657/3499/1165 647/3500/1165 658/3501/1165 
f 658/3502/1166 647/3503/1166 643/3504/1166 
f 658/3505/1167 643/3506/1167 641/3507/1167 
f 641/3508/1168 659/3509/1168 658/3510/1168 
f 659/3511/1169 641/3512/1169 639/3513/1169 
f 659/3514/1170 639/3515/1170 660/3516/1170 
f 660/3517/1171 639/3518/1171 638/3519/1171 
f 660/3520/1172 638/3521/1172 661/3522/1172 
f 661/3523/1173 638/3524/1173 662/3525/1173 
f 638/3526/1174 632/3527/1174 662/3528/1174 
f 662/3529/1175 632/3530/1175 626/3531/1175 
f 662/3532/1176 626/3533/1176 625/3534/1176 
f 663/3535/1177 662/3536/1177 625/3537/1177 
f 662/3538/1178 663/3539/1178 664/3540/1178 
f 664/3541/1179 663/3542/1179 665/3543/1179 
f 663/3544/1180 666/3545/1180 665/3546/1180 
f 663/3547/1181 625/3548/1181 666/3549/1181 
f 625/3550/1182 667/3551/1182 666/3552/1182 
f 667/3553/1183 625/3554/1183 515/3555/1183 
f 653/3556/1184 667/3557/1184 515/3558/1184 
f 653/3559/1185 654/3560/1185 667/3561/1185 
f 654/3562/1186 666/3563/1186 667/3564/1186 
f 654/3565/1187 668/3566/1187 666/3567/1187 
f 655/3568/1188 668/3569/1188 654/3570/1188 
f 655/3571/1189 669/3572/1189 668/3573/1189 
f 669/3574/1190 655/3575/1190 659/3576/1190 
f 655/3577/1191 656/3578/1191 659/3579/1191 
f 659/3580/1192 656/3581/1192 658/3582/1192 
f 656/3583/1193 657/3584/1193 658/3585/1193 
f 669/3586/1194 659/3587/1194 660/3588/1194 
f 665/3589/1195 669/3590/1195 660/3591/1195 
f 669/3592/1196 665/3593/1196 668/3594/1196 
f 668/3595/1197 665/3596/1197 666/3597/1197 
f 664/3598/1198 665/3599/1198 660/3600/1198 
f 664/3601/1199 660/3602/1199 661/3603/1199 
f 661/3604/1200 662/3605/1200 664/3606/1200 
f 653/3607/1201 515/3608/1201 670/3609/1201 
f 515/3610/1202 516/3611/1202 670/3612/1202 
f 670/3613/1203 516/3614/1203 517/3615/1203 
f 671/3616/1204 670/3617/1204 517/3618/1204 
f 670/3619/1205 671/3620/1205 651/3621/1205 
f 634/3622/1206 651/3623/1206 671/3624/1206 
f 629/3625/1207 634/3626/1207 671/3627/1207 
f 630/3628/1208 634/3629/1208 629/3630/1208 
f 629/3631/1209 671/3632/1209 523/3633/1209 
f 671/3634/1210 517/3635/1210 523/3636/1210 
f 523/3637/1211 517/3638/1211 521/3639/1211 
usemtl Patient_Gown
f 517/3640/1212 518/3641/1212 521/3642/1212 
f 521/3643/1213 518/3644/1213 519/3645/1213 
usemtl Patient_Skin
f 523/3646/1214 524/3647/1214 629/3648/1214 
f 653/3649/1215 670/3650/1215 651/3651/1215 
f 636/3652/1216 650/3653/1216 635/3654/1216 
f 636/3655/1217 672/3656/1217 650/3657/1217 
f 672/3658/1218 636/3659/1218 673/3660/1218 
f 673/3661/1219 636/3662/1219 637/3663/1219 
f 640/3664/1220 673/3665/1220 637/3666/1220 
f 674/3667/1221 673/3668/1221 640/3669/1221 
f 674/3670/1222 672/3671/1222 673/3672/1222 
f 674/3673/1223 675/3674/1223 672/3675/1223 
f 675/3676/1224 674/3677/1224 676/3678/1224 
f 676/3679/1225 674/3680/1225 640/3681/1225 
f 642/3682/1226 676/3683/1226 640/3684/1226 
f 642/3685/1227 677/3686/1227 676/3687/1227 
f 644/3688/1228 677/3689/1228 642/3690/1228 
f 677/3691/1229 644/3692/1229 678/3693/1229 
f 644/3694/1230 645/3695/1230 678/3696/1230 
f 679/3697/1231 678/3698/1231 645/3699/1231 
f 678/3700/1232 679/3701/1232 680/3702/1232 
f 680/3703/1233 679/3704/1233 650/3705/1233 
f 679/3706/1234 648/3707/1234 650/3708/1234 
f 648/3709/1235 679/3710/1235 646/3711/1235 
f 646/3712/1236 679/3713/1236 645/3714/1236 
f 672/3715/1237 680/3716/1237 650/3717/1237 
f 681/3718/1238 680/3719/1238 672/3720/1238 
f 681/3721/1239 678/3722/1239 680/3723/1239 
f 678/3724/1240 681/3725/1240 682/3726/1240 
f 682/3727/1241 681/3728/1241 683/3729/1241 
f 683/3730/1242 681/3731/1242 672/3732/1242 
f 675/3733/1243 683/3734/1243 672/3735/1243 
f 675/3736/1244 682/3737/1244 683/3738/1244 
f 682/3739/1245 675/3740/1245 676/3741/1245 
f 677/3742/1246 682/3743/1246 676/3744/1246 
f 677/3745/1247 678/3746/1247 682/3747/1247 
usemtl Patient_Gown
f 684/3748/1248 442/3749/1248 481/3750/1248 
f 440/3751/1249 442/3752/1249 684/3753/1249 
f 439/3754/1250 440/3755/1250 684/3756/1250 
f 439/3757/1251 684/3758/1251 433/3759/1251 
f 433/3760/1252 684/3761/1252 432/3762/1252 
f 684/3763/1253 481/3764/1253 432/3765/1253 
f 434/3766/1254 439/3767/1254 433/3768/1254 
f 435/3769/1255 439/3770/1255 434/3771/1255 
f 324/3772/1256 333/3773/1256 323/3774/1256 
f 323/3775/1257 426/3776/1257 322/3777/1257 
f 426/3778/1258 422/3779/1258 322/3780/1258 
f 322/3781/1259 314/3782/1259 316/3783/1259 
f 340/3784/1260 685/3785/1260 411/3786/1260 
f 685/3787/1261 340/3788/1261 341/3789/1261 
f 685/3790/1262 341/3791/1262 686/3792/1262 
f 343/3793/1263 686/3794/1263 341/3795/1263 
f 343/3796/1264 687/3797/1264 686/3798/1264 
f 344/3799/1265 687/3800/1265 343/3801/1265 
f 344/3802/1266 347/3803/1266 687/3804/1266 
f 347/3805/1267 688/3806/1267 687/3807/1267 
f 689/3808/1268 688/3809/1268 347/3810/1268 
f 690/3811/1269 688/3812/1269 689/3813/1269 
f 688/3814/1270 690/3815/1270 691/3816/1270 
f 691/3817/1271 690/3818/1271 692/3819/1271 
f 690/3820/1272 693/3821/1272 692/3822/1272 
f 694/3823/1273 693/3824/1273 690/3825/1273 
f 694/3826/1274 695/3827/1274 693/3828/1274 
f 695/3829/1275 694/3830/1275 696/3831/1275 
f 696/3832/1276 694/3833/1276 697/3834/1276 
f 694/3835/1277 689/3836/1277 697/3837/1277 
f 694/3838/1278 690/3839/1278 689/3840/1278 
usemtl Patient_Skin
f 697/3841/1279 689/3842/1279 698/3843/1279 
f 689/3844/1280 699/3845/1280 698/3846/1280 
usemtl Patient_Gown
f 699/3847/1281 689/3848/1281 347/3849/1281 
f 699/3850/1282 347/3851/1282 700/3852/1282 
f 347/3853/1283 350/3854/1283 700/3855/1283 
f 347/3856/1284 346/3857/1284 350/3858/1284 
f 345/3859/1285 350/3860/1285 346/3861/1285 
f 700/3862/1286 350/3863/1286 351/3864/1286 
f 700/3865/1287 351/3866/1287 701/3867/1287 
f 351/3868/1288 702/3869/1288 701/3870/1288 
f 702/3871/1289 351/3872/1289 703/3873/1289 
f 351/3874/1290 352/3875/1290 703/3876/1290 
f 703/3877/1291 352/3878/1291 704/3879/1291 
f 352/3880/1292 353/3881/1292 704/3882/1292 
f 353/3883/1293 355/3884/1293 704/3885/1293 
f 704/3886/1294 355/3887/1294 705/3888/1294 
usemtl Patient_Skin
f 706/3889/1295 705/3890/1295 355/3891/1295 
f 705/3892/1296 706/3893/1296 707/3894/1296 
f 706/3895/1297 708/3896/1297 707/3897/1297 
f 708/3898/1298 706/3899/1298 709/3900/1298 
usemtl Patient_Gown
f 706/3901/1299 356/3902/1299 709/3903/1299 
f 356/3904/1300 706/3905/1300 355/3906/1300 
f 357/3907/1301 709/3908/1301 356/3909/1301 
f 357/3910/1302 360/3911/1302 709/3912/1302 
f 360/3913/1303 708/3914/1303 709/3915/1303 
usemtl Patient_Skin
f 360/3916/1304 710/3917/1304 708/3918/1304 
f 710/3919/1305 360/3920/1305 362/3921/1305 
f 362/3922/1306 711/3923/1306 710/3924/1306 
f 711/3925/1307 362/3926/1307 364/3927/1307 
f 712/3928/1308 711/3929/1308 364/3930/1308 
f 712/3931/1309 713/3932/1309 711/3933/1309 
f 714/3934/1310 713/3935/1310 712/3936/1310 
f 714/3937/1311 715/3938/1311 713/3939/1311 
f 716/3940/1312 715/3941/1312 714/3942/1312 
f 716/3943/1313 717/3944/1313 715/3945/1313 
f 717/3946/1314 716/3947/1314 718/3948/1314 
f 716/3949/1315 719/3950/1315 718/3951/1315 
f 716/3952/1316 720/3953/1316 719/3954/1316 
f 720/3955/1317 716/3956/1317 714/3957/1317 
f 720/3958/1318 714/3959/1318 721/3960/1318 
f 721/3961/1319 714/3962/1319 712/3963/1319 
f 712/3964/1320 722/3965/1320 721/3966/1320 
f 712/3967/1321 364/3968/1321 722/3969/1321 
f 722/3970/1322 364/3971/1322 723/3972/1322 
f 723/3973/1323 364/3974/1323 724/3975/1323 
f 724/3976/1324 364/3977/1324 365/3978/1324 
f 724/3979/1325 365/3980/1325 725/3981/1325 
f 365/3982/1326 726/3983/1326 725/3984/1326 
f 726/3985/1327 365/3986/1327 727/3987/1327 
usemtl Patient_Gown
f 727/3988/1328 365/3989/1328 366/3990/1328 
f 703/3991/1329 727/3992/1329 366/3993/1329 
f 727/3994/1330 703/3995/1330 704/3996/1330 
f 704/3997/1331 726/3998/1331 727/3999/1331 
usemtl Patient_Skin
f 726/4000/1332 704/4001/1332 705/4002/1332 
f 726/4003/1333 705/4004/1333 728/4005/1333 
f 728/4006/1334 705/4007/1334 707/4008/1334 
f 707/4009/1335 729/4010/1335 728/4011/1335 
f 730/4012/1336 729/4013/1336 707/4014/1336 
f 730/4015/1337 731/4016/1337 729/4017/1337 
f 730/4018/1338 732/4019/1338 731/4020/1338 
f 733/4021/1339 732/4022/1339 730/4023/1339 
f 734/4024/1340 732/4025/1340 733/4026/1340 
f 732/4027/1341 734/4028/1341 735/4029/1341 
f 735/4030/1342 734/4031/1342 736/4032/1342 
f 734/4033/1343 717/4034/1343 736/4035/1343 
f 717/4036/1344 734/4037/1344 715/4038/1344 
f 715/4039/1345 734/4040/1345 733/4041/1345 
f 715/4042/1346 733/4043/1346 713/4044/1346 
f 713/4045/1347 733/4046/1347 737/4047/1347 
f 733/4048/1348 738/4049/1348 737/4050/1348 
f 738/4051/1349 733/4052/1349 730/4053/1349 
f 738/4054/1350 730/4055/1350 707/4056/1350 
f 708/4057/1351 738/4058/1351 707/4059/1351 
f 737/4060/1352 738/4061/1352 708/4062/1352 
f 710/4063/1353 737/4064/1353 708/4065/1353 
f 711/4066/1354 737/4067/1354 710/4068/1354 
f 713/4069/1355 737/4070/1355 711/4071/1355 
f 717/4072/1356 718/4073/1356 736/4074/1356 
f 736/4075/1357 718/4076/1357 739/4077/1357 
f 718/4078/1358 740/4079/1358 739/4080/1358 
f 740/4081/1359 718/4082/1359 719/4083/1359 
f 741/4084/1360 740/4085/1360 719/4086/1360 
f 740/4087/1361 741/4088/1361 742/4089/1361 
f 743/4090/1362 742/4091/1362 741/4092/1362 
f 742/4093/1363 743/4094/1363 744/4095/1363 
f 743/4096/1364 745/4097/1364 744/4098/1364 
f 745/4099/1365 743/4100/1365 746/4101/1365 
f 743/4102/1366 747/4103/1366 746/4104/1366 
f 743/4105/1367 748/4106/1367 747/4107/1367 
f 748/4108/1368 743/4109/1368 741/4110/1368 
f 748/4111/1369 741/4112/1369 719/4113/1369 
f 749/4114/1370 748/4115/1370 719/4116/1370 
f 748/4117/1371 749/4118/1371 750/4119/1371 
f 750/4120/1372 749/4121/1372 751/4122/1372 
f 749/4123/1373 752/4124/1373 751/4125/1373 
f 749/4126/1374 753/4127/1374 752/4128/1374 
f 754/4129/1375 753/4130/1375 749/4131/1375 
f 753/4132/1376 754/4133/1376 755/4134/1376 
f 754/4135/1377 756/4136/1377 755/4137/1377 
f 756/4138/1378 754/4139/1378 757/4140/1378 
f 754/4141/1379 720/4142/1379 757/4143/1379 
f 720/4144/1380 754/4145/1380 749/4146/1380 
f 720/4147/1381 749/4148/1381 719/4149/1381 
f 757/4150/1382 720/4151/1382 721/4152/1382 
f 721/4153/1383 758/4154/1383 757/4155/1383 
f 722/4156/1384 758/4157/1384 721/4158/1384 
f 759/4159/1385 758/4160/1385 722/4161/1385 
f 759/4162/1386 760/4163/1386 758/4164/1386 
f 759/4165/1387 761/4166/1387 760/4167/1387 
f 761/4168/1388 759/4169/1388 751/4170/1388 
f 762/4171/1389 751/4172/1389 759/4173/1389 
f 750/4174/1390 751/4175/1390 762/4176/1390 
f 763/4177/1391 750/4178/1391 762/4179/1391 
f 764/4180/1392 750/4181/1392 763/4182/1392 
f 764/4183/1393 748/4184/1393 750/4185/1393 
f 748/4186/1394 764/4187/1394 747/4188/1394 
f 747/4189/1395 764/4190/1395 763/4191/1395 765/4192/1395 
f 765/4193/1396 763/4194/1396 766/4195/1396 
f 766/4196/1397 763/4197/1397 767/4198/1397 
f 763/4199/1398 723/4200/1398 767/4201/1398 
f 723/4202/1399 763/4203/1399 762/4204/1399 
f 723/4205/1400 762/4206/1400 768/4207/1400 
f 762/4208/1401 759/4209/1401 768/4210/1401 
f 768/4211/1402 759/4212/1402 722/4213/1402 
f 768/4214/1403 722/4215/1403 723/4216/1403 
f 767/4217/1404 723/4218/1404 724/4219/1404 
f 769/4220/1405 767/4221/1405 724/4222/1405 
f 767/4223/1406 769/4224/1406 770/4225/1406 
f 770/4226/1407 769/4227/1407 771/4228/1407 
f 769/4229/1408 772/4230/1408 771/4231/1408 
f 772/4232/1409 769/4233/1409 725/4234/1409 
f 725/4235/1410 769/4236/1410 724/4237/1410 
f 728/4238/1411 772/4239/1411 725/4240/1411 
f 729/4241/1412 772/4242/1412 728/4243/1412 
f 772/4244/1413 729/4245/1413 773/4246/1413 
f 731/4247/1414 773/4248/1414 729/4249/1414 
f 731/4250/1415 774/4251/1415 773/4252/1415 
f 775/4253/1416 774/4254/1416 731/4255/1416 
f 774/4256/1417 775/4257/1417 776/4258/1417 
f 775/4259/1418 777/4260/1418 776/4261/1418 
f 775/4262/1419 739/4263/1419 777/4264/1419 
f 736/4265/1420 739/4266/1420 775/4267/1420 
f 775/4268/1421 735/4269/1421 736/4270/1421 
f 735/4271/1422 775/4272/1422 731/4273/1422 
f 732/4274/1423 735/4275/1423 731/4276/1423 
f 739/4277/1424 778/4278/1424 777/4279/1424 
f 739/4280/1425 740/4281/1425 778/4282/1425 
f 740/4283/1426 779/4284/1426 778/4285/1426 
f 779/4286/1427 740/4287/1427 742/4288/1427 
f 780/4289/1428 779/4290/1428 742/4291/1428 
f 781/4292/1429 779/4293/1429 780/4294/1429 
f 779/4295/1430 781/4296/1430 782/4297/1430 
f 782/4298/1431 781/4299/1431 783/4300/1431 
f 781/4301/1432 784/4302/1432 783/4303/1432 
f 784/4304/1433 781/4305/1433 785/4306/1433 
f 785/4307/1434 781/4308/1434 780/4309/1434 
f 786/4310/1435 785/4311/1435 780/4312/1435 
f 786/4313/1436 787/4314/1436 785/4315/1436 
f 788/4316/1437 787/4317/1437 786/4318/1437 
f 787/4319/1438 788/4320/1438 789/4321/1438 
f 789/4322/1439 788/4323/1439 790/4324/1439 
f 788/4325/1440 791/4326/1440 790/4327/1440 
f 792/4328/1441 791/4329/1441 788/4330/1441 
f 793/4331/1442 791/4332/1442 792/4333/1442 
f 790/4334/1443 791/4335/1443 793/4336/1443 
f 794/4337/1444 790/4338/1444 793/4339/1444 
f 790/4340/1445 794/4341/1445 795/4342/1445 
f 794/4343/1446 796/4344/1446 795/4345/1446 
f 796/4346/1447 794/4347/1447 797/4348/1447 
f 797/4349/1448 794/4350/1448 798/4351/1448 
f 794/4352/1449 793/4353/1449 798/4354/1449 
f 793/4355/1450 799/4356/1450 798/4357/1450 
f 793/4358/1451 792/4359/1451 799/4360/1451 
f 792/4361/1452 800/4362/1452 799/4363/1452 
f 786/4364/1453 801/4365/1453 800/4366/1453 792/4367/1453 
f 786/4368/1454 802/4369/1454 801/4370/1454 
f 802/4371/1455 786/4372/1455 780/4373/1455 
f 803/4374/1456 802/4375/1456 780/4376/1456 
f 803/4377/1457 804/4378/1457 802/4379/1457 
f 804/4380/1458 803/4381/1458 805/4382/1458 
f 803/4383/1459 806/4384/1459 805/4385/1459 
f 807/4386/1460 806/4387/1460 803/4388/1460 
f 806/4389/1461 807/4390/1461 808/4391/1461 
f 807/4392/1462 809/4393/1462 808/4394/1462 
f 809/4395/1463 807/4396/1463 810/4397/1463 
f 810/4398/1464 807/4399/1464 744/4400/1464 
f 807/4401/1465 742/4402/1465 744/4403/1465 
f 742/4404/1466 807/4405/1466 803/4406/1466 
f 742/4407/1467 803/4408/1467 780/4409/1467 
f 810/4410/1468 744/4411/1468 811/4412/1468 
f 811/4413/1469 744/4414/1469 745/4415/1469 
f 812/4416/1470 811/4417/1470 745/4418/1470 
f 811/4419/1471 812/4420/1471 813/4421/1471 
f 814/4422/1472 813/4423/1472 812/4424/1472 
f 813/4425/1473 814/4426/1473 815/4427/1473 
f 815/4428/1474 814/4429/1474 816/4430/1474 
f 814/4431/1475 817/4432/1475 816/4433/1475 
f 818/4434/1476 817/4435/1476 814/4436/1476 
f 819/4437/1477 817/4438/1477 818/4439/1477 
f 819/4440/1478 820/4441/1478 817/4442/1478 
f 821/4443/1479 820/4444/1479 819/4445/1479 
f 821/4446/1480 822/4447/1480 820/4448/1480 
f 822/4449/1481 821/4450/1481 823/4451/1481 
f 821/4452/1482 811/4453/1482 823/4454/1482 
f 821/4455/1483 810/4456/1483 811/4457/1483 
f 810/4458/1484 821/4459/1484 819/4460/1484 
f 819/4461/1485 809/4462/1485 810/4463/1485 
f 824/4464/1486 809/4465/1486 819/4466/1486 
f 824/4467/1487 765/4468/1487 809/4469/1487 
f 747/4470/1488 765/4471/1488 824/4472/1488 
f 747/4473/1489 824/4474/1489 746/4475/1489 
f 824/4476/1490 818/4477/1490 746/4478/1490 
f 824/4479/1491 819/4480/1491 818/4481/1491 
f 818/4482/1492 814/4483/1492 746/4484/1492 
f 814/4485/1493 812/4486/1493 746/4487/1493 
f 812/4488/1494 745/4489/1494 746/4490/1494 
f 765/4491/1495 825/4492/1495 809/4493/1495 
f 825/4494/1496 765/4495/1496 766/4496/1496 
f 825/4497/1497 766/4498/1497 826/4499/1497 
f 766/4500/1498 770/4501/1498 826/4502/1498 
f 766/4503/1499 767/4504/1499 770/4505/1499 
f 826/4506/1500 770/4507/1500 827/4508/1500 
f 770/4509/1501 771/4510/1501 827/4511/1501 
f 827/4512/1502 771/4513/1502 828/4514/1502 
f 771/4515/1503 773/4516/1503 828/4517/1503 
f 771/4518/1504 772/4519/1504 773/4520/1504 
f 774/4521/1505 828/4522/1505 773/4523/1505 
f 828/4524/1506 774/4525/1506 829/4526/1506 
f 774/4527/1507 776/4528/1507 829/4529/1507 
f 829/4530/1508 776/4531/1508 830/4532/1508 
f 776/4533/1509 831/4534/1509 830/4535/1509 
f 776/4536/1510 777/4537/1510 831/4538/1510 
f 777/4539/1511 832/4540/1511 831/4541/1511 
f 777/4542/1512 778/4543/1512 832/4544/1512 
f 778/4545/1513 833/4546/1513 832/4547/1513 
f 778/4548/1514 834/4549/1514 833/4550/1514 
f 834/4551/1515 778/4552/1515 835/4553/1515 
f 778/4554/1516 779/4555/1516 835/4556/1516 
f 779/4557/1517 836/4558/1517 835/4559/1517 
f 836/4560/1518 779/4561/1518 782/4562/1518 
f 836/4563/1519 782/4564/1519 837/4565/1519 
f 782/4566/1520 838/4567/1520 837/4568/1520 
f 838/4569/1521 782/4570/1521 783/4571/1521 
f 839/4572/1522 838/4573/1522 783/4574/1522 
f 839/4575/1523 840/4576/1523 838/4577/1523 
f 841/4578/1524 840/4579/1524 839/4580/1524 
f 842/4581/1525 840/4582/1525 841/4583/1525 
f 838/4584/1526 840/4585/1526 842/4586/1526 
f 837/4587/1527 838/4588/1527 842/4589/1527 
f 837/4590/1528 842/4591/1528 843/4592/1528 
f 843/4593/1529 842/4594/1529 844/4595/1529 
f 842/4596/1530 845/4597/1530 844/4598/1530 
f 845/4599/1531 842/4600/1531 841/4601/1531 
f 841/4602/1532 846/4603/1532 845/4604/1532 
f 847/4605/1533 846/4606/1533 841/4607/1533 
f 847/4608/1534 848/4609/1534 846/4610/1534 
f 848/4611/1535 847/4612/1535 849/4613/1535 
f 847/4614/1536 850/4615/1536 849/4616/1536 
f 847/4617/1537 839/4618/1537 850/4619/1537 
f 847/4620/1538 841/4621/1538 839/4622/1538 
f 839/4623/1539 851/4624/1539 850/4625/1539 
f 851/4626/1540 839/4627/1540 852/4628/1540 
f 852/4629/1541 839/4630/1541 783/4631/1541 
f 853/4632/1542 852/4633/1542 783/4634/1542 
f 854/4635/1543 852/4636/1543 853/4637/1543 
f 854/4638/1544 855/4639/1544 852/4640/1544 
f 843/4641/1545 855/4642/1545 854/4643/1545 
f 843/4644/1546 844/4645/1546 855/4646/1546 
f 844/4647/1547 856/4648/1547 855/4649/1547 
f 844/4650/1548 857/4651/1548 856/4652/1548 
f 857/4653/1549 844/4654/1549 845/4655/1549 
f 858/4656/1550 857/4657/1550 845/4658/1550 
f 858/4659/1551 859/4660/1551 857/4661/1551 
f 859/4662/1552 858/4663/1552 860/4664/1552 
f 858/4665/1553 861/4666/1553 860/4667/1553 
f 858/4668/1554 862/4669/1554 861/4670/1554 
f 862/4671/1555 858/4672/1555 846/4673/1555 
f 846/4674/1556 858/4675/1556 845/4676/1556 
f 862/4677/1557 846/4678/1557 848/4679/1557 
f 863/4680/1558 862/4681/1558 848/4682/1558 
f 862/4683/1559 863/4684/1559 864/4685/1559 
f 863/4686/1560 865/4687/1560 864/4688/1560 
f 849/4689/1561 865/4690/1561 863/4691/1561 
f 866/4692/1562 865/4693/1562 849/4694/1562 
f 865/4695/1563 866/4696/1563 867/4697/1563 
f 866/4698/1564 868/4699/1564 867/4700/1564 
f 860/4701/1565 868/4702/1565 866/4703/1565 
f 860/4704/1566 861/4705/1566 868/4706/1566 
f 861/4707/1567 869/4708/1567 868/4709/1567 
f 862/4710/1568 869/4711/1568 861/4712/1568 
f 869/4713/1569 862/4714/1569 864/4715/1569 
f 869/4716/1570 864/4717/1570 868/4718/1570 
f 864/4719/1571 867/4720/1571 868/4721/1571 
f 865/4722/1572 867/4723/1572 864/4724/1572 
f 859/4725/1573 860/4726/1573 866/4727/1573 
f 859/4728/1574 866/4729/1574 870/4730/1574 
f 870/4731/1575 866/4732/1575 849/4733/1575 
f 870/4734/1576 849/4735/1576 850/4736/1576 
f 856/4737/1577 870/4738/1577 850/4739/1577 
f 857/4740/1578 870/4741/1578 856/4742/1578 
f 857/4743/1579 859/4744/1579 870/4745/1579 
f 856/4746/1580 850/4747/1580 851/4748/1580 
f 855/4749/1581 856/4750/1581 851/4751/1581 
f 855/4752/1582 851/4753/1582 852/4754/1582 
f 848/4755/1583 849/4756/1583 863/4757/1583 
f 871/4758/1584 843/4759/1584 854/4760/1584 
f 871/4761/1585 837/4762/1585 843/4763/1585 
f 836/4764/1586 837/4765/1586 871/4766/1586 
f 835/4767/1587 836/4768/1587 871/4769/1587 
f 835/4770/1588 871/4771/1588 854/4772/1588 
f 872/4773/1589 835/4774/1589 854/4775/1589 
f 872/4776/1590 834/4777/1590 835/4778/1590 
f 834/4779/1591 872/4780/1591 853/4781/1591 
f 872/4782/1592 854/4783/1592 853/4784/1592 
f 873/4785/1593 834/4786/1593 853/4787/1593 
f 834/4788/1594 873/4789/1594 874/4790/1594 
f 873/4791/1595 829/4792/1595 874/4793/1595 
f 873/4794/1596 827/4795/1596 829/4796/1596 
f 826/4797/1597 827/4798/1597 873/4799/1597 
f 826/4800/1598 873/4801/1598 784/4802/1598 
f 784/4803/1599 873/4804/1599 853/4805/1599 
f 783/4806/1600 784/4807/1600 853/4808/1600 
f 825/4809/1601 826/4810/1601 784/4811/1601 
f 809/4812/1602 825/4813/1602 784/4814/1602 
f 809/4815/1603 784/4816/1603 875/4817/1603 
f 875/4818/1604 784/4819/1604 785/4820/1604 
f 787/4821/1605 875/4822/1605 785/4823/1605 
f 808/4824/1606 875/4825/1606 787/4826/1606 
f 808/4827/1607 809/4828/1607 875/4829/1607 
f 808/4830/1608 787/4831/1608 789/4832/1608 
f 808/4833/1609 789/4834/1609 805/4835/1609 
f 789/4836/1610 876/4837/1610 805/4838/1610 
f 790/4839/1611 876/4840/1611 789/4841/1611 
f 790/4842/1612 795/4843/1612 876/4844/1612 
f 795/4845/1613 877/4846/1613 876/4847/1613 
f 795/4848/1614 878/4849/1614 877/4850/1614 
f 878/4851/1615 795/4852/1615 796/4853/1615 
f 879/4854/1616 878/4855/1616 796/4856/1616 
f 878/4857/1617 879/4858/1617 880/4859/1617 
f 880/4860/1618 879/4861/1618 881/4862/1618 
f 879/4863/1619 882/4864/1619 881/4865/1619 
f 879/4866/1620 796/4867/1620 882/4868/1620 
f 796/4869/1621 883/4870/1621 882/4871/1621 
f 883/4872/1622 796/4873/1622 797/4874/1622 
f 883/4875/1623 797/4876/1623 798/4877/1623 
f 884/4878/1624 883/4879/1624 798/4880/1624 
f 882/4881/1625 883/4882/1625 884/4883/1625 
f 881/4884/1626 882/4885/1626 884/4886/1626 
f 881/4887/1627 884/4888/1627 799/4889/1627 
f 799/4890/1628 884/4891/1628 798/4892/1628 
f 880/4893/1629 881/4894/1629 799/4895/1629 
f 800/4896/1630 880/4897/1630 799/4898/1630 
f 800/4899/1631 878/4900/1631 880/4901/1631 
f 800/4902/1632 801/4903/1632 878/4904/1632 
f 801/4905/1633 877/4906/1633 878/4907/1633 
f 801/4908/1634 802/4909/1634 877/4910/1634 
f 802/4911/1635 804/4912/1635 877/4913/1635 
f 876/4914/1636 877/4915/1636 804/4916/1636 
f 805/4917/1637 876/4918/1637 804/4919/1637 
f 805/4920/1638 806/4921/1638 808/4922/1638 
f 827/4923/1639 828/4924/1639 829/4925/1639 
f 829/4926/1640 830/4927/1640 874/4928/1640 
f 874/4929/1641 830/4930/1641 885/4931/1641 
f 885/4932/1642 830/4933/1642 831/4934/1642 
f 886/4935/1643 885/4936/1643 831/4937/1643 
f 886/4938/1644 887/4939/1644 885/4940/1644 
f 886/4941/1645 888/4942/1645 887/4943/1645 
f 886/4944/1646 889/4945/1646 888/4946/1646 
f 886/4947/1647 890/4948/1647 889/4949/1647 
f 832/4950/1648 890/4951/1648 886/4952/1648 
f 891/4953/1649 890/4954/1649 832/4955/1649 
f 891/4956/1650 892/4957/1650 890/4958/1650 
f 892/4959/1651 891/4960/1651 893/4961/1651 
f 891/4962/1652 894/4963/1652 893/4964/1652 
f 895/4965/1653 894/4966/1653 891/4967/1653 
f 896/4968/1654 894/4969/1654 895/4970/1654 
f 896/4971/1655 893/4972/1655 894/4973/1655 
f 896/4974/1656 897/4975/1656 893/4976/1656 
f 896/4977/1657 885/4978/1657 897/4979/1657 
f 896/4980/1658 874/4981/1658 885/4982/1658 
f 874/4983/1659 896/4984/1659 895/4985/1659 
f 895/4986/1660 834/4987/1660 874/4988/1660 
f 834/4989/1661 895/4990/1661 833/4991/1661 
f 833/4992/1662 895/4993/1662 891/4994/1662 
f 833/4995/1663 891/4996/1663 832/4997/1663 
f 885/4998/1664 887/4999/1664 897/5000/1664 
f 898/5001/1665 897/5002/1665 887/5003/1665 
f 893/5004/1666 897/5005/1666 898/5006/1666 
f 899/5007/1667 893/5008/1667 898/5009/1667 
f 892/5010/1668 893/5011/1668 899/5012/1668 
f 900/5013/1669 892/5014/1669 899/5015/1669 
f 900/5016/1670 901/5017/1670 892/5018/1670 
f 900/5019/1671 902/5020/1671 901/5021/1671 
f 900/5022/1672 903/5023/1672 902/5024/1672 
f 900/5025/1673 899/5026/1673 903/5027/1673 
f 899/5028/1674 904/5029/1674 903/5030/1674 
f 904/5031/1675 899/5032/1675 905/5033/1675 
f 899/5034/1676 898/5035/1676 905/5036/1676 
f 906/5037/1677 905/5038/1677 898/5039/1677 
f 906/5040/1678 907/5041/1678 905/5042/1678 
f 906/5043/1679 908/5044/1679 907/5045/1679 
f 888/5046/1680 908/5047/1680 906/5048/1680 
f 889/5049/1681 908/5050/1681 888/5051/1681 
f 889/5052/1682 901/5053/1682 908/5054/1682 
f 901/5055/1683 889/5056/1683 892/5057/1683 
f 892/5058/1684 889/5059/1684 890/5060/1684 
f 908/5061/1685 901/5062/1685 902/5063/1685 
f 908/5064/1686 902/5065/1686 909/5066/1686 
f 909/5067/1687 902/5068/1687 910/5069/1687 
f 902/5070/1688 903/5071/1688 910/5072/1688 
f 903/5073/1689 911/5074/1689 910/5075/1689 
f 903/5076/1690 904/5077/1690 911/5078/1690 
f 904/5079/1691 912/5080/1691 911/5081/1691 
f 912/5082/1692 904/5083/1692 913/5084/1692 
f 904/5085/1693 905/5086/1693 913/5087/1693 
f 913/5088/1694 905/5089/1694 914/5090/1694 
f 905/5091/1695 907/5092/1695 914/5093/1695 
f 915/5094/1696 914/5095/1696 907/5096/1696 
f 915/5097/1697 916/5098/1697 914/5099/1697 
f 917/5100/1698 916/5101/1698 915/5102/1698 
f 918/5103/1699 916/5104/1699 917/5105/1699 
f 918/5106/1700 919/5107/1700 916/5108/1700 
f 918/5109/1701 912/5110/1701 919/5111/1701 
f 912/5112/1702 918/5113/1702 920/5114/1702 
f 920/5115/1703 918/5116/1703 917/5117/1703 
f 920/5118/1704 917/5119/1704 910/5120/1704 
f 910/5121/1705 917/5122/1705 915/5123/1705 
f 915/5124/1706 909/5125/1706 910/5126/1706 
f 909/5127/1707 915/5128/1707 907/5129/1707 
f 908/5130/1708 909/5131/1708 907/5132/1708 
f 911/5133/1709 920/5134/1709 910/5135/1709 
f 911/5136/1710 912/5137/1710 920/5138/1710 
f 912/5139/1711 913/5140/1711 919/5141/1711 
f 919/5142/1712 913/5143/1712 921/5144/1712 
f 913/5145/1713 914/5146/1713 921/5147/1713 
f 916/5148/1714 921/5149/1714 914/5150/1714 
f 919/5151/1715 921/5152/1715 916/5153/1715 
f 887/5154/1716 888/5155/1716 906/5156/1716 
f 887/5157/1717 906/5158/1717 898/5159/1717 
f 831/5160/1718 832/5161/1718 886/5162/1718 
f 823/5163/1719 811/5164/1719 813/5165/1719 
f 922/5166/1720 823/5167/1720 813/5168/1720 
f 822/5169/1721 823/5170/1721 922/5171/1721 
f 923/5172/1722 822/5173/1722 922/5174/1722 
f 822/5175/1723 923/5176/1723 820/5177/1723 
f 923/5178/1724 924/5179/1724 820/5180/1724 
f 924/5181/1725 923/5182/1725 925/5183/1725 
f 923/5184/1726 926/5185/1726 925/5186/1726 
f 923/5187/1727 922/5188/1727 926/5189/1727 
f 922/5190/1728 927/5191/1728 926/5192/1728 
f 927/5193/1729 922/5194/1729 928/5195/1729 
f 928/5196/1730 922/5197/1730 813/5198/1730 
f 928/5199/1731 813/5200/1731 815/5201/1731 
f 928/5202/1732 815/5203/1732 929/5204/1732 
f 929/5205/1733 815/5206/1733 930/5207/1733 
f 815/5208/1734 816/5209/1734 930/5210/1734 
f 924/5211/1735 930/5212/1735 816/5213/1735 
f 924/5214/1736 925/5215/1736 930/5216/1736 
f 930/5217/1737 925/5218/1737 931/5219/1737 
f 925/5220/1738 932/5221/1738 931/5222/1738 
f 925/5223/1739 926/5224/1739 932/5225/1739 
f 926/5226/1740 933/5227/1740 932/5228/1740 
f 926/5229/1741 927/5230/1741 933/5231/1741 
f 927/5232/1742 934/5233/1742 933/5234/1742 
f 934/5235/1743 927/5236/1743 935/5237/1743 
f 935/5238/1744 927/5239/1744 928/5240/1744 
f 935/5241/1745 928/5242/1745 929/5243/1745 
f 935/5244/1746 929/5245/1746 936/5246/1746 
f 936/5247/1747 929/5248/1747 931/5249/1747 
f 929/5250/1748 930/5251/1748 931/5252/1748 
f 936/5253/1749 931/5254/1749 937/5255/1749 
f 931/5256/1750 932/5257/1750 937/5258/1750 
f 932/5259/1751 938/5260/1751 937/5261/1751 
f 932/5262/1752 933/5263/1752 938/5264/1752 
f 933/5265/1753 939/5266/1753 938/5267/1753 
f 939/5268/1754 933/5269/1754 940/5270/1754 
f 933/5271/1755 934/5272/1755 940/5273/1755 
f 940/5274/1756 934/5275/1756 941/5276/1756 
f 934/5277/1757 942/5278/1757 941/5279/1757 
f 942/5280/1758 934/5281/1758 935/5282/1758 
f 942/5283/1759 935/5284/1759 936/5285/1759 
f 941/5286/1760 942/5287/1760 936/5288/1760 
f 943/5289/1761 941/5290/1761 936/5291/1761 
f 940/5292/1762 941/5293/1762 943/5294/1762 
f 939/5295/1763 940/5296/1763 943/5297/1763 
f 939/5298/1764 943/5299/1764 938/5300/1764 
f 943/5301/1765 937/5302/1765 938/5303/1765 
f 943/5304/1766 936/5305/1766 937/5306/1766 
f 924/5307/1767 816/5308/1767 817/5309/1767 
f 820/5310/1768 924/5311/1768 817/5312/1768 
f 792/5313/1769 788/5314/1769 786/5315/1769 
f 725/5316/1770 726/5317/1770 728/5318/1770 
f 752/5319/1771 761/5320/1771 751/5321/1771 
f 761/5322/1772 752/5323/1772 944/5324/1772 
f 753/5325/1773 944/5326/1773 752/5327/1773 
f 753/5328/1774 945/5329/1774 944/5330/1774 
f 945/5331/1775 753/5332/1775 755/5333/1775 
f 945/5334/1776 755/5335/1776 946/5336/1776 
f 755/5337/1777 947/5338/1777 946/5339/1777 
f 756/5340/1778 947/5341/1778 755/5342/1778 
f 756/5343/1779 948/5344/1779 947/5345/1779 
f 760/5346/1780 948/5347/1780 756/5348/1780 
f 948/5349/1781 760/5350/1781 949/5351/1781 
f 760/5352/1782 761/5353/1782 949/5354/1782 
f 949/5355/1783 761/5356/1783 944/5357/1783 
f 950/5358/1784 949/5359/1784 944/5360/1784 
f 950/5361/1785 951/5362/1785 949/5363/1785 
f 950/5364/1786 952/5365/1786 951/5366/1786 
f 953/5367/1787 952/5368/1787 950/5369/1787 
f 953/5370/1788 954/5371/1788 952/5372/1788 
f 953/5373/1789 946/5374/1789 954/5375/1789 
f 953/5376/1790 945/5377/1790 946/5378/1790 
f 945/5379/1791 953/5380/1791 950/5381/1791 
f 945/5382/1792 950/5383/1792 944/5384/1792 
f 946/5385/1793 955/5386/1793 954/5387/1793 
f 946/5388/1794 956/5389/1794 955/5390/1794 
f 947/5391/1795 956/5392/1795 946/5393/1795 
f 947/5394/1796 957/5395/1796 956/5396/1796 
f 948/5397/1797 957/5398/1797 947/5399/1797 
f 948/5400/1798 949/5401/1798 957/5402/1798 
f 949/5403/1799 951/5404/1799 957/5405/1799 
f 957/5406/1800 951/5407/1800 958/5408/1800 
f 951/5409/1801 959/5410/1801 958/5411/1801 
f 952/5412/1802 959/5413/1802 951/5414/1802 
f 959/5415/1803 952/5416/1803 960/5417/1803 
f 954/5418/1804 960/5419/1804 952/5420/1804 
f 961/5421/1805 960/5422/1805 954/5423/1805 
f 960/5424/1806 961/5425/1806 962/5426/1806 
f 961/5427/1807 963/5428/1807 962/5429/1807 
f 961/5430/1808 964/5431/1808 963/5432/1808 
f 964/5433/1809 961/5434/1809 954/5435/1809 
f 954/5436/1810 955/5437/1810 964/5438/1810 
f 955/5439/1811 965/5440/1811 964/5441/1811 
f 955/5442/1812 966/5443/1812 965/5444/1812 
f 956/5445/1813 966/5446/1813 955/5447/1813 
f 956/5448/1814 958/5449/1814 966/5450/1814 
f 957/5451/1815 958/5452/1815 956/5453/1815 
f 958/5454/1816 967/5455/1816 966/5456/1816 
f 967/5457/1817 958/5458/1817 962/5459/1817 
f 958/5460/1818 959/5461/1818 962/5462/1818 
f 962/5463/1819 959/5464/1819 960/5465/1819 
f 967/5466/1820 962/5467/1820 963/5468/1820 
f 968/5469/1821 967/5470/1821 963/5471/1821 
f 967/5472/1822 968/5473/1822 969/5474/1822 
f 965/5475/1823 969/5476/1823 968/5477/1823 
f 966/5478/1824 969/5479/1824 965/5480/1824 
f 966/5481/1825 967/5482/1825 969/5483/1825 
f 965/5484/1826 968/5485/1826 964/5486/1826 
f 964/5487/1827 968/5488/1827 963/5489/1827 
f 757/5490/1828 760/5491/1828 756/5492/1828 
f 758/5493/1829 760/5494/1829 757/5495/1829 
usemtl Patient_Gown
f 970/5496/1830 703/5497/1830 366/5498/1830 
f 703/5499/1831 970/5500/1831 702/5501/1831 
f 970/5502/1832 971/5503/1832 702/5504/1832 
f 971/5505/1833 970/5506/1833 972/5507/1833 
f 970/5508/1834 367/5509/1834 972/5510/1834 
f 970/5511/1835 366/5512/1835 367/5513/1835 
f 972/5514/1836 367/5515/1836 368/5516/1836 
f 368/5517/1837 375/5518/1837 972/5519/1837 
f 973/5520/1838 375/5521/1838 368/5522/1838 
f 373/5523/1839 375/5524/1839 973/5525/1839 
f 372/5526/1840 373/5527/1840 973/5528/1840 
f 973/5529/1841 371/5530/1841 372/5531/1841 
f 369/5532/1842 371/5533/1842 973/5534/1842 
f 369/5535/1843 973/5536/1843 368/5537/1843 
f 375/5538/1844 376/5539/1844 972/5540/1844 
f 971/5541/1845 972/5542/1845 376/5543/1845 
f 378/5544/1846 971/5545/1846 376/5546/1846 
f 702/5547/1847 971/5548/1847 378/5549/1847 
f 701/5550/1848 702/5551/1848 378/5552/1848 
f 701/5553/1849 378/5554/1849 379/5555/1849 
f 379/5556/1850 699/5557/1850 701/5558/1850 
f 699/5559/1851 379/5560/1851 383/5561/1851 
f 383/5562/1852 379/5563/1852 380/5564/1852 
usemtl Patient_Skin
f 698/5565/1853 699/5566/1853 383/5567/1853 
f 383/5568/1854 384/5569/1854 698/5570/1854 
f 384/5571/1855 974/5572/1855 698/5573/1855 
f 384/5574/1856 975/5575/1856 974/5576/1856 
f 385/5577/1857 975/5578/1857 384/5579/1857 
f 975/5580/1858 385/5581/1858 976/5582/1858 
f 385/5583/1859 977/5584/1859 976/5585/1859 
f 977/5586/1860 385/5587/1860 386/5588/1860 
usemtl Patient_Gown
f 977/5589/1861 386/5590/1861 978/5591/1861 
f 978/5592/1862 386/5593/1862 387/5594/1862 
f 390/5595/1863 978/5596/1863 387/5597/1863 
f 979/5598/1864 978/5599/1864 390/5600/1864 
f 979/5601/1865 977/5602/1865 978/5603/1865 
usemtl Patient_Skin
f 977/5604/1866 979/5605/1866 980/5606/1866 
f 979/5607/1867 981/5608/1867 980/5609/1867 
f 981/5610/1868 979/5611/1868 982/5612/1868 
usemtl Patient_Gown
f 979/5613/1869 390/5614/1869 982/5615/1869 
f 983/5616/1870 982/5617/1870 390/5618/1870 
usemtl Patient_Skin
f 983/5619/1871 984/5620/1871 982/5621/1871 
f 985/5622/1872 984/5623/1872 983/5624/1872 
f 985/5625/1873 986/5626/1873 984/5627/1873 
f 987/5628/1874 986/5629/1874 985/5630/1874 
f 987/5631/1875 988/5632/1875 986/5633/1875 
f 987/5634/1876 989/5635/1876 988/5636/1876 
f 990/5637/1877 989/5638/1877 987/5639/1877 
f 989/5640/1878 990/5641/1878 991/5642/1878 
f 991/5643/1879 990/5644/1879 992/5645/1879 
f 990/5646/1880 993/5647/1880 992/5648/1880 
f 990/5649/1881 994/5650/1881 993/5651/1881 
f 994/5652/1882 990/5653/1882 987/5654/1882 
f 994/5655/1883 987/5656/1883 995/5657/1883 
f 995/5658/1884 987/5659/1884 985/5660/1884 
f 995/5661/1885 985/5662/1885 996/5663/1885 
f 996/5664/1886 985/5665/1886 983/5666/1886 
usemtl Patient_Gown
f 983/5667/1887 997/5668/1887 996/5669/1887 
f 997/5670/1888 983/5671/1888 390/5672/1888 
f 997/5673/1889 390/5674/1889 391/5675/1889 
f 997/5676/1890 391/5677/1890 394/5678/1890 
f 997/5679/1891 394/5680/1891 996/5681/1891 
usemtl Patient_Skin
f 996/5682/1892 394/5683/1892 998/5684/1892 
f 394/5685/1893 395/5686/1893 998/5687/1893 
f 998/5688/1894 395/5689/1894 999/5690/1894 
f 999/5691/1895 395/5692/1895 399/5693/1895 
usemtl Patient_Gown
f 395/5694/1896 396/5695/1896 399/5696/1896 
usemtl Patient_Skin
f 399/5697/1897 1000/5698/1897 999/5699/1897 
f 1000/5700/1898 399/5701/1898 400/5702/1898 
f 400/5703/1899 403/5704/1899 1000/5705/1899 
f 403/5706/1900 1001/5707/1900 1000/5708/1900 
usemtl Patient_Gown
f 403/5709/1901 1002/5710/1901 1001/5711/1901 
f 1003/5712/1902 1002/5713/1902 403/5714/1902 
f 693/5715/1903 1002/5716/1903 1003/5717/1903 
f 693/5718/1904 695/5719/1904 1002/5720/1904 
f 1002/5721/1905 695/5722/1905 1004/5723/1905 
f 695/5724/1906 1005/5725/1906 1004/5726/1906 
f 1005/5727/1907 695/5728/1907 696/5729/1907 
usemtl Patient_Skin
f 1005/5730/1908 696/5731/1908 1006/5732/1908 
f 1007/5733/1909 1006/5734/1909 696/5735/1909 
f 1008/5736/1910 1006/5737/1910 1007/5738/1910 
f 1008/5739/1911 1009/5740/1911 1006/5741/1911 
f 1009/5742/1912 1008/5743/1912 1010/5744/1912 
f 1010/5745/1913 1008/5746/1913 1011/5747/1913 
f 1008/5748/1914 1012/5749/1914 1011/5750/1914 
f 1012/5751/1915 1008/5752/1915 1007/5753/1915 
f 1013/5754/1916 1012/5755/1916 1007/5756/1916 
f 1012/5757/1917 1013/5758/1917 1014/5759/1917 
f 1014/5760/1918 1013/5761/1918 1015/5762/1918 
f 1016/5763/1919 1015/5764/1919 1013/5765/1919 
f 1017/5766/1920 1015/5767/1920 1016/5768/1920 
f 1018/5769/1921 1015/5770/1921 1017/5771/1921 
f 1018/5772/1922 1014/5773/1922 1015/5774/1922 
f 1014/5775/1923 1018/5776/1923 1019/5777/1923 
f 1019/5778/1924 1018/5779/1924 1020/5780/1924 
f 1018/5781/1925 1021/5782/1925 1020/5783/1925 
f 1021/5784/1926 1018/5785/1926 1017/5786/1926 
f 1022/5787/1927 1021/5788/1927 1017/5789/1927 
f 1022/5790/1928 1023/5791/1928 1021/5792/1928 
f 1022/5793/1929 1024/5794/1929 1023/5795/1929 
f 1025/5796/1930 1024/5797/1930 1022/5798/1930 
f 1026/5799/1931 1024/5800/1931 1025/5801/1931 
f 1027/5802/1932 1024/5803/1932 1026/5804/1932 
f 1024/5805/1933 1027/5806/1933 1023/5807/1933 
f 1023/5808/1934 1027/5809/1934 1028/5810/1934 
f 1028/5811/1935 1027/5812/1935 1029/5813/1935 
f 1027/5814/1936 1030/5815/1936 1029/5816/1936 
f 1030/5817/1937 1027/5818/1937 1026/5819/1937 
f 1030/5820/1938 1026/5821/1938 1031/5822/1938 
f 1031/5823/1939 1026/5824/1939 1032/5825/1939 
f 1032/5826/1940 1026/5827/1940 1025/5828/1940 
f 1025/5829/1941 1033/5830/1941 1032/5831/1941 
f 1033/5832/1942 1025/5833/1942 1034/5834/1942 
f 1025/5835/1943 1035/5836/1943 1034/5837/1943 
f 1035/5838/1944 1025/5839/1944 1022/5840/1944 
f 1022/5841/1945 1017/5842/1945 1035/5843/1945 
f 1017/5844/1946 1036/5845/1946 1035/5846/1946 
f 1036/5847/1947 1017/5848/1947 1016/5849/1947 
f 1036/5850/1948 1016/5851/1948 976/5852/1948 
f 1016/5853/1949 975/5854/1949 976/5855/1949 
f 975/5856/1950 1016/5857/1950 1013/5858/1950 
f 975/5859/1951 1013/5860/1951 974/5861/1951 
f 974/5862/1952 1013/5863/1952 1007/5864/1952 
f 974/5865/1953 1007/5866/1953 697/5867/1953 
f 697/5868/1954 1007/5869/1954 696/5870/1954 
f 698/5871/1955 974/5872/1955 697/5873/1955 
f 1037/5874/1956 1036/5875/1956 976/5876/1956 
f 1036/5877/1957 1037/5878/1957 1035/5879/1957 
f 1037/5880/1958 1034/5881/1958 1035/5882/1958 
f 1034/5883/1959 1037/5884/1959 1038/5885/1959 
f 1037/5886/1960 1039/5887/1960 1038/5888/1960 
f 1039/5889/1961 1037/5890/1961 980/5891/1961 
f 1037/5892/1962 976/5893/1962 980/5894/1962 
f 977/5895/1963 980/5896/1963 976/5897/1963 
f 1039/5898/1964 980/5899/1964 981/5900/1964 
f 1040/5901/1965 1039/5902/1965 981/5903/1965 
f 1039/5904/1966 1040/5905/1966 1041/5906/1966 
f 1040/5907/1967 1042/5908/1967 1041/5909/1967 
f 1040/5910/1968 1043/5911/1968 1042/5912/1968 
f 1043/5913/1969 1040/5914/1969 982/5915/1969 
f 1040/5916/1970 981/5917/1970 982/5918/1970 
f 1044/5919/1971 1043/5920/1971 982/5921/1971 
f 1044/5922/1972 1045/5923/1972 1043/5924/1972 
f 1046/5925/1973 1045/5926/1973 1044/5927/1973 
f 1045/5928/1974 1046/5929/1974 1047/5930/1974 
f 1047/5931/1975 1046/5932/1975 1048/5933/1975 
f 1046/5934/1976 988/5935/1976 1048/5936/1976 
f 988/5937/1977 1046/5938/1977 986/5939/1977 
f 986/5940/1978 1046/5941/1978 1044/5942/1978 
f 986/5943/1979 1044/5944/1979 984/5945/1979 
f 984/5946/1980 1044/5947/1980 982/5948/1980 
f 988/5949/1981 1049/5950/1981 1048/5951/1981 
f 989/5952/1982 1049/5953/1982 988/5954/1982 
f 1049/5955/1983 989/5956/1983 1050/5957/1983 
f 1050/5958/1984 989/5959/1984 991/5960/1984 
f 991/5961/1985 1051/5962/1985 1050/5963/1985 
f 1052/5964/1986 1051/5965/1986 991/5966/1986 
f 1052/5967/1987 1053/5968/1987 1051/5969/1987 
f 1053/5970/1988 1052/5971/1988 1054/5972/1988 
f 1054/5973/1989 1052/5974/1989 1055/5975/1989 
f 1052/5976/1990 1056/5977/1990 1055/5978/1990 
f 1056/5979/1991 1052/5980/1991 991/5981/1991 
f 1056/5982/1992 991/5983/1992 992/5984/1992 
f 1056/5985/1993 992/5986/1993 1057/5987/1993 
f 1057/5988/1994 992/5989/1994 1058/5990/1994 
f 992/5991/1995 993/5992/1995 1058/5993/1995 
f 1059/5994/1996 1058/5995/1996 993/5996/1996 
f 1060/5997/1997 1058/5998/1997 1059/5999/1997 
f 1058/6000/1998 1060/6001/1998 1061/6002/1998 
f 1060/6003/1999 1062/6004/1999 1061/6005/1999 
f 1060/6006/2000 1063/6007/2000 1062/6008/2000 
f 1063/6009/2001 1060/6010/2001 1064/6011/2001 
f 1064/6012/2002 1060/6013/2002 1059/6014/2002 
f 1064/6015/2003 1059/6016/2003 1065/6017/2003 
f 1059/6018/2004 1066/6019/2004 1065/6020/2004 
f 1066/6021/2005 1059/6022/2005 993/6023/2005 
f 1066/6024/2006 993/6025/2006 1067/6026/2006 
f 993/6027/2007 994/6028/2007 1067/6029/2007 
f 1067/6030/2008 994/6031/2008 995/6032/2008 
f 1068/6033/2009 1067/6034/2009 995/6035/2009 
f 1067/6036/2010 1068/6037/2010 1069/6038/2010 
f 1070/6039/2011 1069/6040/2011 1068/6041/2011 
f 1069/6042/2012 1070/6043/2012 1071/6044/2012 
f 1071/6045/2013 1070/6046/2013 1001/6047/2013 
f 1070/6048/2014 1000/6049/2014 1001/6050/2014 
f 1000/6051/2015 1070/6052/2015 999/6053/2015 
f 999/6054/2016 1070/6055/2016 1068/6056/2016 
f 1068/6057/2017 998/6058/2017 999/6059/2017 
f 998/6060/2018 1068/6061/2018 995/6062/2018 
f 998/6063/2019 995/6064/2019 996/6065/2019 
f 1071/6066/2020 1001/6067/2020 1004/6068/2020 
usemtl Patient_Gown
f 1002/6069/2021 1004/6070/2021 1001/6071/2021 
usemtl Patient_Skin
f 1072/6072/2022 1071/6073/2022 1004/6074/2022 
f 1071/6075/2023 1072/6076/2023 1073/6077/2023 
f 1073/6078/2024 1072/6079/2024 1009/6080/2024 
f 1072/6081/2025 1074/6082/2025 1009/6083/2025 
f 1005/6084/2026 1074/6085/2026 1072/6086/2026 
f 1074/6087/2027 1005/6088/2027 1006/6089/2027 
f 1009/6090/2028 1074/6091/2028 1006/6092/2028 
f 1004/6093/2029 1005/6094/2029 1072/6095/2029 
f 1073/6096/2030 1009/6097/2030 1075/6098/2030 
f 1009/6099/2031 1076/6100/2031 1075/6101/2031 
f 1076/6102/2032 1009/6103/2032 1010/6104/2032 
f 1076/6105/2033 1010/6106/2033 1077/6107/2033 
f 1077/6108/2034 1010/6109/2034 1078/6110/2034 
f 1010/6111/2035 1011/6112/2035 1078/6113/2035 
f 1078/6114/2036 1011/6115/2036 1079/6116/2036 
f 1011/6117/2037 1014/6118/2037 1079/6119/2037 
f 1011/6120/2038 1012/6121/2038 1014/6122/2038 
f 1079/6123/2039 1014/6124/2039 1019/6125/2039 
f 1079/6126/2040 1019/6127/2040 1080/6128/2040 
f 1080/6129/2041 1019/6130/2041 1081/6131/2041 
f 1019/6132/2042 1020/6133/2042 1081/6134/2042 
f 1081/6135/2043 1020/6136/2043 1082/6137/2043 
f 1082/6138/2044 1020/6139/2044 1083/6140/2044 
f 1020/6141/2045 1021/6142/2045 1083/6143/2045 
f 1083/6144/2046 1021/6145/2046 1084/6146/2046 
f 1021/6147/2047 1023/6148/2047 1084/6149/2047 
f 1084/6150/2048 1023/6151/2048 1028/6152/2048 
f 1085/6153/2049 1084/6154/2049 1028/6155/2049 
f 1084/6156/2050 1085/6157/2050 1083/6158/2050 
f 1085/6159/2051 1086/6160/2051 1083/6161/2051 
f 1085/6162/2052 1087/6163/2052 1086/6164/2052 
f 1087/6165/2053 1085/6166/2053 1028/6167/2053 
f 1088/6168/2054 1087/6169/2054 1028/6170/2054 
f 1087/6171/2055 1088/6172/2055 1089/6173/2055 
f 1088/6174/2056 1090/6175/2056 1089/6176/2056 
f 1088/6177/2057 1091/6178/2057 1090/6179/2057 
f 1029/6180/2058 1091/6181/2058 1088/6182/2058 
f 1029/6183/2059 1092/6184/2059 1091/6185/2059 
f 1093/6186/2060 1092/6187/2060 1029/6188/2060 
f 1092/6189/2061 1093/6190/2061 1094/6191/2061 
f 1094/6192/2062 1093/6193/2062 1095/6194/2062 
f 1096/6195/2063 1095/6196/2063 1093/6197/2063 
f 1096/6198/2064 1097/6199/2064 1095/6200/2064 
f 1096/6201/2065 1098/6202/2065 1097/6203/2065 
f 1096/6204/2066 1030/6205/2066 1098/6206/2066 
f 1030/6207/2067 1096/6208/2067 1029/6209/2067 
f 1029/6210/2068 1096/6211/2068 1093/6212/2068 
f 1098/6213/2069 1030/6214/2069 1031/6215/2069 
f 1099/6216/2070 1098/6217/2070 1031/6218/2070 
f 1098/6219/2071 1099/6220/2071 1097/6221/2071 
f 1100/6222/2072 1097/6223/2072 1099/6224/2072 
f 1100/6225/2073 1101/6226/2073 1097/6227/2073 
f 1102/6228/2074 1101/6229/2074 1100/6230/2074 
f 1101/6231/2075 1102/6232/2075 1103/6233/2075 
f 1103/6234/2076 1102/6235/2076 1104/6236/2076 
f 1102/6237/2077 1105/6238/2077 1104/6239/2077 
f 1105/6240/2078 1102/6241/2078 1106/6242/2078 
f 1106/6243/2079 1102/6244/2079 1100/6245/2079 
f 1106/6246/2080 1100/6247/2080 1107/6248/2080 
f 1107/6249/2081 1100/6250/2081 1099/6251/2081 
f 1107/6252/2082 1099/6253/2082 1108/6254/2082 
f 1108/6255/2083 1099/6256/2083 1031/6257/2083 
f 1108/6258/2084 1031/6259/2084 1109/6260/2084 
f 1031/6261/2085 1110/6262/2085 1109/6263/2085 
f 1110/6264/2086 1031/6265/2086 1032/6266/2086 
f 1032/6267/2087 1111/6268/2087 1110/6269/2087 
f 1033/6270/2088 1111/6271/2088 1032/6272/2088 
f 1111/6273/2089 1033/6274/2089 1112/6275/2089 
f 1033/6276/2090 1113/6277/2090 1112/6278/2090 
f 1113/6279/2091 1033/6280/2091 1114/6281/2091 
f 1033/6282/2092 1034/6283/2092 1114/6284/2092 
f 1114/6285/2093 1034/6286/2093 1038/6287/2093 
f 1038/6288/2094 1115/6289/2094 1114/6290/2094 
f 1115/6291/2095 1038/6292/2095 1041/6293/2095 
f 1039/6294/2096 1041/6295/2096 1038/6296/2096 
f 1116/6297/2097 1115/6298/2097 1041/6299/2097 
f 1117/6300/2098 1115/6301/2098 1116/6302/2098 
f 1115/6303/2099 1117/6304/2099 1114/6305/2099 
f 1114/6306/2100 1117/6307/2100 1118/6308/2100 
f 1118/6309/2101 1117/6310/2101 1119/6311/2101 
f 1117/6312/2102 1120/6313/2102 1119/6314/2102 
f 1120/6315/2103 1117/6316/2103 1116/6317/2103 
f 1120/6318/2104 1116/6319/2104 1121/6320/2104 
f 1121/6321/2105 1116/6322/2105 1042/6323/2105 
f 1116/6324/2106 1041/6325/2106 1042/6326/2106 
f 1121/6327/2107 1042/6328/2107 1122/6329/2107 
f 1043/6330/2108 1122/6331/2108 1042/6332/2108 
f 1045/6333/2109 1122/6334/2109 1043/6335/2109 
f 1122/6336/2110 1045/6337/2110 1123/6338/2110 
f 1123/6339/2111 1045/6340/2111 1047/6341/2111 
f 1123/6342/2112 1047/6343/2112 1124/6344/2112 
f 1124/6345/2113 1047/6346/2113 1125/6347/2113 
f 1047/6348/2114 1048/6349/2114 1125/6350/2114 
f 1049/6351/2115 1125/6352/2115 1048/6353/2115 
f 1125/6354/2116 1049/6355/2116 1126/6356/2116 
f 1049/6357/2117 1127/6358/2117 1126/6359/2117 
f 1127/6360/2118 1049/6361/2118 1050/6362/2118 
f 1128/6363/2119 1127/6364/2119 1050/6365/2119 
f 1127/6366/2120 1128/6367/2120 1129/6368/2120 
f 1130/6369/2121 1129/6370/2121 1128/6371/2121 
f 1129/6372/2122 1130/6373/2122 1131/6374/2122 
f 1130/6375/2123 1132/6376/2123 1131/6377/2123 
f 1132/6378/2124 1130/6379/2124 1133/6380/2124 
f 1133/6381/2125 1130/6382/2125 1134/6383/2125 
f 1135/6384/2126 1134/6385/2126 1130/6386/2126 
f 1136/6387/2127 1134/6388/2127 1135/6389/2127 
f 1136/6390/2128 1137/6391/2128 1134/6392/2128 
f 1136/6393/2129 1053/6394/2129 1137/6395/2129 
f 1053/6396/2130 1136/6397/2130 1051/6398/2130 
f 1051/6399/2131 1136/6400/2131 1135/6401/2131 
f 1051/6402/2132 1135/6403/2132 1050/6404/2132 
f 1135/6405/2133 1128/6406/2133 1050/6407/2133 
f 1130/6408/2134 1128/6409/2134 1135/6410/2134 
f 1053/6411/2135 1138/6412/2135 1137/6413/2135 
f 1138/6414/2136 1053/6415/2136 1139/6416/2136 
f 1053/6417/2137 1140/6418/2137 1139/6419/2137 
f 1140/6420/2138 1053/6421/2138 1054/6422/2138 
f 1140/6423/2139 1054/6424/2139 1141/6425/2139 
f 1141/6426/2140 1054/6427/2140 1142/6428/2140 
f 1054/6429/2141 1055/6430/2141 1142/6431/2141 
f 1142/6432/2142 1055/6433/2142 1143/6434/2142 
f 1143/6435/2143 1055/6436/2143 1057/6437/2143 
f 1055/6438/2144 1056/6439/2144 1057/6440/2144 
f 1144/6441/2145 1143/6442/2145 1057/6443/2145 
f 1143/6444/2146 1144/6445/2146 1145/6446/2146 
f 1145/6447/2147 1144/6448/2147 1061/6449/2147 
f 1061/6450/2148 1144/6451/2148 1058/6452/2148 
f 1144/6453/2149 1057/6454/2149 1058/6455/2149 
f 1146/6456/2150 1145/6457/2150 1061/6458/2150 
f 1145/6459/2151 1146/6460/2151 1147/6461/2151 
f 1146/6462/2152 1148/6463/2152 1147/6464/2152 
f 1146/6465/2153 1149/6466/2153 1148/6467/2153 
f 1062/6468/2154 1149/6469/2154 1146/6470/2154 
f 1150/6471/2155 1149/6472/2155 1062/6473/2155 
f 1149/6474/2156 1150/6475/2156 1148/6476/2156 
f 1148/6477/2157 1150/6478/2157 1151/6479/2157 
f 1150/6480/2158 1152/6481/2158 1151/6482/2158 
f 1150/6483/2159 1153/6484/2159 1152/6485/2159 
f 1153/6486/2160 1150/6487/2160 1062/6488/2160 
f 1063/6489/2161 1153/6490/2161 1062/6491/2161 
f 1063/6492/2162 1154/6493/2162 1153/6494/2162 
f 1154/6495/2163 1063/6496/2163 1155/6497/2163 
f 1155/6498/2164 1063/6499/2164 1064/6500/2164 
f 1155/6501/2165 1064/6502/2165 1156/6503/2165 
f 1156/6504/2166 1064/6505/2166 1065/6506/2166 
f 1156/6507/2167 1065/6508/2167 1157/6509/2167 
f 1158/6510/2168 1157/6511/2168 1065/6512/2168 
f 1158/6513/2169 1073/6514/2169 1157/6515/2169 
f 1158/6516/2170 1071/6517/2170 1073/6518/2170 
f 1158/6519/2171 1069/6520/2171 1071/6521/2171 
f 1069/6522/2172 1158/6523/2172 1065/6524/2172 
f 1066/6525/2173 1069/6526/2173 1065/6527/2173 
f 1066/6528/2174 1067/6529/2174 1069/6530/2174 
f 1073/6531/2175 1075/6532/2175 1157/6533/2175 
f 1159/6534/2176 1157/6535/2176 1075/6536/2176 
f 1159/6537/2177 1156/6538/2177 1157/6539/2177 
f 1160/6540/2178 1156/6541/2178 1159/6542/2178 
f 1160/6543/2179 1155/6544/2179 1156/6545/2179 
f 1161/6546/2180 1155/6547/2180 1160/6548/2180 
f 1161/6549/2181 1154/6550/2181 1155/6551/2181 
f 1162/6552/2182 1154/6553/2182 1161/6554/2182 
f 1154/6555/2183 1162/6556/2183 1163/6557/2183 
f 1162/6558/2184 1164/6559/2184 1163/6560/2184 
f 1165/6561/2185 1164/6562/2185 1162/6563/2185 
f 1166/6564/2186 1164/6565/2186 1165/6566/2186 
f 1163/6567/2187 1164/6568/2187 1166/6569/2187 
f 1152/6570/2188 1163/6571/2188 1166/6572/2188 
f 1153/6573/2189 1163/6574/2189 1152/6575/2189 
f 1154/6576/2190 1163/6577/2190 1153/6578/2190 
f 1166/6579/2191 1167/6580/2191 1152/6581/2191 
f 1167/6582/2192 1166/6583/2192 1165/6584/2192 
f 1165/6585/2193 1168/6586/2193 1167/6587/2193 
f 1168/6588/2194 1165/6589/2194 1169/6590/2194 
f 1169/6591/2195 1165/6592/2195 1162/6593/2195 
f 1170/6594/2196 1169/6595/2196 1162/6596/2196 
f 1170/6597/2197 1171/6598/2197 1169/6599/2197 
f 1171/6600/2198 1170/6601/2198 1172/6602/2198 
f 1172/6603/2199 1170/6604/2199 1173/6605/2199 
f 1170/6606/2200 1174/6607/2200 1173/6608/2200 
f 1170/6609/2201 1162/6610/2201 1174/6611/2201 
f 1174/6612/2202 1162/6613/2202 1161/6614/2202 
f 1174/6615/2203 1161/6616/2203 1175/6617/2203 
f 1175/6618/2204 1161/6619/2204 1160/6620/2204 
f 1175/6621/2205 1160/6622/2205 1176/6623/2205 
f 1176/6624/2206 1160/6625/2206 1159/6626/2206 
f 1176/6627/2207 1159/6628/2207 1177/6629/2207 
f 1177/6630/2208 1159/6631/2208 1075/6632/2208 
f 1177/6633/2209 1075/6634/2209 1076/6635/2209 
f 1177/6636/2210 1076/6637/2210 1178/6638/2210 
f 1076/6639/2211 1077/6640/2211 1178/6641/2211 
f 1077/6642/2212 1179/6643/2212 1178/6644/2212 
f 1179/6645/2213 1077/6646/2213 1180/6647/2213 
f 1077/6648/2214 1078/6649/2214 1180/6650/2214 
f 1180/6651/2215 1078/6652/2215 1181/6653/2215 
f 1078/6654/2216 1079/6655/2216 1181/6656/2216 
f 1181/6657/2217 1079/6658/2217 1080/6659/2217 
f 1181/6660/2218 1080/6661/2218 1182/6662/2218 
f 1182/6663/2219 1080/6664/2219 1183/6665/2219 
f 1080/6666/2220 1081/6667/2220 1183/6668/2220 
f 1183/6669/2221 1081/6670/2221 1184/6671/2221 
f 1184/6672/2222 1081/6673/2222 1082/6674/2222 
f 1184/6675/2223 1082/6676/2223 1185/6677/2223 
f 1082/6678/2224 1186/6679/2224 1185/6680/2224 
f 1186/6681/2225 1082/6682/2225 1086/6683/2225 
f 1082/6684/2226 1083/6685/2226 1086/6686/2226 
f 1186/6687/2227 1086/6688/2227 1089/6689/2227 
f 1087/6690/2228 1089/6691/2228 1086/6692/2228 
f 1185/6693/2229 1186/6694/2229 1089/6695/2229 
f 1185/6696/2230 1089/6697/2230 1090/6698/2230 
f 1187/6699/2231 1185/6700/2231 1090/6701/2231 
f 1184/6702/2232 1185/6703/2232 1187/6704/2232 
f 1188/6705/2233 1184/6706/2233 1187/6707/2233 
f 1188/6708/2234 1183/6709/2234 1184/6710/2234 
f 1189/6711/2235 1183/6712/2235 1188/6713/2235 
f 1182/6714/2236 1183/6715/2236 1189/6716/2236 
f 1190/6717/2237 1182/6718/2237 1189/6719/2237 
f 1191/6720/2238 1182/6721/2238 1190/6722/2238 
f 1191/6723/2239 1181/6724/2239 1182/6725/2239 
f 1180/6726/2240 1181/6727/2240 1191/6728/2240 
f 1192/6729/2241 1180/6730/2241 1191/6731/2241 
f 1179/6732/2242 1180/6733/2242 1192/6734/2242 
f 1193/6735/2243 1179/6736/2243 1192/6737/2243 
f 1178/6738/2244 1179/6739/2244 1193/6740/2244 
f 1194/6741/2245 1178/6742/2245 1193/6743/2245 
f 1194/6744/2246 1195/6745/2246 1178/6746/2246 
f 1196/6747/2247 1195/6748/2247 1194/6749/2247 
f 1196/6750/2248 1197/6751/2248 1195/6752/2248 
f 1198/6753/2249 1197/6754/2249 1196/6755/2249 
f 1198/6756/2250 1199/6757/2250 1197/6758/2250 
f 1198/6759/2251 1200/6760/2251 1199/6761/2251 
f 1200/6762/2252 1198/6763/2252 1201/6764/2252 
f 1198/6765/2253 1202/6766/2253 1201/6767/2253 
f 1202/6768/2254 1198/6769/2254 1196/6770/2254 
f 1202/6771/2255 1196/6772/2255 1203/6773/2255 
f 1203/6774/2256 1196/6775/2256 1194/6776/2256 
f 1203/6777/2257 1194/6778/2257 1204/6779/2257 
f 1194/6780/2258 1193/6781/2258 1204/6782/2258 
f 1204/6783/2259 1193/6784/2259 1205/6785/2259 
f 1193/6786/2260 1192/6787/2260 1205/6788/2260 
f 1205/6789/2261 1192/6790/2261 1206/6791/2261 
f 1192/6792/2262 1191/6793/2262 1206/6794/2262 
f 1206/6795/2263 1191/6796/2263 1190/6797/2263 
f 1207/6798/2264 1206/6799/2264 1190/6800/2264 
f 1205/6801/2265 1206/6802/2265 1207/6803/2265 
f 1208/6804/2266 1205/6805/2266 1207/6806/2266 
f 1204/6807/2267 1205/6808/2267 1208/6809/2267 
f 1209/6810/2268 1204/6811/2268 1208/6812/2268 
f 1203/6813/2269 1204/6814/2269 1209/6815/2269 
f 1210/6816/2270 1203/6817/2270 1209/6818/2270 
f 1210/6819/2271 1202/6820/2271 1203/6821/2271 
f 1201/6822/2272 1202/6823/2272 1210/6824/2272 
f 1211/6825/2273 1201/6826/2273 1210/6827/2273 
f 1201/6828/2274 1211/6829/2274 1212/6830/2274 
f 1211/6831/2275 1213/6832/2275 1212/6833/2275 
f 1213/6834/2276 1211/6835/2276 1214/6836/2276 
f 1211/6837/2277 1215/6838/2277 1214/6839/2277 
f 1211/6840/2278 1210/6841/2278 1215/6842/2278 
f 1210/6843/2279 1209/6844/2279 1215/6845/2279 
f 1215/6846/2280 1209/6847/2280 1208/6848/2280 
f 1216/6849/2281 1215/6850/2281 1208/6851/2281 
f 1215/6852/2282 1216/6853/2282 1217/6854/2282 
f 1216/6855/2283 1218/6856/2283 1217/6857/2283 
f 1207/6858/2284 1218/6859/2284 1216/6860/2284 
f 1218/6861/2285 1207/6862/2285 1219/6863/2285 
f 1219/6864/2286 1207/6865/2286 1190/6866/2286 
f 1190/6867/2287 1220/6868/2287 1219/6869/2287 
f 1220/6870/2288 1190/6871/2288 1189/6872/2288 
f 1094/6873/2289 1220/6874/2289 1189/6875/2289 
f 1220/6876/2290 1094/6877/2290 1095/6878/2290 
f 1221/6879/2291 1220/6880/2291 1095/6881/2291 
f 1220/6882/2292 1221/6883/2292 1219/6884/2292 
f 1222/6885/2293 1219/6886/2293 1221/6887/2293 
f 1222/6888/2294 1218/6889/2294 1219/6890/2294 
f 1218/6891/2295 1222/6892/2295 1223/6893/2295 
f 1222/6894/2296 1224/6895/2296 1223/6896/2296 
f 1224/6897/2297 1222/6898/2297 1225/6899/2297 
f 1225/6900/2298 1222/6901/2298 1221/6902/2298 
f 1097/6903/2299 1225/6904/2299 1221/6905/2299 
f 1226/6906/2300 1225/6907/2300 1097/6908/2300 
f 1226/6909/2301 1224/6910/2301 1225/6911/2301 
f 1224/6912/2302 1226/6913/2302 1227/6914/2302 
f 1226/6915/2303 1103/6916/2303 1227/6917/2303 
f 1226/6918/2304 1101/6919/2304 1103/6920/2304 
f 1101/6921/2305 1226/6922/2305 1097/6923/2305 
f 1227/6924/2306 1103/6925/2306 1228/6926/2306 
f 1103/6927/2307 1104/6928/2307 1228/6929/2307 
f 1228/6930/2308 1104/6931/2308 1229/6932/2308 
f 1104/6933/2309 1230/6934/2309 1229/6935/2309 
f 1230/6936/2310 1104/6937/2310 1231/6938/2310 
f 1104/6939/2311 1105/6940/2311 1231/6941/2311 
f 1231/6942/2312 1105/6943/2312 1232/6944/2312 
f 1105/6945/2313 1233/6946/2313 1232/6947/2313 
f 1233/6948/2314 1105/6949/2314 1106/6950/2314 
f 1233/6951/2315 1106/6952/2315 1234/6953/2315 
f 1234/6954/2316 1106/6955/2316 1107/6956/2316 
f 1234/6957/2317 1107/6958/2317 1235/6959/2317 
f 1235/6960/2318 1107/6961/2318 1108/6962/2318 
f 1235/6963/2319 1108/6964/2319 1236/6965/2319 
f 1236/6966/2320 1108/6967/2320 1109/6968/2320 
f 1236/6969/2321 1109/6970/2321 1237/6971/2321 
f 1237/6972/2322 1109/6973/2322 1238/6974/2322 
f 1109/6975/2323 1239/6976/2323 1238/6977/2323 
f 1240/6978/2324 1239/6979/2324 1109/6980/2324 
f 1240/6981/2325 1241/6982/2325 1239/6983/2325 
f 1241/6984/2326 1240/6985/2326 1242/6986/2326 
f 1240/6987/2327 1243/6988/2327 1242/6989/2327 
f 1244/6990/2328 1243/6991/2328 1240/6992/2328 
f 1244/6993/2329 1245/6994/2329 1243/6995/2329 
f 1245/6996/2330 1244/6997/2330 1246/6998/2330 
f 1244/6999/2331 1247/7000/2331 1246/7001/2331 
f 1247/7002/2332 1244/7003/2332 1112/7004/2332 
f 1244/7005/2333 1111/7006/2333 1112/7007/2333 
f 1244/7008/2334 1240/7009/2334 1111/7010/2334 
f 1111/7011/2335 1240/7012/2335 1110/7013/2335 
f 1110/7014/2336 1240/7015/2336 1109/7016/2336 
f 1112/7017/2337 1113/7018/2337 1247/7019/2337 
f 1113/7020/2338 1248/7021/2338 1247/7022/2338 
f 1113/7023/2339 1118/7024/2339 1248/7025/2339 
f 1113/7026/2340 1114/7027/2340 1118/7028/2340 
f 1118/7029/2341 1249/7030/2341 1248/7031/2341 
f 1119/7032/2342 1249/7033/2342 1118/7034/2342 
f 1249/7035/2343 1119/7036/2343 1250/7037/2343 
f 1119/7038/2344 1251/7039/2344 1250/7040/2344 
f 1251/7041/2345 1119/7042/2345 1120/7043/2345 
f 1252/7044/2346 1251/7045/2346 1120/7046/2346 
f 1251/7047/2347 1252/7048/2347 1253/7049/2347 
f 1253/7050/2348 1252/7051/2348 1254/7052/2348 
f 1252/7053/2349 1121/7054/2349 1254/7055/2349 
f 1252/7056/2350 1120/7057/2350 1121/7058/2350 
f 1254/7059/2351 1121/7060/2351 1122/7061/2351 
f 1254/7062/2352 1122/7063/2352 1123/7064/2352 
f 1254/7065/2353 1123/7066/2353 1255/7067/2353 
f 1255/7068/2354 1123/7069/2354 1124/7070/2354 
f 1256/7071/2355 1255/7072/2355 1124/7073/2355 
f 1253/7074/2356 1255/7075/2356 1256/7076/2356 
f 1253/7077/2357 1254/7078/2357 1255/7079/2357 
f 1257/7080/2358 1253/7081/2358 1256/7082/2358 
f 1257/7083/2359 1251/7084/2359 1253/7085/2359 
f 1251/7086/2360 1257/7087/2360 1258/7088/2360 
f 1257/7089/2361 1256/7090/2361 1258/7091/2361 
f 1256/7092/2362 1259/7093/2362 1258/7094/2362 
f 1260/7095/2363 1259/7096/2363 1256/7097/2363 
f 1259/7098/2364 1260/7099/2364 1261/7100/2364 
f 1260/7101/2365 1262/7102/2365 1261/7103/2365 
f 1262/7104/2366 1260/7105/2366 1263/7106/2366 
f 1260/7107/2367 1264/7108/2367 1263/7109/2367 
f 1265/7110/2368 1264/7111/2368 1260/7112/2368 
f 1264/7113/2369 1265/7114/2369 1126/7115/2369 
f 1125/7116/2370 1126/7117/2370 1265/7118/2370 
f 1124/7119/2371 1125/7120/2371 1265/7121/2371 
f 1265/7122/2372 1256/7123/2372 1124/7124/2372 
f 1265/7125/2373 1260/7126/2373 1256/7127/2373 
f 1264/7128/2374 1126/7129/2374 1266/7130/2374 
f 1126/7131/2375 1127/7132/2375 1266/7133/2375 
f 1266/7134/2376 1127/7135/2376 1129/7136/2376 
f 1266/7137/2377 1129/7138/2377 1267/7139/2377 
f 1129/7140/2378 1131/7141/2378 1267/7142/2378 
f 1131/7143/2379 1268/7144/2379 1267/7145/2379 
f 1268/7146/2380 1131/7147/2380 1269/7148/2380 
f 1131/7149/2381 1270/7150/2381 1269/7151/2381 
f 1271/7152/2382 1270/7153/2382 1131/7154/2382 
f 1270/7155/2383 1271/7156/2383 1272/7157/2383 
f 1272/7158/2384 1271/7159/2384 1273/7160/2384 
f 1271/7161/2385 1132/7162/2385 1273/7163/2385 
f 1271/7164/2386 1131/7165/2386 1132/7166/2386 
f 1273/7167/2387 1132/7168/2387 1274/7169/2387 
f 1132/7170/2388 1133/7171/2388 1274/7172/2388 
f 1133/7173/2389 1275/7174/2389 1274/7175/2389 
f 1276/7176/2390 1275/7177/2390 1133/7178/2390 
f 1275/7179/2391 1276/7180/2391 1277/7181/2391 
f 1278/7182/2392 1277/7183/2392 1276/7184/2392 
f 1278/7185/2393 1279/7186/2393 1277/7187/2393 
f 1278/7188/2394 1280/7189/2394 1279/7190/2394 
f 1278/7191/2395 1281/7192/2395 1280/7193/2395 
f 1282/7194/2396 1281/7195/2396 1278/7196/2396 
f 1281/7197/2397 1282/7198/2397 1283/7199/2397 
f 1284/7200/2398 1283/7201/2398 1282/7202/2398 
f 1283/7203/2399 1284/7204/2399 1285/7205/2399 
f 1284/7206/2400 1286/7207/2400 1285/7208/2400 
f 1287/7209/2401 1286/7210/2401 1284/7211/2401 
f 1286/7212/2402 1287/7213/2402 1288/7214/2402 
f 1287/7215/2403 1289/7216/2403 1288/7217/2403 
f 1290/7218/2404 1289/7219/2404 1287/7220/2404 
f 1289/7221/2405 1290/7222/2405 1291/7223/2405 
f 1290/7224/2406 1292/7225/2406 1291/7226/2406 
f 1292/7227/2407 1290/7228/2407 1293/7229/2407 
f 1290/7230/2408 1294/7231/2408 1293/7232/2408 
f 1295/7233/2409 1294/7234/2409 1290/7235/2409 
f 1294/7236/2410 1295/7237/2410 1296/7238/2410 1297/7239/2410 
f 1295/7240/2411 1298/7241/2411 1296/7242/2411 
f 1299/7243/2412 1298/7244/2412 1295/7245/2412 
f 1300/7246/2413 1298/7247/2413 1299/7248/2413 
f 1300/7249/2414 1301/7250/2414 1298/7251/2414 
f 1302/7252/2415 1301/7253/2415 1300/7254/2415 
f 1301/7255/2416 1302/7256/2416 1303/7257/2416 
f 1303/7258/2417 1302/7259/2417 1304/7260/2417 
f 1302/7261/2418 1305/7262/2418 1304/7263/2418 
f 1285/7264/2419 1305/7265/2419 1302/7266/2419 
f 1285/7267/2420 1286/7268/2420 1305/7269/2420 
f 1286/7270/2421 1288/7271/2421 1305/7272/2421 
f 1304/7273/2422 1305/7274/2422 1288/7275/2422 
f 1306/7276/2423 1304/7277/2423 1288/7278/2423 1307/7279/2423 
f 1307/7280/2424 1288/7281/2424 1289/7282/2424 1308/7283/2424 1309/7284/2424 1310/7285/2424 1306/7286/2424 
f 1291/7287/2425 1306/7288/2425 1310/7289/2425 1309/7290/2425 1308/7291/2425 1289/7292/2425 
f 1311/7293/2426 1285/7294/2426 1302/7295/2426 
f 1283/7296/2427 1285/7297/2427 1311/7298/2427 
f 1312/7299/2428 1283/7300/2428 1311/7301/2428 
f 1312/7302/2429 1281/7303/2429 1283/7304/2429 
f 1280/7305/2430 1281/7306/2430 1312/7307/2430 
f 1313/7308/2431 1280/7309/2431 1312/7310/2431 
f 1313/7311/2432 1314/7312/2432 1280/7313/2432 
f 1315/7314/2433 1314/7315/2433 1313/7316/2433 
f 1314/7317/2434 1315/7318/2434 1316/7319/2434 
f 1315/7320/2435 1317/7321/2435 1316/7322/2435 
f 1315/7323/2436 1232/7324/2436 1317/7325/2436 
f 1232/7326/2437 1315/7327/2437 1318/7328/2437 
f 1318/7329/2438 1315/7330/2438 1313/7331/2438 
f 1318/7332/2439 1313/7333/2439 1319/7334/2439 
f 1313/7335/2440 1311/7336/2440 1319/7337/2440 
f 1313/7338/2441 1312/7339/2441 1311/7340/2441 
f 1311/7341/2442 1300/7342/2442 1319/7343/2442 
f 1311/7344/2443 1302/7345/2443 1300/7346/2443 
f 1319/7347/2444 1300/7348/2444 1299/7349/2444 
f 1319/7350/2445 1299/7351/2445 1320/7352/2445 
f 1320/7353/2446 1299/7354/2446 1321/7355/2446 
f 1321/7356/2447 1299/7357/2447 1295/7358/2447 
f 1321/7359/2448 1295/7360/2448 1322/7361/2448 
f 1322/7362/2449 1295/7363/2449 1290/7364/2449 
f 1137/7365/2450 1322/7366/2450 1290/7367/2450 
f 1137/7368/2451 1138/7369/2451 1322/7370/2451 
f 1138/7371/2452 1321/7372/2452 1322/7373/2452 
f 1323/7374/2453 1321/7375/2453 1138/7376/2453 
f 1323/7377/2454 1320/7378/2454 1321/7379/2454 
f 1324/7380/2455 1320/7381/2455 1323/7382/2455 
f 1324/7383/2456 1325/7384/2456 1320/7385/2456 
f 1326/7386/2457 1325/7387/2457 1324/7388/2457 
f 1232/7389/2458 1325/7390/2458 1326/7391/2458 
f 1325/7392/2459 1232/7393/2459 1318/7394/2459 
f 1325/7395/2460 1318/7396/2460 1320/7397/2460 
f 1318/7398/2461 1319/7399/2461 1320/7400/2461 
f 1231/7401/2462 1232/7402/2462 1326/7403/2462 
f 1326/7404/2463 1327/7405/2463 1231/7406/2463 
f 1327/7407/2464 1326/7408/2464 1328/7409/2464 
f 1328/7410/2465 1326/7411/2465 1324/7412/2465 
f 1328/7413/2466 1324/7414/2466 1329/7415/2466 
f 1329/7416/2467 1324/7417/2467 1323/7418/2467 
f 1329/7419/2468 1323/7420/2468 1139/7421/2468 
f 1139/7422/2469 1323/7423/2469 1138/7424/2469 
f 1329/7425/2470 1139/7426/2470 1330/7427/2470 
f 1330/7428/2471 1139/7429/2471 1140/7430/2471 
f 1330/7431/2472 1140/7432/2472 1141/7433/2472 
f 1141/7434/2473 1171/7435/2473 1330/7436/2473 
f 1141/7437/2474 1331/7438/2474 1171/7439/2474 
f 1141/7440/2475 1142/7441/2475 1331/7442/2475 
f 1168/7443/2476 1331/7444/2476 1142/7445/2476 
f 1331/7446/2477 1168/7447/2477 1169/7448/2477 
f 1171/7449/2478 1331/7450/2478 1169/7451/2478 
f 1168/7452/2479 1142/7453/2479 1332/7454/2479 
f 1142/7455/2480 1333/7456/2480 1332/7457/2480 
f 1333/7458/2481 1142/7459/2481 1143/7460/2481 
f 1147/7461/2482 1333/7462/2482 1143/7463/2482 
f 1147/7464/2483 1148/7465/2483 1333/7466/2483 
f 1148/7467/2484 1151/7468/2484 1333/7469/2484 
f 1332/7470/2485 1333/7471/2485 1151/7472/2485 
f 1167/7473/2486 1332/7474/2486 1151/7475/2486 
f 1168/7476/2487 1332/7477/2487 1167/7478/2487 
f 1167/7479/2488 1151/7480/2488 1152/7481/2488 
f 1147/7482/2489 1143/7483/2489 1145/7484/2489 
f 1171/7485/2490 1172/7486/2490 1330/7487/2490 
f 1172/7488/2491 1334/7489/2491 1330/7490/2491 
f 1334/7491/2492 1172/7492/2492 1335/7493/2492 
f 1172/7494/2493 1173/7495/2493 1335/7496/2493 
f 1336/7497/2494 1335/7498/2494 1173/7499/2494 
f 1335/7500/2495 1336/7501/2495 1337/7502/2495 
f 1338/7503/2496 1337/7504/2496 1336/7505/2496 
f 1337/7506/2497 1338/7507/2497 1339/7508/2497 
f 1338/7509/2498 1340/7510/2498 1339/7511/2498 
f 1338/7512/2499 1212/7513/2499 1340/7514/2499 
f 1201/7515/2500 1212/7516/2500 1338/7517/2500 
f 1200/7518/2501 1201/7519/2501 1338/7520/2501 
f 1200/7521/2502 1338/7522/2502 1336/7523/2502 
f 1200/7524/2503 1336/7525/2503 1199/7526/2503 
f 1199/7527/2504 1336/7528/2504 1173/7529/2504 
f 1199/7530/2505 1173/7531/2505 1174/7532/2505 
f 1341/7533/2506 1199/7534/2506 1174/7535/2506 
f 1199/7536/2507 1341/7537/2507 1197/7538/2507 
f 1197/7539/2508 1341/7540/2508 1342/7541/2508 
f 1341/7542/2509 1175/7543/2509 1342/7544/2509 
f 1341/7545/2510 1174/7546/2510 1175/7547/2510 
f 1342/7548/2511 1175/7549/2511 1176/7550/2511 
f 1342/7551/2512 1176/7552/2512 1343/7553/2512 
f 1343/7554/2513 1176/7555/2513 1177/7556/2513 
f 1343/7557/2514 1177/7558/2514 1178/7559/2514 
f 1195/7560/2515 1343/7561/2515 1178/7562/2515 
f 1195/7563/2516 1342/7564/2516 1343/7565/2516 
f 1197/7566/2517 1342/7567/2517 1195/7568/2517 
f 1212/7569/2518 1344/7570/2518 1340/7571/2518 
f 1344/7572/2519 1212/7573/2519 1229/7574/2519 
f 1212/7575/2520 1213/7576/2520 1229/7577/2520 
f 1213/7578/2521 1214/7579/2521 1229/7580/2521 
f 1214/7581/2522 1228/7582/2522 1229/7583/2522 
f 1227/7584/2523 1228/7585/2523 1214/7586/2523 
f 1217/7587/2524 1227/7588/2524 1214/7589/2524 
f 1224/7590/2525 1227/7591/2525 1217/7592/2525 
f 1223/7593/2526 1224/7594/2526 1217/7595/2526 
f 1218/7596/2527 1223/7597/2527 1217/7598/2527 
f 1214/7599/2528 1215/7600/2528 1217/7601/2528 
f 1344/7602/2529 1229/7603/2529 1327/7604/2529 
f 1229/7605/2530 1230/7606/2530 1327/7607/2530 
f 1327/7608/2531 1230/7609/2531 1231/7610/2531 
f 1344/7611/2532 1327/7612/2532 1345/7613/2532 
f 1345/7614/2533 1327/7615/2533 1328/7616/2533 
f 1345/7617/2534 1328/7618/2534 1346/7619/2534 
f 1346/7620/2535 1328/7621/2535 1329/7622/2535 
f 1330/7623/2536 1346/7624/2536 1329/7625/2536 
f 1347/7626/2537 1346/7627/2537 1330/7628/2537 
f 1347/7629/2538 1345/7630/2538 1346/7631/2538 
f 1340/7632/2539 1345/7633/2539 1347/7634/2539 
f 1340/7635/2540 1344/7636/2540 1345/7637/2540 
f 1339/7638/2541 1340/7639/2541 1347/7640/2541 
f 1339/7641/2542 1347/7642/2542 1334/7643/2542 
f 1334/7644/2543 1347/7645/2543 1330/7646/2543 
f 1335/7647/2544 1339/7648/2544 1334/7649/2544 
f 1339/7650/2545 1335/7651/2545 1337/7652/2545 
f 1137/7653/2546 1290/7654/2546 1287/7655/2546 
f 1137/7656/2547 1287/7657/2547 1284/7658/2547 
f 1137/7659/2548 1284/7660/2548 1134/7661/2548 
f 1134/7662/2549 1284/7663/2549 1282/7664/2549 
f 1134/7665/2550 1282/7666/2550 1348/7667/2550 
f 1348/7668/2551 1282/7669/2551 1278/7670/2551 
f 1348/7671/2552 1278/7672/2552 1276/7673/2552 
f 1348/7674/2553 1276/7675/2553 1133/7676/2553 
f 1133/7677/2554 1134/7678/2554 1348/7679/2554 
f 1232/7680/2555 1233/7681/2555 1317/7682/2555 
f 1317/7683/2556 1233/7684/2556 1234/7685/2556 
f 1317/7686/2557 1234/7687/2557 1349/7688/2557 
f 1234/7689/2558 1350/7690/2558 1349/7691/2558 
f 1350/7692/2559 1234/7693/2559 1235/7694/2559 
f 1350/7695/2560 1235/7696/2560 1351/7697/2560 
f 1351/7698/2561 1235/7699/2561 1236/7700/2561 
f 1236/7701/2562 1237/7702/2562 1351/7703/2562 
f 1237/7704/2563 1352/7705/2563 1351/7706/2563 
f 1352/7707/2564 1237/7708/2564 1353/7709/2564 
f 1237/7710/2565 1354/7711/2565 1353/7712/2565 
f 1355/7713/2566 1354/7714/2566 1237/7715/2566 
f 1356/7716/2567 1355/7717/2567 1237/7718/2567 
f 1357/7719/2568 1355/7720/2568 1356/7721/2568 1358/7722/2568 1359/7723/2568 1360/7724/2568 
f 1358/7725/2569 1356/7726/2569 1361/7727/2569 1362/7728/2569 1357/7729/2569 1360/7730/2569 1359/7731/2569 
f 1361/7732/2570 1356/7733/2570 1238/7734/2570 
f 1356/7735/2571 1237/7736/2571 1238/7737/2571 
f 1363/7738/2572 1361/7739/2572 1238/7740/2572 
f 1364/7741/2573 1361/7742/2573 1363/7743/2573 
f 1361/7744/2574 1364/7745/2574 1365/7746/2574 
f 1364/7747/2575 1366/7748/2575 1365/7749/2575 
f 1364/7750/2576 1367/7751/2576 1366/7752/2576 
f 1367/7753/2577 1364/7754/2577 1363/7755/2577 
f 1363/7756/2578 1239/7757/2578 1367/7758/2578 
f 1239/7759/2579 1363/7760/2579 1238/7761/2579 
f 1239/7762/2580 1368/7763/2580 1367/7764/2580 
f 1241/7765/2581 1368/7766/2581 1239/7767/2581 
f 1368/7768/2582 1241/7769/2582 1369/7770/2582 
f 1369/7771/2583 1241/7772/2583 1370/7773/2583 
f 1241/7774/2584 1242/7775/2584 1370/7776/2584 
f 1242/7777/2585 1371/7778/2585 1370/7779/2585 
f 1242/7780/2586 1243/7781/2586 1371/7782/2586 
f 1243/7783/2587 1372/7784/2587 1371/7785/2587 
f 1243/7786/2588 1373/7787/2588 1372/7788/2588 
f 1245/7789/2589 1373/7790/2589 1243/7791/2589 
f 1373/7792/2590 1245/7793/2590 1374/7794/2590 
f 1245/7795/2591 1375/7796/2591 1374/7797/2591 
f 1375/7798/2592 1245/7799/2592 1246/7800/2592 
f 1376/7801/2593 1375/7802/2593 1246/7803/2593 
f 1272/7804/2594 1375/7805/2594 1376/7806/2594 
f 1375/7807/2595 1272/7808/2595 1374/7809/2595 
f 1272/7810/2596 1377/7811/2596 1374/7812/2596 
f 1377/7813/2597 1272/7814/2597 1273/7815/2597 
f 1377/7816/2598 1273/7817/2598 1378/7818/2598 
f 1273/7819/2599 1274/7820/2599 1378/7821/2599 
f 1274/7822/2600 1379/7823/2600 1378/7824/2600 
f 1275/7825/2601 1379/7826/2601 1274/7827/2601 
f 1379/7828/2602 1275/7829/2602 1380/7830/2602 
f 1275/7831/2603 1381/7832/2603 1380/7833/2603 
f 1381/7834/2604 1275/7835/2604 1277/7836/2604 
f 1381/7837/2605 1277/7838/2605 1382/7839/2605 
f 1279/7840/2606 1382/7841/2606 1277/7842/2606 
f 1382/7843/2607 1279/7844/2607 1383/7845/2607 
f 1383/7846/2608 1279/7847/2608 1384/7848/2608 
f 1279/7849/2609 1280/7850/2609 1384/7851/2609 
f 1314/7852/2610 1384/7853/2610 1280/7854/2610 
f 1384/7855/2611 1314/7856/2611 1385/7857/2611 
f 1314/7858/2612 1316/7859/2612 1385/7860/2612 
f 1316/7861/2613 1386/7862/2613 1385/7863/2613 
f 1386/7864/2614 1316/7865/2614 1387/7866/2614 
f 1387/7867/2615 1316/7868/2615 1349/7869/2615 
f 1316/7870/2616 1317/7871/2616 1349/7872/2616 
f 1388/7873/2617 1387/7874/2617 1349/7875/2617 
f 1387/7876/2618 1388/7877/2618 1366/7878/2618 
f 1388/7879/2619 1389/7880/2619 1366/7881/2619 
f 1388/7882/2620 1390/7883/2620 1389/7884/2620 
f 1350/7885/2621 1390/7886/2621 1388/7887/2621 
f 1390/7888/2622 1350/7889/2622 1351/7890/2622 
f 1390/7891/2623 1351/7892/2623 1391/7893/2623 
f 1351/7894/2624 1352/7895/2624 1392/7896/2624 1391/7897/2624 
f 1352/7898/2625 1353/7899/2625 1391/7900/2625 1392/7901/2625 
f 1353/7902/2626 1393/7903/2626 1391/7904/2626 
f 1391/7905/2627 1393/7906/2627 1389/7907/2627 
f 1393/7908/2628 1394/7909/2628 1389/7910/2628 
f 1389/7911/2629 1394/7912/2629 1395/7913/2629 
f 1366/7914/2630 1389/7915/2630 1395/7916/2630 
f 1366/7917/2631 1395/7918/2631 1365/7919/2631 
f 1390/7920/2632 1391/7921/2632 1389/7922/2632 
f 1349/7923/2633 1350/7924/2633 1388/7925/2633 
f 1367/7926/2634 1387/7927/2634 1366/7928/2634 
f 1367/7929/2635 1368/7930/2635 1387/7931/2635 
f 1368/7932/2636 1386/7933/2636 1387/7934/2636 
f 1386/7935/2637 1368/7936/2637 1369/7937/2637 
f 1386/7938/2638 1369/7939/2638 1385/7940/2638 
f 1385/7941/2639 1369/7942/2639 1370/7943/2639 
f 1385/7944/2640 1370/7945/2640 1396/7946/2640 
f 1396/7947/2641 1370/7948/2641 1397/7949/2641 
f 1371/7950/2642 1397/7951/2642 1370/7952/2642 
f 1371/7953/2643 1372/7954/2643 1397/7955/2643 
f 1372/7956/2644 1398/7957/2644 1397/7958/2644 
f 1398/7959/2645 1372/7960/2645 1399/7961/2645 
f 1372/7962/2646 1400/7963/2646 1399/7964/2646 
f 1373/7965/2647 1400/7966/2647 1372/7967/2647 
f 1401/7968/2648 1400/7969/2648 1373/7970/2648 
f 1400/7971/2649 1401/7972/2649 1399/7973/2649 
f 1401/7974/2650 1402/7975/2650 1399/7976/2650 
f 1401/7977/2651 1403/7978/2651 1402/7979/2651 
f 1403/7980/2652 1401/7981/2652 1377/7982/2652 
f 1401/7983/2653 1374/7984/2653 1377/7985/2653 
f 1374/7986/2654 1401/7987/2654 1373/7988/2654 
f 1403/7989/2655 1377/7990/2655 1378/7991/2655 
f 1403/7992/2656 1378/7993/2656 1404/7994/2656 
f 1380/7995/2657 1404/7996/2657 1378/7997/2657 
f 1405/7998/2658 1404/7999/2658 1380/8000/2658 
f 1404/8001/2659 1405/8002/2659 1406/8003/2659 
f 1405/8004/2660 1407/8005/2660 1406/8006/2660 
f 1408/8007/2661 1407/8008/2661 1405/8009/2661 
f 1409/8010/2662 1407/8011/2662 1408/8012/2662 
f 1407/8013/2663 1409/8014/2663 1406/8015/2663 
f 1409/8016/2664 1402/8017/2664 1406/8018/2664 
f 1399/8019/2665 1402/8020/2665 1409/8021/2665 
f 1398/8022/2666 1399/8023/2666 1409/8024/2666 
f 1398/8025/2667 1409/8026/2667 1410/8027/2667 
f 1410/8028/2668 1409/8029/2668 1408/8030/2668 
f 1410/8031/2669 1408/8032/2669 1383/8033/2669 
f 1408/8034/2670 1382/8035/2670 1383/8036/2670 
f 1382/8037/2671 1408/8038/2671 1405/8039/2671 
f 1405/8040/2672 1381/8041/2672 1382/8042/2672 
f 1381/8043/2673 1405/8044/2673 1380/8045/2673 
f 1396/8046/2674 1410/8047/2674 1383/8048/2674 
f 1410/8049/2675 1396/8050/2675 1397/8051/2675 
f 1397/8052/2676 1398/8053/2676 1410/8054/2676 
f 1383/8055/2677 1384/8056/2677 1396/8057/2677 
f 1384/8058/2678 1385/8059/2678 1396/8060/2678 
f 1403/8061/2679 1406/8062/2679 1402/8063/2679 
f 1406/8064/2680 1403/8065/2680 1404/8066/2680 
f 1379/8067/2681 1380/8068/2681 1378/8069/2681 
f 1272/8070/2682 1376/8071/2682 1411/8072/2682 
f 1412/8073/2683 1411/8074/2683 1376/8075/2683 
f 1270/8076/2684 1411/8077/2684 1412/8078/2684 
f 1270/8079/2685 1272/8080/2685 1411/8081/2685 
f 1269/8082/2686 1270/8083/2686 1412/8084/2686 
f 1412/8085/2687 1413/8086/2687 1269/8087/2687 
f 1413/8088/2688 1412/8089/2688 1414/8090/2688 
f 1414/8091/2689 1412/8092/2689 1376/8093/2689 
f 1376/8094/2690 1246/8095/2690 1414/8096/2690 
f 1246/8097/2691 1415/8098/2691 1414/8099/2691 
f 1416/8100/2692 1415/8101/2692 1246/8102/2692 
f 1415/8103/2693 1416/8104/2693 1417/8105/2693 
f 1416/8106/2694 1418/8107/2694 1417/8108/2694 
f 1418/8109/2695 1416/8110/2695 1419/8111/2695 
f 1419/8112/2696 1416/8113/2696 1248/8114/2696 
f 1416/8115/2697 1247/8116/2697 1248/8117/2697 
f 1247/8118/2698 1416/8119/2698 1246/8120/2698 
f 1419/8121/2699 1248/8122/2699 1249/8123/2699 
f 1420/8124/2700 1419/8125/2700 1249/8126/2700 
f 1419/8127/2701 1420/8128/2701 1421/8129/2701 
f 1420/8130/2702 1422/8131/2702 1421/8132/2702 
f 1422/8133/2703 1420/8134/2703 1423/8135/2703 
f 1250/8136/2704 1423/8137/2704 1420/8138/2704 
f 1424/8139/2705 1423/8140/2705 1250/8141/2705 
f 1423/8142/2706 1424/8143/2706 1425/8144/2706 
f 1425/8145/2707 1424/8146/2707 1426/8147/2707 
f 1424/8148/2708 1427/8149/2708 1426/8150/2708 
f 1424/8151/2709 1428/8152/2709 1427/8153/2709 
f 1428/8154/2710 1424/8155/2710 1250/8156/2710 
f 1251/8157/2711 1428/8158/2711 1250/8159/2711 
f 1428/8160/2712 1251/8161/2712 1258/8162/2712 
f 1428/8163/2713 1258/8164/2713 1427/8165/2713 
f 1427/8166/2714 1258/8167/2714 1259/8168/2714 
f 1261/8169/2715 1427/8170/2715 1259/8171/2715 
f 1426/8172/2716 1427/8173/2716 1261/8174/2716 
f 1429/8175/2717 1426/8176/2717 1261/8177/2717 
f 1429/8178/2718 1430/8179/2718 1426/8180/2718 
f 1429/8181/2719 1431/8182/2719 1430/8183/2719 
f 1429/8184/2720 1432/8185/2720 1431/8186/2720 
f 1262/8187/2721 1432/8188/2721 1429/8189/2721 
f 1432/8190/2722 1262/8191/2722 1433/8192/2722 
f 1262/8193/2723 1263/8194/2723 1433/8195/2723 
f 1434/8196/2724 1433/8197/2724 1263/8198/2724 
f 1433/8199/2725 1434/8200/2725 1435/8201/2725 
f 1434/8202/2726 1436/8203/2726 1435/8204/2726 
f 1436/8205/2727 1434/8206/2727 1437/8207/2727 
f 1434/8208/2728 1438/8209/2728 1437/8210/2728 
f 1434/8211/2729 1439/8212/2729 1438/8213/2729 
f 1439/8214/2730 1434/8215/2730 1263/8216/2730 
f 1439/8217/2731 1263/8218/2731 1264/8219/2731 
f 1266/8220/2732 1439/8221/2732 1264/8222/2732 
f 1439/8223/2733 1266/8224/2733 1267/8225/2733 
f 1439/8226/2734 1267/8227/2734 1438/8228/2734 
f 1438/8229/2735 1267/8230/2735 1440/8231/2735 
f 1267/8232/2736 1268/8233/2736 1440/8234/2736 
f 1441/8235/2737 1440/8236/2737 1268/8237/2737 
f 1440/8238/2738 1441/8239/2738 1442/8240/2738 
f 1442/8241/2739 1441/8242/2739 1443/8243/2739 
f 1441/8244/2740 1413/8245/2740 1443/8246/2740 
f 1413/8247/2741 1441/8248/2741 1269/8249/2741 
f 1269/8250/2742 1441/8251/2742 1268/8252/2742 
f 1413/8253/2743 1444/8254/2743 1443/8255/2743 
f 1444/8256/2744 1413/8257/2744 1414/8258/2744 
f 1444/8259/2745 1414/8260/2745 1415/8261/2745 
f 1417/8262/2746 1444/8263/2746 1415/8264/2746 
f 1444/8265/2747 1417/8266/2747 1445/8267/2747 
f 1417/8268/2748 1446/8269/2748 1445/8270/2748 
f 1417/8271/2749 1418/8272/2749 1446/8273/2749 
f 1418/8274/2750 1447/8275/2750 1446/8276/2750 
f 1418/8277/2751 1421/8278/2751 1447/8279/2751 
f 1421/8280/2752 1418/8281/2752 1419/8282/2752 
f 1421/8283/2753 1448/8284/2753 1447/8285/2753 
f 1449/8286/2754 1448/8287/2754 1421/8288/2754 
f 1422/8289/2755 1449/8290/2755 1421/8291/2755 
f 1450/8292/2756 1449/8293/2756 1422/8294/2756 
f 1451/8295/2757 1450/8296/2757 1422/8297/2757 
f 1452/8298/2758 1450/8299/2758 1451/8300/2758 
f 1425/8301/2759 1452/8302/2759 1451/8303/2759 
f 1430/8304/2760 1452/8305/2760 1425/8306/2760 
f 1430/8307/2761 1425/8308/2761 1426/8309/2761 
f 1423/8310/2762 1425/8311/2762 1451/8312/2762 
f 1422/8313/2763 1423/8314/2763 1451/8315/2763 
f 1444/8316/2764 1445/8317/2764 1443/8318/2764 
f 1453/8319/2765 1440/8320/2765 1442/8321/2765 
f 1438/8322/2766 1440/8323/2766 1453/8324/2766 
f 1437/8325/2767 1438/8326/2767 1453/8327/2767 
f 1433/8328/2768 1435/8329/2768 1454/8330/2768 
f 1432/8331/2769 1433/8332/2769 1454/8333/2769 
f 1432/8334/2770 1454/8335/2770 1431/8336/2770 
f 1261/8337/2771 1262/8338/2771 1429/8339/2771 
f 1249/8340/2772 1250/8341/2772 1420/8342/2772 
f 1365/8343/2773 1357/8344/2773 1362/8345/2773 1361/8346/2773 
f 1455/8347/2774 1301/8348/2774 1303/8349/2774 
f 1301/8350/2775 1455/8351/2775 1456/8352/2775 
f 1296/8353/2776 1301/8354/2776 1456/8355/2776 
f 1301/8356/2777 1296/8357/2777 1298/8358/2777 
f 1296/8359/2778 1456/8360/2778 1293/8361/2778 
f 1297/8362/2779 1296/8363/2779 1293/8364/2779 1294/8365/2779 
f 1097/8366/2780 1221/8367/2780 1095/8368/2780 
f 1094/8369/2781 1189/8370/2781 1457/8371/2781 
f 1189/8372/2782 1458/8373/2782 1457/8374/2782 
f 1458/8375/2783 1189/8376/2783 1188/8377/2783 
f 1459/8378/2784 1458/8379/2784 1188/8380/2784 
f 1458/8381/2785 1459/8382/2785 1457/8383/2785 
f 1459/8384/2786 1460/8385/2786 1457/8386/2786 
f 1459/8387/2787 1187/8388/2787 1460/8389/2787 
f 1187/8390/2788 1459/8391/2788 1188/8392/2788 
f 1187/8393/2789 1090/8394/2789 1460/8395/2789 
f 1091/8396/2790 1460/8397/2790 1090/8398/2790 
f 1092/8399/2791 1460/8400/2791 1091/8401/2791 
f 1092/8402/2792 1457/8403/2792 1460/8404/2792 
f 1457/8405/2793 1092/8406/2793 1094/8407/2793 
f 1208/8408/2794 1207/8409/2794 1216/8410/2794 
f 1061/8411/2795 1062/8412/2795 1146/8413/2795 
f 1028/8414/2796 1029/8415/2796 1088/8416/2796 
usemtl Patient_Gown
f 692/8417/2797 693/8418/2797 1003/8419/2797 
f 692/8420/2798 1003/8421/2798 1461/8422/2798 
f 1461/8423/2799 1003/8424/2799 404/8425/2799 
f 404/8426/2800 1003/8427/2800 403/8428/2800 
f 405/8429/2801 1461/8430/2801 404/8431/2801 
f 1462/8432/2802 1461/8433/2802 405/8434/2802 
f 1461/8435/2803 1462/8436/2803 1463/8437/2803 
f 1463/8438/2804 1462/8439/2804 685/8440/2804 
f 1462/8441/2805 411/8442/2805 685/8443/2805 
f 411/8444/2806 1462/8445/2806 406/8446/2806 
f 406/8447/2807 1462/8448/2807 405/8449/2807 
f 407/8450/2808 411/8451/2808 406/8452/2808 
f 685/8453/2809 686/8454/2809 1463/8455/2809 
f 686/8456/2810 691/8457/2810 1463/8458/2810 
f 687/8459/2811 691/8460/2811 686/8461/2811 
f 687/8462/2812 688/8463/2812 691/8464/2812 
f 691/8465/2813 692/8466/2813 1463/8467/2813 
f 1463/8468/2814 692/8469/2814 1461/8470/2814 
f 699/8471/2815 700/8472/2815 701/8473/2815 
f 1464/8474/2816 300/8475/2816 402/8476/2816 
f 300/8477/2817 1464/8478/2817 299/8479/2817 
f 299/8480/2818 1464/8481/2818 298/8482/2818 
f 298/8483/2819 1464/8484/2819 1465/8485/2819 
f 1464/8486/2820 402/8487/2820 1465/8488/2820 
f 402/8489/2821 397/8490/2821 1465/8491/2821 
f 402/8492/2822 398/8493/2822 397/8494/2822 
f 397/8495/2823 296/8496/2823 1465/8497/2823 
f 297/8498/2824 1465/8499/2824 296/8500/2824 
f 298/8501/2825 1465/8502/2825 297/8503/2825 
f 285/8504/2826 328/8505/2826 319/8506/2826 
f 283/8507/2827 285/8508/2827 319/8509/2827 
f 316/8510/2828 315/8511/2828 317/8512/2828 
f 311/8513/2829 276/8514/2829 312/8515/2829 
f 276/8516/2830 311/8517/2830 274/8518/2830 
f 274/8519/2831 311/8520/2831 309/8521/2831 
f 309/8522/2832 273/8523/2832 274/8524/2832 
f 272/8525/2833 273/8526/2833 309/8527/2833 
f 265/8528/2834 272/8529/2834 309/8530/2834 
f 272/8531/2835 265/8532/2835 266/8533/2835 
f 272/8534/2836 266/8535/2836 269/8536/2836 
f 265/8537/2837 309/8538/2837 307/8539/2837 
f 265/8540/2838 307/8541/2838 264/8542/2838 
f 264/8543/2839 307/8544/2839 305/8545/2839 
f 305/8546/2840 1466/8547/2840 264/8548/2840 
f 305/8549/2841 214/8550/2841 1466/8551/2841 
f 214/8552/2842 215/8553/2842 1466/8554/2842 
f 1466/8555/2843 215/8556/2843 261/8557/2843 
f 1466/8558/2844 261/8559/2844 264/8560/2844 
f 292/8561/2845 270/8562/2845 268/8563/2845 
usemtl Patient_Skin
f 221/8564/2846 219/8565/2846 220/8566/2846 
f 203/8567/2847 204/8568/2847 202/8569/2847 
f 166/8570/2848 167/8571/2848 165/8572/2848 
f 173/8573/2849 195/8574/2849 172/8575/2849 
f 173/8576/2850 174/8577/2850 175/8578/2850 
f 146/8579/2851 193/8580/2851 192/8581/2851 
f 145/8582/2852 146/8583/2852 192/8584/2852 
f 180/8585/2853 145/8586/2853 192/8587/2853 
f 1467/8588/2854 190/8589/2854 177/8590/2854 
f 190/8591/2855 1467/8592/2855 1468/8593/2855 
f 1467/8594/2856 1469/8595/2856 1468/8596/2856 
f 178/8597/2857 1469/8598/2857 1467/8599/2857 
f 178/8600/2858 179/8601/2858 1469/8602/2858 
f 179/8603/2859 181/8604/2859 1469/8605/2859 
f 1469/8606/2860 181/8607/2860 183/8608/2860 
f 1469/8609/2861 183/8610/2861 1468/8611/2861 
f 1470/8612/2862 1468/8613/2862 183/8614/2862 
f 189/8615/2863 1468/8616/2863 1470/8617/2863 
f 190/8618/2864 1468/8619/2864 189/8620/2864 
f 1471/8621/2865 189/8622/2865 1470/8623/2865 
f 1471/8624/2866 187/8625/2866 189/8626/2866 
f 1472/8627/2867 187/8628/2867 1471/8629/2867 
f 1472/8630/2868 186/8631/2868 187/8632/2868 
f 1473/8633/2869 186/8634/2869 1472/8635/2869 
f 186/8636/2870 1473/8637/2870 1474/8638/2870 
f 1473/8639/2871 1475/8640/2871 1474/8641/2871 
f 1473/8642/2872 1476/8643/2872 1475/8644/2872 
f 1476/8645/2873 1473/8646/2873 1472/8647/2873 
f 1477/8648/2874 1476/8649/2874 1472/8650/2874 
f 1477/8651/2875 1478/8652/2875 1476/8653/2875 
f 1478/8654/2876 1477/8655/2876 1479/8656/2876 
f 1477/8657/2877 1480/8658/2877 1479/8659/2877 
f 1480/8660/2878 1477/8661/2878 1472/8662/2878 
f 1480/8663/2879 1472/8664/2879 1471/8665/2879 
f 1479/8666/2880 1480/8667/2880 1471/8668/2880 
f 1470/8669/2881 1479/8670/2881 1471/8671/2881 
f 1481/8672/2882 1479/8673/2882 1470/8674/2882 
f 1479/8675/2883 1481/8676/2883 1478/8677/2883 
f 1481/8678/2884 1482/8679/2884 1478/8680/2884 
f 1482/8681/2885 1481/8682/2885 1475/8683/2885 
f 1481/8684/2886 1474/8685/2886 1475/8686/2886 
f 184/8687/2887 1474/8688/2887 1481/8689/2887 
f 186/8690/2888 1474/8691/2888 184/8692/2888 
f 183/8693/2889 184/8694/2889 1481/8695/2889 
f 1481/8696/2890 1470/8697/2890 183/8698/2890 
f 1476/8699/2891 1482/8700/2891 1475/8701/2891 
f 1478/8702/2892 1482/8703/2892 1476/8704/2892 
f 177/8705/2893 178/8706/2893 1467/8707/2893 
f 180/8708/2894 188/8709/2894 185/8710/2894 
f 185/8711/2895 182/8712/2895 180/8713/2895 
f 123/8714/2896 124/8715/2896 138/8716/2896 
f 138/8717/2897 124/8718/2897 127/8719/2897 
f 124/8720/2898 125/8721/2898 127/8722/2898 
f 138/8723/2899 127/8724/2899 1483/8725/2899 
f 133/8726/2900 1483/8727/2900 127/8728/2900 
f 133/8729/2901 1484/8730/2901 1483/8731/2901 
f 133/8732/2902 134/8733/2902 1484/8734/2902 
f 134/8735/2903 1485/8736/2903 1484/8737/2903 
f 135/8738/2904 1485/8739/2904 134/8740/2904 
f 135/8741/2905 1486/8742/2905 1485/8743/2905 
f 135/8744/2906 137/8745/2906 1486/8746/2906 
f 137/8747/2907 1487/8748/2907 1486/8749/2907 
f 1488/8750/2908 1487/8751/2908 137/8752/2908 
f 1489/8753/2909 1487/8754/2909 1488/8755/2909 
f 1489/8756/2910 1490/8757/2910 1487/8758/2910 
f 1491/8759/2911 1490/8760/2911 1489/8761/2911 
f 1490/8762/2912 1491/8763/2912 1492/8764/2912 
f 1491/8765/2913 1493/8766/2913 1492/8767/2913 
f 1491/8768/2914 1494/8769/2914 1493/8770/2914 
f 1494/8771/2915 1491/8772/2915 1489/8773/2915 
f 1494/8774/2916 1489/8775/2916 1495/8776/2916 
f 1489/8777/2917 1496/8778/2917 1495/8779/2917 
f 1488/8780/2918 1496/8781/2918 1489/8782/2918 
f 1488/8783/2919 1497/8784/2919 1496/8785/2919 
f 1483/8786/2920 1497/8787/2920 1488/8788/2920 
f 1484/8789/2921 1497/8790/2921 1483/8791/2921 
f 1496/8792/2922 1497/8793/2922 1484/8794/2922 
f 1498/8795/2923 1496/8796/2923 1484/8797/2923 
f 1495/8798/2924 1496/8799/2924 1498/8800/2924 
f 1499/8801/2925 1495/8802/2925 1498/8803/2925 
f 1499/8804/2926 1500/8805/2926 1495/8806/2926 
f 1501/8807/2927 1500/8808/2927 1499/8809/2927 
f 1493/8810/2928 1500/8811/2928 1501/8812/2928 
f 1494/8813/2929 1500/8814/2929 1493/8815/2929 
f 1500/8816/2930 1494/8817/2930 1495/8818/2930 
f 1492/8819/2931 1493/8820/2931 1501/8821/2931 
f 1486/8822/2932 1492/8823/2932 1501/8824/2932 
f 1490/8825/2933 1492/8826/2933 1486/8827/2933 
f 1487/8828/2934 1490/8829/2934 1486/8830/2934 
f 1485/8831/2935 1486/8832/2935 1501/8833/2935 
f 1501/8834/2936 1498/8835/2936 1485/8836/2936 
f 1501/8837/2937 1499/8838/2937 1498/8839/2937 
f 1498/8840/2938 1484/8841/2938 1485/8842/2938 
f 138/8843/2939 1483/8844/2939 1488/8845/2939 
f 138/8846/2940 1488/8847/2940 137/8848/2940 
f 128/8849/2941 133/8850/2941 127/8851/2941 
f 37/8852/2942 38/8853/2942 62/8854/2942 
f 30/8855/2943 37/8856/2943 62/8857/2943 
f 34/8858/2944 37/8859/2944 30/8860/2944 
f 30/8861/2945 62/8862/2945 29/8863/2945 

g Mesh48 average_male_1_1 Model
usemtl Patient_Mouth
f 1502/8864/2946 1503/8865/2946 1504/8866/2946 
f 1502/8867/2947 1505/8868/2947 1503/8869/2947 
f 1505/8870/2948 1502/8871/2948 1506/8872/2948 
f 1502/8873/2949 1504/8874/2949 1506/8875/2949 
f 1504/8876/2950 1507/8877/2950 1506/8878/2950 
f 1504/8879/2951 1508/8880/2951 1507/8881/2951 
f 1504/8882/2952 1509/8883/2952 1508/8884/2952 
f 1503/8885/2953 1509/8886/2953 1504/8887/2953 
f 1509/8888/2954 1503/8889/2954 1510/8890/2954 
f 1503/8891/2955 1511/8892/2955 1510/8893/2955 
f 1503/8894/2956 1512/8895/2956 1511/8896/2956 
f 1505/8897/2957 1512/8898/2957 1503/8899/2957 
f 1512/8900/2958 1513/8901/2958 1511/8902/2958 
f 1511/8903/2959 1513/8904/2959 1514/8905/2959 
f 1513/8906/2960 1515/8907/2960 1514/8908/2960 
f 1516/8909/2961 1514/8910/2961 1515/8911/2961 
f 1517/8912/2962 1514/8913/2962 1516/8914/2962 
f 1511/8915/2963 1514/8916/2963 1517/8917/2963 
f 1510/8918/2964 1511/8919/2964 1517/8920/2964 
f 1510/8921/2965 1517/8922/2965 1518/8923/2965 
f 1518/8924/2966 1517/8925/2966 1519/8926/2966 
f 1519/8927/2967 1517/8928/2967 1516/8929/2967 
f 1519/8930/2968 1516/8931/2968 1520/8932/2968 
f 1521/8933/2969 1520/8934/2969 1516/8935/2969 
f 1521/8936/2970 1522/8937/2970 1520/8938/2970 
f 1522/8939/2971 1523/8940/2971 1520/8941/2971 
f 1523/8942/2972 1522/8943/2972 1524/8944/2972 
f 1525/8945/2973 1523/8946/2973 1524/8947/2973 
f 1523/8948/2974 1525/8949/2974 1526/8950/2974 
f 1525/8951/2975 1527/8952/2975 1526/8953/2975 
f 1528/8954/2976 1527/8955/2976 1525/8956/2976 
f 1528/8957/2977 1529/8958/2977 1527/8959/2977 
f 1529/8960/2978 1506/8961/2978 1527/8962/2978 
f 1529/8963/2979 1505/8964/2979 1506/8965/2979 
f 1527/8966/2980 1506/8967/2980 1530/8968/2980 
f 1506/8969/2981 1507/8970/2981 1530/8971/2981 
f 1507/8972/2982 1531/8973/2982 1530/8974/2982 
f 1508/8975/2983 1531/8976/2983 1507/8977/2983 
f 1508/8978/2984 1532/8979/2984 1531/8980/2984 
f 1508/8981/2985 1533/8982/2985 1532/8983/2985 
f 1509/8984/2986 1533/8985/2986 1508/8986/2986 
f 1509/8987/2987 1510/8988/2987 1533/8989/2987 
f 1510/8990/2988 1534/8991/2988 1533/8992/2988 
f 1534/8993/2989 1510/8994/2989 1518/8995/2989 
f 1534/8996/2990 1518/8997/2990 1535/8998/2990 
f 1518/8999/2991 1536/9000/2991 1535/9001/2991 
f 1518/9002/2992 1537/9003/2992 1536/9004/2992 
f 1537/9005/2993 1518/9006/2993 1519/9007/2993 
f 1537/9008/2994 1519/9009/2994 1538/9010/2994 
f 1519/9011/2995 1539/9012/2995 1538/9013/2995 
f 1539/9014/2996 1519/9015/2996 1520/9016/2996 
f 1540/9017/2997 1539/9018/2997 1520/9019/2997 
f 1538/9020/2998 1539/9021/2998 1540/9022/2998 
f 1541/9023/2999 1538/9024/2999 1540/9025/2999 
f 1541/9026/3000 1542/9027/3000 1538/9028/3000 
f 1543/9029/3001 1542/9030/3001 1541/9031/3001 
f 1544/9032/3002 1542/9033/3002 1543/9034/3002 
f 1542/9035/3003 1544/9036/3003 1532/9037/3003 
f 1532/9038/3004 1544/9039/3004 1531/9040/3004 
f 1531/9041/3005 1544/9042/3005 1545/9043/3005 
f 1545/9044/3006 1544/9045/3006 1543/9046/3006 
f 1545/9047/3007 1543/9048/3007 1546/9049/3007 
f 1546/9050/3008 1543/9051/3008 1541/9052/3008 
f 1541/9053/3009 1540/9054/3009 1546/9055/3009 
f 1540/9056/3010 1526/9057/3010 1546/9058/3010 
f 1540/9059/3011 1523/9060/3011 1526/9061/3011 
f 1523/9062/3012 1540/9063/3012 1520/9064/3012 
f 1526/9065/3013 1530/9066/3013 1546/9067/3013 
f 1527/9068/3014 1530/9069/3014 1526/9070/3014 
f 1530/9071/3015 1547/9072/3015 1546/9073/3015 
f 1531/9074/3016 1547/9075/3016 1530/9076/3016 
f 1547/9077/3017 1531/9078/3017 1545/9079/3017 
f 1547/9080/3018 1545/9081/3018 1546/9082/3018 
f 1542/9083/3019 1532/9084/3019 1548/9085/3019 
f 1532/9086/3020 1549/9087/3020 1548/9088/3020 
f 1532/9089/3021 1550/9090/3021 1549/9091/3021 
f 1533/9092/3022 1550/9093/3022 1532/9094/3022 
f 1550/9095/3023 1533/9096/3023 1535/9097/3023 
f 1533/9098/3024 1534/9099/3024 1535/9100/3024 
f 1550/9101/3025 1535/9102/3025 1536/9103/3025 
f 1549/9104/3026 1550/9105/3026 1536/9106/3026 
f 1537/9107/3027 1549/9108/3027 1536/9109/3027 
f 1549/9110/3028 1537/9111/3028 1538/9112/3028 
f 1548/9113/3029 1549/9114/3029 1538/9115/3029 
f 1542/9116/3030 1548/9117/3030 1538/9118/3030 
f 1524/9119/3031 1528/9120/3031 1525/9121/3031 
f 1551/9122/3032 1521/9123/3032 1516/9124/3032 
f 1551/9125/3033 1516/9126/3033 1515/9127/3033 

g Mesh49 average_male_1_1 Model
usemtl Patient_Eye
f 1552/9128/3034 1553/9129/3034 1554/9130/3034 
f 1555/9131/3035 1556/9132/3035 1553/9133/3035 1552/9134/3035 
f 1555/9135/3036 1557/9136/3036 1556/9137/3036 
f 1558/9138/3037 1557/9139/3037 1555/9140/3037 
f 1557/9141/3038 1558/9142/3038 1559/9143/3038 
f 1558/9144/3039 1560/9145/3039 1559/9146/3039 
f 1558/9147/3040 1561/9148/3040 1560/9149/3040 
f 1562/9150/3041 1561/9151/3041 1558/9152/3041 
f 1562/9153/3042 1563/9154/3042 1561/9155/3042 
f 1564/9156/3043 1563/9157/3043 1562/9158/3043 
f 1564/9159/3044 1565/9160/3044 1563/9161/3044 
f 1566/9162/3045 1565/9163/3045 1564/9164/3045 
f 1567/9165/3046 1565/9166/3046 1566/9167/3046 1568/9168/3046 
f 1565/9169/3047 1567/9170/3047 1569/9171/3047 
f 1567/9172/3048 1570/9173/3048 1569/9174/3048 
f 1571/9175/3049 1570/9176/3049 1567/9177/3049 
f 1571/9178/3050 1572/9179/3050 1570/9180/3050 
f 1573/9181/3051 1572/9182/3051 1571/9183/3051 
f 1573/9184/3052 1574/9185/3052 1572/9186/3052 
f 1575/9187/3053 1574/9188/3053 1573/9189/3053 
f 1308/9190/3054 1576/9191/3054 1309/9192/3054 1574/9193/3054 1575/9194/3054 
f 1577/9195/3055 1576/9196/3055 1308/9197/3055 1575/9198/3055 
f 1577/9199/3056 1578/9200/3056 1576/9201/3056 
f 1579/9202/3057 1578/9203/3057 1577/9204/3057 
f 1580/9205/3058 1581/9206/3058 1578/9207/3058 1579/9208/3058 
f 1580/9209/3059 1582/9210/3059 1581/9211/3059 
f 1580/9212/3060 1583/9213/3060 1582/9214/3060 
f 1584/9215/3061 1583/9216/3061 1580/9217/3061 
f 1584/9218/3062 1585/9219/3062 1583/9220/3062 
f 1586/9221/3063 1585/9222/3063 1584/9223/3063 
f 1586/9224/3064 1587/9225/3064 1585/9226/3064 
f 1588/9227/3065 1587/9228/3065 1586/9229/3065 
f 1588/9230/3066 1589/9231/3066 1587/9232/3066 
f 1590/9233/3067 1589/9234/3067 1588/9235/3067 
f 1590/9236/3068 1591/9237/3068 1589/9238/3068 
f 1592/9239/3069 1591/9240/3069 1590/9241/3069 
f 1592/9242/3070 1593/9243/3070 1591/9244/3070 
f 1592/9245/3071 1594/9246/3071 1595/9247/3071 1593/9248/3071 
f 1596/9249/3072 1597/9250/3072 1594/9251/3072 1592/9252/3072 
f 1597/9253/3073 1596/9254/3073 1598/9255/3073 
f 1598/9256/3074 1596/9257/3074 1599/9258/3074 
f 1596/9259/3075 1590/9260/3075 1599/9261/3075 
f 1596/9262/3076 1592/9263/3076 1590/9264/3076 
f 1599/9265/3077 1590/9266/3077 1588/9267/3077 
f 1599/9268/3078 1588/9269/3078 1600/9270/3078 
f 1600/9271/3079 1588/9272/3079 1586/9273/3079 
f 1600/9274/3080 1586/9275/3080 1601/9276/3080 
f 1601/9277/3081 1586/9278/3081 1584/9279/3081 
f 1601/9280/3082 1584/9281/3082 1602/9282/3082 
f 1584/9283/3083 1579/9284/3083 1602/9285/3083 
f 1579/9286/3084 1584/9287/3084 1580/9288/3084 
f 1602/9289/3085 1579/9290/3085 1577/9291/3085 
f 1603/9292/3086 1602/9293/3086 1577/9294/3086 
f 1603/9295/3087 1604/9296/3087 1602/9297/3087 
f 1604/9298/3088 1603/9299/3088 1605/9300/3088 
f 1605/9301/3089 1603/9302/3089 1606/9303/3089 
f 1606/9304/3090 1603/9305/3090 1577/9306/3090 
f 1606/9307/3091 1577/9308/3091 1575/9309/3091 
f 1606/9310/3092 1575/9311/3092 1607/9312/3092 
f 1607/9313/3093 1575/9314/3093 1573/9315/3093 
f 1607/9316/3094 1573/9317/3094 1608/9318/3094 
f 1608/9319/3095 1573/9320/3095 1571/9321/3095 
f 1608/9322/3096 1571/9323/3096 1609/9324/3096 
f 1609/9325/3097 1571/9326/3097 1567/9327/3097 
f 1609/9328/3098 1567/9329/3098 1568/9330/3098 
f 1610/9331/3099 1609/9332/3099 1568/9333/3099 
f 1610/9334/3100 1611/9335/3100 1609/9336/3100 
f 1611/9337/3101 1610/9338/3101 1612/9339/3101 1613/9340/3101 
f 1612/9341/3102 1610/9342/3102 1614/9343/3102 
f 1610/9344/3103 1568/9345/3103 1614/9346/3103 
f 1614/9347/3104 1568/9348/3104 1566/9349/3104 
f 1615/9350/3105 1614/9351/3105 1566/9352/3105 
f 1616/9353/3106 1614/9354/3106 1615/9355/3106 
f 1616/9356/3107 1617/9357/3107 1614/9358/3107 
f 1617/9359/3108 1612/9360/3108 1614/9361/3108 
f 1613/9362/3109 1612/9363/3109 1617/9364/3109 1618/9365/3109 
f 1619/9366/3110 1613/9367/3110 1618/9368/3110 1620/9369/3110 
f 1613/9370/3111 1619/9371/3111 1611/9372/3111 
f 1619/9373/3112 1621/9374/3112 1611/9375/3112 
f 1622/9376/3113 1621/9377/3113 1619/9378/3113 
f 1622/9379/3114 1623/9380/3114 1621/9381/3114 
f 1622/9382/3115 1624/9383/3115 1623/9384/3115 
f 1625/9385/3116 1624/9386/3116 1622/9387/3116 
f 1626/9388/3117 1624/9389/3117 1625/9390/3117 
f 1627/9391/3118 1624/9392/3118 1626/9393/3118 1628/9394/3118 
f 1624/9395/3119 1627/9396/3119 1623/9397/3119 
f 1623/9398/3120 1627/9399/3120 1629/9400/3120 
f 1627/9401/3121 1630/9402/3121 1629/9403/3121 
f 1631/9404/3122 1630/9405/3122 1627/9406/3122 
f 1631/9407/3123 1632/9408/3123 1630/9409/3123 
f 1631/9410/3124 1633/9411/3124 1632/9412/3124 
f 1634/9413/3125 1633/9414/3125 1631/9415/3125 
f 1634/9416/3126 1635/9417/3126 1633/9418/3126 
f 1636/9419/3127 1635/9420/3127 1634/9421/3127 
f 1597/9422/3128 1635/9423/3128 1636/9424/3128 1637/9425/3128 
f 1635/9426/3129 1597/9427/3129 1598/9428/3129 
f 1635/9429/3130 1598/9430/3130 1633/9431/3130 
f 1633/9432/3131 1598/9433/3131 1638/9434/3131 
f 1598/9435/3132 1599/9436/3132 1638/9437/3132 
f 1638/9438/3133 1599/9439/3133 1600/9440/3133 
f 1638/9441/3134 1600/9442/3134 1604/9443/3134 
f 1604/9444/3135 1600/9445/3135 1601/9446/3135 
f 1604/9447/3136 1601/9448/3136 1602/9449/3136 
f 1632/9450/3137 1638/9451/3137 1604/9452/3137 
f 1633/9453/3138 1638/9454/3138 1632/9455/3138 
f 1632/9456/3139 1604/9457/3139 1605/9458/3139 
f 1632/9459/3140 1605/9460/3140 1630/9461/3140 
f 1630/9462/3141 1605/9463/3141 1639/9464/3141 
f 1639/9465/3142 1605/9466/3142 1606/9467/3142 
f 1639/9468/3143 1606/9469/3143 1607/9470/3143 
f 1639/9471/3144 1607/9472/3144 1640/9473/3144 
f 1640/9474/3145 1607/9475/3145 1608/9476/3145 
f 1608/9477/3146 1641/9478/3146 1642/9479/3146 1640/9480/3146 
f 1641/9481/3147 1608/9482/3147 1609/9483/3147 
f 1611/9484/3148 1641/9485/3148 1609/9486/3148 
f 1642/9487/3149 1641/9488/3149 1611/9489/3149 
f 1621/9490/3150 1642/9491/3150 1611/9492/3150 
f 1623/9493/3151 1642/9494/3151 1621/9495/3151 
f 1623/9496/3152 1629/9497/3152 1642/9498/3152 
f 1629/9499/3153 1640/9500/3153 1642/9501/3153 
f 1629/9502/3154 1639/9503/3154 1640/9504/3154 
f 1629/9505/3155 1630/9506/3155 1639/9507/3155 
f 1636/9508/3156 1643/9509/3156 1644/9510/3156 1637/9511/3156 
f 1643/9512/3157 1636/9513/3157 1645/9514/3157 
f 1636/9515/3158 1646/9516/3158 1645/9517/3158 
f 1646/9518/3159 1636/9519/3159 1634/9520/3159 
f 1646/9521/3160 1634/9522/3160 1628/9523/3160 
f 1628/9524/3161 1634/9525/3161 1631/9526/3161 
f 1628/9527/3162 1631/9528/3162 1627/9529/3162 
f 1626/9530/3163 1646/9531/3163 1628/9532/3163 
f 1646/9533/3164 1626/9534/3164 1647/9535/3164 
f 1647/9536/3165 1626/9537/3165 1625/9538/3165 
f 1647/9539/3166 1625/9540/3166 1648/9541/3166 
f 1648/9542/3167 1625/9543/3167 1649/9544/3167 
f 1649/9545/3168 1625/9546/3168 1622/9547/3168 
f 1649/9548/3169 1622/9549/3169 1619/9550/3169 
f 1649/9551/3170 1619/9552/3170 1620/9553/3170 
f 1650/9554/3171 1649/9555/3171 1620/9556/3171 
f 1650/9557/3172 1648/9558/3172 1649/9559/3172 
f 1651/9560/3173 1647/9561/3173 1648/9562/3173 
f 1645/9563/3174 1647/9564/3174 1651/9565/3174 
f 1645/9566/3175 1646/9567/3175 1647/9568/3175 
f 1652/9569/3176 1645/9570/3176 1651/9571/3176 
f 1643/9572/3177 1645/9573/3177 1652/9574/3177 
f 1653/9575/3178 1643/9576/3178 1652/9577/3178 
f 1643/9578/3179 1653/9579/3179 1654/9580/3179 1644/9581/3179 
f 1655/9582/3180 1644/9583/3180 1654/9584/3180 
f 1637/9585/3181 1644/9586/3181 1655/9587/3181 1656/9588/3181 
f 1657/9589/3182 1656/9590/3182 1655/9591/3182 
f 1656/9592/3183 1657/9593/3183 1594/9594/3183 
f 1657/9595/3184 1595/9596/3184 1594/9597/3184 
f 1658/9598/3185 1595/9599/3185 1657/9600/3185 
f 1593/9601/3186 1595/9602/3186 1658/9603/3186 1659/9604/3186 
f 1660/9605/3187 1659/9606/3187 1658/9607/3187 
f 1660/9608/3188 1661/9609/3188 1659/9610/3188 
f 1662/9611/3189 1661/9612/3189 1660/9613/3189 
f 1662/9614/3190 1663/9615/3190 1661/9616/3190 
f 1559/9617/3191 1663/9618/3191 1662/9619/3191 
f 1559/9620/3192 1664/9621/3192 1663/9622/3192 
f 1665/9623/3193 1664/9624/3193 1559/9625/3193 
f 1666/9626/3194 1664/9627/3194 1665/9628/3194 
f 1666/9629/3195 1667/9630/3195 1664/9631/3195 
f 1666/9632/3196 1668/9633/3196 1667/9634/3196 
f 1669/9635/3197 1668/9636/3197 1666/9637/3197 1670/9638/3197 
f 1668/9639/3198 1669/9640/3198 1671/9641/3198 
f 1669/9642/3199 1672/9643/3199 1671/9644/3199 
f 1669/9645/3200 1673/9646/3200 1672/9647/3200 
f 1674/9648/3201 1673/9649/3201 1669/9650/3201 
f 1673/9651/3202 1674/9652/3202 1675/9653/3202 
f 1674/9654/3203 1676/9655/3203 1675/9656/3203 
f 1676/9657/3204 1674/9658/3204 1677/9659/3204 
f 1677/9660/3205 1674/9661/3205 1678/9662/3205 
f 1674/9663/3206 1670/9664/3206 1678/9665/3206 
f 1670/9666/3207 1674/9667/3207 1669/9668/3207 
f 1678/9669/3208 1670/9670/3208 1666/9671/3208 
f 1679/9672/3209 1678/9673/3209 1666/9674/3209 
f 1680/9675/3210 1678/9676/3210 1679/9677/3210 
f 1678/9678/3211 1680/9679/3211 1677/9680/3211 
f 1680/9681/3212 1681/9682/3212 1677/9683/3212 
f 1680/9684/3213 1682/9685/3213 1681/9686/3213 
f 1682/9687/3214 1680/9688/3214 1683/9689/3214 
f 1683/9690/3215 1680/9691/3215 1679/9692/3215 
f 1684/9693/3216 1683/9694/3216 1679/9695/3216 
f 1684/9696/3217 1685/9697/3217 1683/9698/3217 
f 1686/9699/3218 1685/9700/3218 1684/9701/3218 
f 1686/9702/3219 1687/9703/3219 1685/9704/3219 
f 1688/9705/3220 1687/9706/3220 1686/9707/3220 
f 1688/9708/3221 1689/9709/3221 1687/9710/3221 
f 1689/9711/3222 1688/9712/3222 1569/9713/3222 
f 1569/9714/3223 1688/9715/3223 1563/9716/3223 
f 1688/9717/3224 1690/9718/3224 1563/9719/3224 
f 1690/9720/3225 1688/9721/3225 1686/9722/3225 
f 1690/9723/3226 1686/9724/3226 1691/9725/3226 
f 1691/9726/3227 1686/9727/3227 1684/9728/3227 
f 1691/9729/3228 1684/9730/3228 1665/9731/3228 
f 1665/9732/3229 1684/9733/3229 1679/9734/3229 
f 1679/9735/3230 1666/9736/3230 1665/9737/3230 
f 1560/9738/3231 1691/9739/3231 1665/9740/3231 
f 1561/9741/3232 1691/9742/3232 1560/9743/3232 
f 1561/9744/3233 1690/9745/3233 1691/9746/3233 
f 1563/9747/3234 1690/9748/3234 1561/9749/3234 
f 1560/9750/3235 1665/9751/3235 1559/9752/3235 
f 1565/9753/3236 1569/9754/3236 1563/9755/3236 
f 1570/9756/3237 1689/9757/3237 1569/9758/3237 
f 1572/9759/3238 1689/9760/3238 1570/9761/3238 
f 1572/9762/3239 1692/9763/3239 1689/9764/3239 
f 1574/9765/3240 1692/9766/3240 1572/9767/3240 
f 1693/9768/3241 1694/9769/3241 1692/9770/3241 1574/9771/3241 
f 1693/9772/3242 1695/9773/3242 1694/9774/3242 
f 1696/9775/3243 1695/9776/3243 1693/9777/3243 
f 1696/9778/3244 1697/9779/3244 1695/9780/3244 
f 1581/9781/3245 1697/9782/3245 1696/9783/3245 
f 1581/9784/3246 1698/9785/3246 1697/9786/3246 
f 1582/9787/3247 1698/9788/3247 1581/9789/3247 
f 1699/9790/3248 1698/9791/3248 1582/9792/3248 
f 1699/9793/3249 1700/9794/3249 1698/9795/3249 
f 1701/9796/3250 1700/9797/3250 1699/9798/3250 
f 1702/9799/3251 1700/9800/3251 1701/9801/3251 
f 1702/9802/3252 1703/9803/3252 1700/9804/3252 
f 1704/9805/3253 1703/9806/3253 1702/9807/3253 
f 1703/9808/3254 1704/9809/3254 1705/9810/3254 
f 1705/9811/3255 1704/9812/3255 1706/9813/3255 
f 1704/9814/3256 1707/9815/3256 1706/9816/3256 
f 1707/9817/3257 1704/9818/3257 1708/9819/3257 
f 1708/9820/3258 1704/9821/3258 1702/9822/3258 
f 1708/9823/3259 1702/9824/3259 1709/9825/3259 
f 1709/9826/3260 1702/9827/3260 1701/9828/3260 
f 1709/9829/3261 1701/9830/3261 1710/9831/3261 
f 1710/9832/3262 1701/9833/3262 1711/9834/3262 
f 1711/9835/3263 1701/9836/3263 1699/9837/3263 
f 1711/9838/3264 1699/9839/3264 1712/9840/3264 
f 1712/9841/3265 1699/9842/3265 1582/9843/3265 
f 1712/9844/3266 1582/9845/3266 1713/9846/3266 
f 1582/9847/3267 1714/9848/3267 1713/9849/3267 
f 1583/9850/3268 1714/9851/3268 1582/9852/3268 
f 1583/9853/3269 1715/9854/3269 1297/9855/3269 1714/9856/3269 
f 1585/9857/3270 1715/9858/3270 1583/9859/3270 
f 1585/9860/3271 1716/9861/3271 1715/9862/3271 
f 1587/9863/3272 1716/9864/3272 1585/9865/3272 
f 1587/9866/3273 1717/9867/3273 1716/9868/3273 
f 1589/9869/3274 1717/9870/3274 1587/9871/3274 
f 1589/9872/3275 1718/9873/3275 1717/9874/3275 
f 1591/9875/3276 1718/9876/3276 1589/9877/3276 
f 1719/9878/3277 1718/9879/3277 1591/9880/3277 
f 1718/9881/3278 1719/9882/3278 1720/9883/3278 
f 1719/9884/3279 1721/9885/3279 1720/9886/3279 
f 1722/9887/3280 1721/9888/3280 1719/9889/3280 
f 1723/9890/3281 1721/9891/3281 1722/9892/3281 
f 1723/9893/3282 1724/9894/3282 1721/9895/3282 
f 1724/9896/3283 1723/9897/3283 1725/9898/3283 
f 1723/9899/3284 1726/9900/3284 1725/9901/3284 
f 1672/9902/3285 1726/9903/3285 1723/9904/3285 
f 1672/9905/3286 1727/9906/3286 1726/9907/3286 
f 1673/9908/3287 1727/9909/3287 1672/9910/3287 
f 1728/9911/3288 1727/9912/3288 1673/9913/3288 
f 1727/9914/3289 1728/9915/3289 1729/9916/3289 
f 1728/9917/3290 1730/9918/3290 1729/9919/3290 
f 1728/9920/3291 1731/9921/3291 1730/9922/3291 
f 1728/9923/3292 1675/9924/3292 1731/9925/3292 
f 1675/9926/3293 1728/9927/3293 1673/9928/3293 
f 1675/9929/3294 1732/9930/3294 1731/9931/3294 
f 1732/9932/3295 1675/9933/3295 1676/9934/3295 
f 1732/9935/3296 1676/9936/3296 1733/9937/3296 
f 1676/9938/3297 1677/9939/3297 1733/9940/3297 
f 1733/9941/3298 1677/9942/3298 1734/9943/3298 
f 1677/9944/3299 1681/9945/3299 1734/9946/3299 
f 1734/9947/3300 1681/9948/3300 1735/9949/3300 
f 1682/9950/3301 1735/9951/3301 1681/9952/3301 
f 1682/9953/3302 1736/9954/3302 1735/9955/3302 
f 1736/9956/3303 1682/9957/3303 1737/9958/3303 
f 1737/9959/3304 1682/9960/3304 1683/9961/3304 
f 1685/9962/3305 1737/9963/3305 1683/9964/3305 
f 1738/9965/3306 1737/9966/3306 1685/9967/3306 
f 1738/9968/3307 1739/9969/3307 1737/9970/3307 
f 1738/9971/3308 1740/9972/3308 1739/9973/3308 
f 1741/9974/3309 1740/9975/3309 1738/9976/3309 
f 1694/9977/3310 1740/9978/3310 1741/9979/3310 
f 1694/9980/3311 1742/9981/3311 1740/9982/3311 
f 1694/9983/3312 1743/9984/3312 1742/9985/3312 
f 1695/9986/3313 1743/9987/3313 1694/9988/3313 
f 1695/9989/3314 1744/9990/3314 1743/9991/3314 
f 1697/9992/3315 1744/9993/3315 1695/9994/3315 
f 1697/9995/3316 1745/9996/3316 1744/9997/3316 
f 1698/9998/3317 1745/9999/3317 1697/10000/3317 
f 1700/10001/3318 1745/10002/3318 1698/10003/3318 
f 1703/10004/3319 1745/10005/3319 1700/10006/3319 
f 1745/10007/3320 1703/10008/3320 1744/10009/3320 
f 1744/10010/3321 1703/10011/3321 1705/10012/3321 
f 1744/10013/3322 1705/10014/3322 1743/10015/3322 
f 1743/10016/3323 1705/10017/3323 1742/10018/3323 
f 1705/10019/3324 1706/10020/3324 1742/10021/3324 
f 1742/10022/3325 1706/10023/3325 1739/10024/3325 
f 1706/10025/3326 1736/10026/3326 1739/10027/3326 
f 1706/10028/3327 1707/10029/3327 1736/10030/3327 
f 1707/10031/3328 1746/10032/3328 1736/10033/3328 
f 1747/10034/3329 1746/10035/3329 1707/10036/3329 
f 1747/10037/3330 1748/10038/3330 1746/10039/3330 
f 1749/10040/3331 1748/10041/3331 1747/10042/3331 
f 1749/10043/3332 1750/10044/3332 1748/10045/3332 
f 1750/10046/3333 1749/10047/3333 1751/10048/3333 
f 1749/10049/3334 1752/10050/3334 1751/10051/3334 
f 1749/10052/3335 1753/10053/3335 1752/10054/3335 
f 1753/10055/3336 1749/10056/3336 1747/10057/3336 
f 1753/10058/3337 1747/10059/3337 1754/10060/3337 
f 1754/10061/3338 1747/10062/3338 1707/10063/3338 
f 1754/10064/3339 1707/10065/3339 1708/10066/3339 
f 1708/10067/3340 1753/10068/3340 1754/10069/3340 
f 1753/10070/3341 1708/10071/3341 1709/10072/3341 
f 1753/10073/3342 1709/10074/3342 1752/10075/3342 
f 1752/10076/3343 1709/10077/3343 1710/10078/3343 
f 1752/10079/3344 1710/10080/3344 1755/10081/3344 
f 1755/10082/3345 1710/10083/3345 1756/10084/3345 
f 1710/10085/3346 1757/10086/3346 1756/10087/3346 
f 1757/10088/3347 1710/10089/3347 1711/10090/3347 
f 1711/10091/3348 1713/10092/3348 1757/10093/3348 
f 1713/10094/3349 1711/10095/3349 1712/10096/3349 
f 1713/10097/3350 1758/10098/3350 1757/10099/3350 
f 1758/10100/3351 1713/10101/3351 1714/10102/3351 
f 1759/10103/3352 1758/10104/3352 1714/10105/3352 
f 1758/10106/3353 1759/10107/3353 1760/10108/3353 
f 1761/10109/3354 1760/10110/3354 1759/10111/3354 
f 1761/10112/3355 1762/10113/3355 1760/10114/3355 
f 1763/10115/3356 1762/10116/3356 1761/10117/3356 
f 1763/10118/3357 1764/10119/3357 1762/10120/3357 
f 1764/10121/3358 1763/10122/3358 1717/10123/3358 
f 1717/10124/3359 1763/10125/3359 1716/10126/3359 
f 1716/10127/3360 1763/10128/3360 1761/10129/3360 
f 1716/10130/3361 1761/10131/3361 1715/10132/3361 
f 1715/10133/3362 1761/10134/3362 1759/10135/3362 
f 1715/10136/3363 1759/10137/3363 1714/10138/3363 1297/10139/3363 
f 1764/10140/3364 1717/10141/3364 1720/10142/3364 
f 1718/10143/3365 1720/10144/3365 1717/10145/3365 
f 1764/10146/3366 1720/10147/3366 1724/10148/3366 
f 1720/10149/3367 1721/10150/3367 1724/10151/3367 
f 1764/10152/3368 1724/10153/3368 1765/10154/3368 
f 1724/10155/3369 1725/10156/3369 1765/10157/3369 
f 1765/10158/3370 1725/10159/3370 1766/10160/3370 
f 1725/10161/3371 1767/10162/3371 1766/10163/3371 
f 1729/10164/3372 1767/10165/3372 1725/10166/3372 
f 1767/10167/3373 1729/10168/3373 1730/10169/3373 
f 1768/10170/3374 1767/10171/3374 1730/10172/3374 
f 1766/10173/3375 1767/10174/3375 1768/10175/3375 
f 1769/10176/3376 1766/10177/3376 1768/10178/3376 
f 1766/10179/3377 1769/10180/3377 1770/10181/3377 
f 1769/10182/3378 1756/10183/3378 1770/10184/3378 
f 1755/10185/3379 1756/10186/3379 1769/10187/3379 
f 1771/10188/3380 1755/10189/3380 1769/10190/3380 
f 1755/10191/3381 1771/10192/3381 1731/10193/3381 1751/10194/3381 
f 1731/10195/3382 1771/10196/3382 1730/10197/3382 
f 1730/10198/3383 1771/10199/3383 1768/10200/3383 
f 1771/10201/3384 1769/10202/3384 1768/10203/3384 
f 1731/10204/3385 1732/10205/3385 1751/10206/3385 
f 1732/10207/3386 1750/10208/3386 1751/10209/3386 
f 1750/10210/3387 1732/10211/3387 1733/10212/3387 
f 1734/10213/3388 1750/10214/3388 1733/10215/3388 
f 1750/10216/3389 1734/10217/3389 1748/10218/3389 
f 1748/10219/3390 1734/10220/3390 1735/10221/3390 
f 1748/10222/3391 1735/10223/3391 1746/10224/3391 
f 1736/10225/3392 1746/10226/3392 1735/10227/3392 
f 1751/10228/3393 1752/10229/3393 1755/10230/3393 
f 1756/10231/3394 1772/10232/3394 1770/10233/3394 
f 1756/10234/3395 1757/10235/3395 1772/10236/3395 
f 1757/10237/3396 1758/10238/3396 1772/10239/3396 
f 1772/10240/3397 1758/10241/3397 1760/10242/3397 
f 1772/10243/3398 1760/10244/3398 1773/10245/3398 
f 1762/10246/3399 1773/10247/3399 1760/10248/3399 
f 1762/10249/3400 1765/10250/3400 1773/10251/3400 
f 1764/10252/3401 1765/10253/3401 1762/10254/3401 
f 1765/10255/3402 1766/10256/3402 1773/10257/3402 
f 1773/10258/3403 1766/10259/3403 1770/10260/3403 
f 1770/10261/3404 1772/10262/3404 1773/10263/3404 
f 1726/10264/3405 1729/10265/3405 1725/10266/3405 
f 1727/10267/3406 1729/10268/3406 1726/10269/3406 
f 1739/10270/3407 1736/10271/3407 1737/10272/3407 
f 1740/10273/3408 1742/10274/3408 1739/10275/3408 
f 1692/10276/3409 1694/10277/3409 1741/10278/3409 
f 1692/10279/3410 1741/10280/3410 1689/10281/3410 
f 1689/10282/3411 1741/10283/3411 1687/10284/3411 
f 1687/10285/3412 1741/10286/3412 1738/10287/3412 
f 1687/10288/3413 1738/10289/3413 1685/10290/3413 
f 1671/10291/3414 1672/10292/3414 1723/10293/3414 
f 1723/10294/3415 1722/10295/3415 1671/10296/3415 
f 1722/10297/3416 1774/10298/3416 1671/10299/3416 
f 1774/10300/3417 1722/10301/3417 1775/10302/3417 
f 1775/10303/3418 1722/10304/3418 1719/10305/3418 
f 1775/10306/3419 1719/10307/3419 1776/10308/3419 
f 1776/10309/3420 1719/10310/3420 1591/10311/3420 
f 1593/10312/3421 1776/10313/3421 1591/10314/3421 
f 1777/10315/3422 1776/10316/3422 1593/10317/3422 
f 1777/10318/3423 1775/10319/3423 1776/10320/3423 
f 1778/10321/3424 1775/10322/3424 1777/10323/3424 
f 1778/10324/3425 1774/10325/3425 1775/10326/3425 
f 1667/10327/3426 1774/10328/3426 1778/10329/3426 
f 1667/10330/3427 1668/10331/3427 1774/10332/3427 
f 1668/10333/3428 1671/10334/3428 1774/10335/3428 
f 1663/10336/3429 1667/10337/3429 1778/10338/3429 
f 1664/10339/3430 1667/10340/3430 1663/10341/3430 
f 1663/10342/3431 1778/10343/3431 1661/10344/3431 
f 1661/10345/3432 1778/10346/3432 1777/10347/3432 
f 1661/10348/3433 1777/10349/3433 1659/10350/3433 
f 1659/10351/3434 1777/10352/3434 1593/10353/3434 
f 1578/10354/3435 1581/10355/3435 1696/10356/3435 
f 1578/10357/3436 1696/10358/3436 1576/10359/3436 
f 1576/10360/3437 1696/10361/3437 1693/10362/3437 
f 1576/10363/3438 1693/10364/3438 1574/10365/3438 1309/10366/3438 
f 1557/10367/3439 1559/10368/3439 1662/10369/3439 
f 1557/10370/3440 1662/10371/3440 1556/10372/3440 
f 1556/10373/3441 1662/10374/3441 1660/10375/3441 
f 1553/10376/3442 1556/10377/3442 1660/10378/3442 
f 1779/10379/3443 1553/10380/3443 1660/10381/3443 
f 1554/10382/3444 1553/10383/3444 1779/10384/3444 
f 1780/10385/3445 1554/10386/3445 1779/10387/3445 
f 1781/10388/3446 1554/10389/3446 1780/10390/3446 
f 1554/10391/3447 1781/10392/3447 1782/10393/3447 1783/10394/3447 
f 1782/10395/3448 1781/10396/3448 1784/10397/3448 
f 1784/10398/3449 1781/10399/3449 1785/10400/3449 
f 1785/10401/3450 1781/10402/3450 1780/10403/3450 
f 1785/10404/3451 1780/10405/3451 1786/10406/3451 
f 1780/10407/3452 1779/10408/3452 1786/10409/3452 
f 1779/10410/3453 1658/10411/3453 1786/10412/3453 
f 1779/10413/3454 1660/10414/3454 1658/10415/3454 
f 1786/10416/3455 1658/10417/3455 1657/10418/3455 
f 1786/10419/3456 1657/10420/3456 1787/10421/3456 
f 1787/10422/3457 1657/10423/3457 1655/10424/3457 
f 1788/10425/3458 1787/10426/3458 1655/10427/3458 
f 1789/10428/3459 1787/10429/3459 1788/10430/3459 
f 1789/10431/3460 1786/10432/3460 1787/10433/3460 
f 1789/10434/3461 1785/10435/3461 1786/10436/3461 
f 1785/10437/3462 1789/10438/3462 1790/10439/3462 
f 1790/10440/3463 1789/10441/3463 1788/10442/3463 
f 1791/10443/3464 1785/10444/3464 1790/10445/3464 
f 1791/10446/3465 1784/10447/3465 1785/10448/3465 
f 1792/10449/3466 1788/10450/3466 1655/10451/3466 
f 1792/10452/3467 1655/10453/3467 1654/10454/3467 
f 1793/10455/3468 1782/10456/3468 1784/10457/3468 
f 1793/10458/3469 1794/10459/3469 1782/10460/3469 
f 1794/10461/3470 1795/10462/3470 1782/10463/3470 
f 1794/10464/3471 1796/10465/3471 1795/10466/3471 
f 1796/10467/3472 1797/10468/3472 1795/10469/3472 
f 1796/10470/3473 1798/10471/3473 1797/10472/3473 
f 1798/10473/3474 1799/10474/3474 1797/10475/3474 
f 1798/10476/3475 1800/10477/3475 1799/10478/3475 
f 1800/10479/3476 1615/10480/3476 1799/10481/3476 
f 1800/10482/3477 1616/10483/3477 1615/10484/3477 
f 1799/10485/3478 1615/10486/3478 1801/10487/3478 
f 1615/10488/3479 1566/10489/3479 1801/10490/3479 
f 1801/10491/3480 1566/10492/3480 1564/10493/3480 
f 1801/10494/3481 1564/10495/3481 1802/10496/3481 
f 1564/10497/3482 1803/10498/3482 1802/10499/3482 
f 1803/10500/3483 1564/10501/3483 1562/10502/3483 
f 1803/10503/3484 1562/10504/3484 1804/10505/3484 
f 1804/10506/3485 1562/10507/3485 1558/10508/3485 
f 1804/10509/3486 1558/10510/3486 1555/10511/3486 
f 1805/10512/3487 1804/10513/3487 1555/10514/3487 
f 1805/10515/3488 1803/10516/3488 1804/10517/3488 
f 1802/10518/3489 1803/10519/3489 1805/10520/3489 
f 1806/10521/3490 1802/10522/3490 1805/10523/3490 
f 1797/10524/3491 1802/10525/3491 1806/10526/3491 
f 1801/10527/3492 1802/10528/3492 1797/10529/3492 
f 1799/10530/3493 1801/10531/3493 1797/10532/3493 
f 1795/10533/3494 1797/10534/3494 1806/10535/3494 
f 1795/10536/3495 1806/10537/3495 1782/10538/3495 
f 1806/10539/3496 1783/10540/3496 1782/10541/3496 
f 1805/10542/3497 1552/10543/3497 1783/10544/3497 1806/10545/3497 
f 1552/10546/3498 1805/10547/3498 1555/10548/3498 
f 1783/10549/3499 1552/10550/3499 1554/10551/3499 
f 1656/10552/3500 1594/10553/3500 1637/10554/3500 
f 1594/10555/3501 1597/10556/3501 1637/10557/3501 

g Mesh50 average_male_1_1 Model
usemtl Patient_Eye
f 1807/10558/3502 1808/10559/3502 1809/10560/3502 
f 1810/10561/3503 1808/10562/3503 1807/10563/3503 
f 1810/10564/3504 1811/10565/3504 1808/10566/3504 
f 1810/10567/3505 1812/10568/3505 1811/10569/3505 
f 1810/10570/3506 1813/10571/3506 1812/10572/3506 
f 1813/10573/3507 1810/10574/3507 1807/10575/3507 
f 1814/10576/3508 1813/10577/3508 1807/10578/3508 
f 1815/10579/3509 1813/10580/3509 1814/10581/3509 
f 1815/10582/3510 1816/10583/3510 1813/10584/3510 
f 1815/10585/3511 1817/10586/3511 1816/10587/3511 
f 1817/10588/3512 1815/10589/3512 1818/10590/3512 
f 1818/10591/3513 1815/10592/3513 1814/10593/3513 
f 1818/10594/3514 1814/10595/3514 1819/10596/3514 
f 1819/10597/3515 1814/10598/3515 1820/10599/3515 
f 1814/10600/3516 1807/10601/3516 1820/10602/3516 
f 1820/10603/3517 1807/10604/3517 1809/10605/3517 
f 1820/10606/3518 1809/10607/3518 1821/10608/3518 
f 1821/10609/3519 1809/10610/3519 1822/10611/3519 
f 1809/10612/3520 1823/10613/3520 1822/10614/3520 
f 1809/10615/3521 1808/10616/3521 1823/10617/3521 
f 1808/10618/3522 1824/10619/3522 1823/10620/3522 
f 1824/10621/3523 1808/10622/3523 1825/10623/3523 
f 1808/10624/3524 1811/10625/3524 1825/10626/3524 
f 1825/10627/3525 1811/10628/3525 1826/10629/3525 
f 1811/10630/3526 1827/10631/3526 1826/10632/3526 
f 1812/10633/3527 1827/10634/3527 1811/10635/3527 
f 1828/10636/3528 1827/10637/3528 1812/10638/3528 
f 1828/10639/3529 1829/10640/3529 1827/10641/3529 
f 1829/10642/3530 1828/10643/3530 1830/10644/3530 
f 1828/10645/3531 1831/10646/3531 1830/10647/3531 
f 1828/10648/3532 1832/10649/3532 1831/10650/3532 
f 1833/10651/3533 1832/10652/3533 1828/10653/3533 
f 1833/10654/3534 1816/10655/3534 1832/10656/3534 
f 1816/10657/3535 1833/10658/3535 1813/10659/3535 
f 1813/10660/3536 1833/10661/3536 1812/10662/3536 
f 1812/10663/3537 1833/10664/3537 1828/10665/3537 
f 1816/10666/3538 1834/10667/3538 1832/10668/3538 
f 1816/10669/3539 1835/10670/3539 1834/10671/3539 
f 1817/10672/3540 1835/10673/3540 1816/10674/3540 
f 1835/10675/3541 1817/10676/3541 1836/10677/3541 1837/10678/3541 
f 1817/10679/3542 1838/10680/3542 1839/10681/3542 1836/10682/3542 
f 1838/10683/3543 1817/10684/3543 1818/10685/3543 
f 1838/10686/3544 1818/10687/3544 1840/10688/3544 
f 1840/10689/3545 1818/10690/3545 1819/10691/3545 
f 1840/10692/3546 1819/10693/3546 1841/10694/3546 
f 1841/10695/3547 1819/10696/3547 1842/10697/3547 
f 1819/10698/3548 1820/10699/3548 1842/10700/3548 
f 1842/10701/3549 1820/10702/3549 1821/10703/3549 
f 1842/10704/3550 1821/10705/3550 1843/10706/3550 
f 1822/10707/3551 1844/10708/3551 1843/10709/3551 1821/10710/3551 
f 1844/10711/3552 1822/10712/3552 1845/10713/3552 
f 1822/10714/3553 1846/10715/3553 1845/10716/3553 
f 1822/10717/3554 1823/10718/3554 1846/10719/3554 
f 1823/10720/3555 1847/10721/3555 1846/10722/3555 
f 1823/10723/3556 1824/10724/3556 1847/10725/3556 
f 1824/10726/3557 1848/10727/3557 1847/10728/3557 
f 1824/10729/3558 1825/10730/3558 1848/10731/3558 
f 1825/10732/3559 1849/10733/3559 1848/10734/3559 
f 1849/10735/3560 1825/10736/3560 1850/10737/3560 
f 1825/10738/3561 1826/10739/3561 1850/10740/3561 
f 1850/10741/3562 1826/10742/3562 1851/10743/3562 
f 1826/10744/3563 1852/10745/3563 1851/10746/3563 
f 1826/10747/3564 1827/10748/3564 1852/10749/3564 
f 1827/10750/3565 1829/10751/3565 1852/10752/3565 
f 1852/10753/3566 1829/10754/3566 1853/10755/3566 
f 1829/10756/3567 1830/10757/3567 1853/10758/3567 
f 1853/10759/3568 1830/10760/3568 1854/10761/3568 
f 1830/10762/3569 1855/10763/3569 1854/10764/3569 
f 1830/10765/3570 1831/10766/3570 1855/10767/3570 
f 1831/10768/3571 1856/10769/3571 1855/10770/3571 
f 1831/10771/3572 1857/10772/3572 1856/10773/3572 
f 1832/10774/3573 1857/10775/3573 1831/10776/3573 
f 1832/10777/3574 1834/10778/3574 1857/10779/3574 
f 1834/10780/3575 1858/10781/3575 1857/10782/3575 
f 1834/10783/3576 1859/10784/3576 1858/10785/3576 
f 1835/10786/3577 1859/10787/3577 1834/10788/3577 
f 1859/10789/3578 1835/10790/3578 1837/10791/3578 1860/10792/3578 
f 1861/10793/3579 1860/10794/3579 1837/10795/3579 
f 1862/10796/3580 1863/10797/3580 1860/10798/3580 1861/10799/3580 
f 1863/10800/3581 1862/10801/3581 1864/10802/3581 
f 1862/10803/3582 1865/10804/3582 1864/10805/3582 
f 1866/10806/3583 1865/10807/3583 1862/10808/3583 
f 1866/10809/3584 1867/10810/3584 1865/10811/3584 
f 1868/10812/3585 1867/10813/3585 1866/10814/3585 
f 1868/10815/3586 1869/10816/3586 1867/10817/3586 
f 1869/10818/3587 1870/10819/3587 1867/10820/3587 
f 1870/10821/3588 1869/10822/3588 1871/10823/3588 
f 1869/10824/3589 1872/10825/3589 1871/10826/3589 
f 1872/10827/3590 1873/10828/3590 1871/10829/3590 
f 1873/10830/3591 1874/10831/3591 1871/10832/3591 
f 1875/10833/3592 1876/10834/3592 1874/10835/3592 1873/10836/3592 
f 1877/10837/3593 1878/10838/3593 1876/10839/3593 1875/10840/3593 
f 1878/10841/3594 1877/10842/3594 1879/10843/3594 
f 1877/10844/3595 1880/10845/3595 1879/10846/3595 
f 1879/10847/3596 1880/10848/3596 1881/10849/3596 
f 1880/10850/3597 1882/10851/3597 1881/10852/3597 
f 1881/10853/3598 1882/10854/3598 1883/10855/3598 
f 1882/10856/3599 1884/10857/3599 1883/10858/3599 
f 1883/10859/3600 1884/10860/3600 1885/10861/3600 
f 1884/10862/3601 1886/10863/3601 1885/10864/3601 
f 1885/10865/3602 1886/10866/3602 1887/10867/3602 
f 1886/10868/3603 1888/10869/3603 1887/10870/3603 
f 1887/10871/3604 1888/10872/3604 1889/10873/3604 
f 1888/10874/3605 1890/10875/3605 1889/10876/3605 
f 1890/10877/3606 1891/10878/3606 1889/10879/3606 
f 1891/10880/3607 1892/10881/3607 1889/10882/3607 
f 1892/10883/3608 1891/10884/3608 1893/10885/3608 
f 1891/10886/3609 1894/10887/3609 1893/10888/3609 
f 1894/10889/3610 1895/10890/3610 1893/10891/3610 
f 1895/10892/3611 1896/10893/3611 1893/10894/3611 
f 1895/10895/3612 1897/10896/3612 1896/10897/3612 
f 1897/10898/3613 1898/10899/3613 1896/10900/3613 
f 1898/10901/3614 1897/10902/3614 1899/10903/3614 
f 1897/10904/3615 1900/10905/3615 1899/10906/3615 
f 1900/10907/3616 1901/10908/3616 1899/10909/3616 
f 1901/10910/3617 1902/10911/3617 1899/10912/3617 
f 1903/10913/3618 1902/10914/3618 1901/10915/3618 1904/10916/3618 
f 1862/10917/3619 1861/10918/3619 1902/10919/3619 1903/10920/3619 
f 1861/10921/3620 1905/10922/3620 1899/10923/3620 1902/10924/3620 
f 1905/10925/3621 1861/10926/3621 1837/10927/3621 
f 1906/10928/3622 1905/10929/3622 1837/10930/3622 
f 1899/10931/3623 1905/10932/3623 1906/10933/3623 
f 1898/10934/3624 1899/10935/3624 1906/10936/3624 
f 1898/10937/3625 1906/10938/3625 1907/10939/3625 
f 1907/10940/3626 1906/10941/3626 1839/10942/3626 
f 1906/10943/3627 1836/10944/3627 1839/10945/3627 
f 1836/10946/3628 1906/10947/3628 1837/10948/3628 
f 1907/10949/3629 1839/10950/3629 1908/10951/3629 
f 1908/10952/3630 1839/10953/3630 1909/10954/3630 
f 1839/10955/3631 1838/10956/3631 1909/10957/3631 
f 1909/10958/3632 1838/10959/3632 1840/10960/3632 
f 1909/10961/3633 1840/10962/3633 1910/10963/3633 
f 1910/10964/3634 1840/10965/3634 1841/10966/3634 
f 1910/10967/3635 1841/10968/3635 1911/10969/3635 
f 1911/10970/3636 1841/10971/3636 1912/10972/3636 
f 1841/10973/3637 1842/10974/3637 1912/10975/3637 
f 1912/10976/3638 1842/10977/3638 1843/10978/3638 
f 1913/10979/3639 1912/10980/3639 1843/10981/3639 
f 1911/10982/3640 1912/10983/3640 1913/10984/3640 
f 1914/10985/3641 1911/10986/3641 1913/10987/3641 
f 1914/10988/3642 1915/10989/3642 1911/10990/3642 
f 1916/10991/3643 1915/10992/3643 1914/10993/3643 
f 1916/10994/3644 1917/10995/3644 1915/10996/3644 
f 1918/10997/3645 1917/10998/3645 1916/10999/3645 
f 1918/11000/3646 1919/11001/3646 1917/11002/3646 
f 1920/11003/3647 1919/11004/3647 1918/11005/3647 
f 1920/11006/3648 1921/11007/3648 1919/11008/3648 
f 1921/11009/3649 1920/11010/3649 1922/11011/3649 1923/11012/3649 
f 1922/11013/3650 1920/11014/3650 1924/11015/3650 
f 1924/11016/3651 1920/11017/3651 1918/11018/3651 
f 1924/11019/3652 1918/11020/3652 1925/11021/3652 
f 1918/11022/3653 1926/11023/3653 1925/11024/3653 
f 1926/11025/3654 1918/11026/3654 1916/11027/3654 
f 1926/11028/3655 1916/11029/3655 1927/11030/3655 
f 1927/11031/3656 1916/11032/3656 1914/11033/3656 
f 1927/11034/3657 1914/11035/3657 1913/11036/3657 
f 1928/11037/3658 1927/11038/3658 1913/11039/3658 
f 1929/11040/3659 1927/11041/3659 1928/11042/3659 
f 1929/11043/3660 1926/11044/3660 1927/11045/3660 
f 1925/11046/3661 1926/11047/3661 1929/11048/3661 
f 1930/11049/3662 1925/11050/3662 1929/11051/3662 
f 1931/11052/3663 1925/11053/3663 1930/11054/3663 
f 1924/11055/3664 1925/11056/3664 1931/11057/3664 
f 1932/11058/3665 1924/11059/3665 1931/11060/3665 
f 1932/11061/3666 1922/11062/3666 1924/11063/3666 
f 1922/11064/3667 1932/11065/3667 1933/11066/3667 
f 1933/11067/3668 1932/11068/3668 1934/11069/3668 
f 1932/11070/3669 1931/11071/3669 1934/11072/3669 
f 1934/11073/3670 1931/11074/3670 1935/11075/3670 
f 1931/11076/3671 1936/11077/3671 1935/11078/3671 
f 1936/11079/3672 1931/11080/3672 1930/11081/3672 
f 1936/11082/3673 1930/11083/3673 1937/11084/3673 
f 1929/11085/3674 1938/11086/3674 1937/11087/3674 1930/11088/3674 
f 1938/11089/3675 1929/11090/3675 1928/11091/3675 
f 1938/11092/3676 1928/11093/3676 1939/11094/3676 
f 1939/11095/3677 1928/11096/3677 1940/11097/3677 
f 1928/11098/3678 1913/11099/3678 1940/11100/3678 
f 1940/11101/3679 1913/11102/3679 1843/11103/3679 
f 1940/11104/3680 1843/11105/3680 1941/11106/3680 
f 1843/11107/3681 1844/11108/3681 1941/11109/3681 
f 1941/11110/3682 1844/11111/3682 1845/11112/3682 
f 1942/11113/3683 1941/11114/3683 1845/11115/3683 
f 1943/11116/3684 1941/11117/3684 1942/11118/3684 
f 1940/11119/3685 1941/11120/3685 1943/11121/3685 
f 1939/11122/3686 1940/11123/3686 1943/11124/3686 
f 1939/11125/3687 1943/11126/3687 1944/11127/3687 
f 1944/11128/3688 1943/11129/3688 1945/11130/3688 
f 1945/11131/3689 1943/11132/3689 1942/11133/3689 
f 1946/11134/3690 1945/11135/3690 1942/11136/3690 
f 1945/11137/3691 1946/11138/3691 1947/11139/3691 
f 1946/11140/3692 1948/11141/3692 1947/11142/3692 
f 1948/11143/3693 1946/11144/3693 1949/11145/3693 
f 1949/11146/3694 1946/11147/3694 1950/11148/3694 
f 1950/11149/3695 1946/11150/3695 1942/11151/3695 
f 1942/11152/3696 1951/11153/3696 1950/11154/3696 
f 1942/11155/3697 1845/11156/3697 1951/11157/3697 
f 1951/11158/3698 1845/11159/3698 1952/11160/3698 
f 1845/11161/3699 1846/11162/3699 1952/11163/3699 
f 1953/11164/3700 1952/11165/3700 1846/11166/3700 
f 1952/11167/3701 1953/11168/3701 1954/11169/3701 
f 1953/11170/3702 1955/11171/3702 1954/11172/3702 
f 1848/11173/3703 1955/11174/3703 1953/11175/3703 
f 1955/11176/3704 1848/11177/3704 1849/11178/3704 
f 1956/11179/3705 1955/11180/3705 1849/11181/3705 
f 1955/11182/3706 1956/11183/3706 1957/11184/3706 
f 1956/11185/3707 1958/11186/3707 1957/11187/3707 
f 1958/11188/3708 1956/11189/3708 1850/11190/3708 
f 1850/11191/3709 1956/11192/3709 1849/11193/3709 
f 1958/11194/3710 1850/11195/3710 1959/11196/3710 
f 1850/11197/3711 1851/11198/3711 1959/11199/3711 
f 1960/11200/3712 1959/11201/3712 1851/11202/3712 
f 1960/11203/3713 1961/11204/3713 1959/11205/3713 
f 1962/11206/3714 1961/11207/3714 1960/11208/3714 
f 1961/11209/3715 1962/11210/3715 1963/11211/3715 
f 1963/11212/3716 1962/11213/3716 1964/11214/3716 
f 1964/11215/3717 1962/11216/3717 1965/11217/3717 
f 1962/11218/3718 1966/11219/3718 1965/11220/3718 
f 1966/11221/3719 1962/11222/3719 1960/11223/3719 
f 1966/11224/3720 1960/11225/3720 1967/11226/3720 
f 1967/11227/3721 1960/11228/3721 1851/11229/3721 
f 1851/11230/3722 1852/11231/3722 1967/11232/3722 
f 1852/11233/3723 1853/11234/3723 1967/11235/3723 
f 1967/11236/3724 1853/11237/3724 1968/11238/3724 
f 1853/11239/3725 1854/11240/3725 1968/11241/3725 
f 1968/11242/3726 1854/11243/3726 1392/11244/3726 1969/11245/3726 
f 1854/11246/3727 1970/11247/3727 1969/11248/3727 1392/11249/3727 
f 1854/11250/3728 1855/11251/3728 1970/11252/3728 
f 1855/11253/3729 1971/11254/3729 1970/11255/3729 
f 1855/11256/3730 1856/11257/3730 1971/11258/3730 
f 1856/11259/3731 1972/11260/3731 1971/11261/3731 
f 1856/11262/3732 1973/11263/3732 1972/11264/3732 
f 1857/11265/3733 1973/11266/3733 1856/11267/3733 
f 1857/11268/3734 1858/11269/3734 1973/11270/3734 
f 1858/11271/3735 1974/11272/3735 1973/11273/3735 
f 1858/11274/3736 1975/11275/3736 1974/11276/3736 
f 1859/11277/3737 1975/11278/3737 1858/11279/3737 
f 1859/11280/3738 1860/11281/3738 1975/11282/3738 
f 1860/11283/3739 1863/11284/3739 1975/11285/3739 
f 1975/11286/3740 1863/11287/3740 1976/11288/3740 
f 1863/11289/3741 1864/11290/3741 1976/11291/3741 
f 1976/11292/3742 1864/11293/3742 1977/11294/3742 
f 1864/11295/3743 1978/11296/3743 1977/11297/3743 
f 1864/11298/3744 1865/11299/3744 1978/11300/3744 
f 1865/11301/3745 1979/11302/3745 1978/11303/3745 
f 1867/11304/3746 1979/11305/3746 1865/11306/3746 
f 1867/11307/3747 1870/11308/3747 1979/11309/3747 
f 1870/11310/3748 1980/11311/3748 1979/11312/3748 
f 1980/11313/3749 1870/11314/3749 1981/11315/3749 
f 1870/11316/3750 1871/11317/3750 1981/11318/3750 
f 1871/11319/3751 1874/11320/3751 1981/11321/3751 
f 1874/11322/3752 1982/11323/3752 1981/11324/3752 
f 1982/11325/3753 1874/11326/3753 1983/11327/3753 
f 1874/11328/3754 1876/11329/3754 1983/11330/3754 
f 1878/11331/3755 1984/11332/3755 1983/11333/3755 1876/11334/3755 
f 1878/11335/3756 1879/11336/3756 1984/11337/3756 
f 1879/11338/3757 1923/11339/3757 1984/11340/3757 
f 1923/11341/3758 1879/11342/3758 1921/11343/3758 
f 1879/11344/3759 1881/11345/3759 1921/11346/3759 
f 1921/11347/3760 1881/11348/3760 1985/11349/3760 
f 1881/11350/3761 1883/11351/3761 1985/11352/3761 
f 1883/11353/3762 1885/11354/3762 1985/11355/3762 
f 1885/11356/3763 1986/11357/3763 1985/11358/3763 
f 1986/11359/3764 1885/11360/3764 1987/11361/3764 
f 1885/11362/3765 1887/11363/3765 1987/11364/3765 
f 1887/11365/3766 1889/11366/3766 1987/11367/3766 
f 1889/11368/3767 1988/11369/3767 1987/11370/3767 
f 1989/11371/3768 1988/11372/3768 1889/11373/3768 1892/11374/3768 
f 1988/11375/3769 1989/11376/3769 1990/11377/3769 
f 1989/11378/3770 1991/11379/3770 1990/11380/3770 
f 1991/11381/3771 1989/11382/3771 1908/11383/3771 
f 1989/11384/3772 1992/11385/3772 1908/11386/3772 
f 1989/11387/3773 1892/11388/3773 1992/11389/3773 
f 1892/11390/3774 1893/11391/3774 1992/11392/3774 
f 1992/11393/3775 1893/11394/3775 1907/11395/3775 
f 1893/11396/3776 1896/11397/3776 1907/11398/3776 
f 1896/11399/3777 1898/11400/3777 1907/11401/3777 
f 1992/11402/3778 1907/11403/3778 1908/11404/3778 
f 1991/11405/3779 1908/11406/3779 1909/11407/3779 
f 1993/11408/3780 1991/11409/3780 1909/11410/3780 
f 1991/11411/3781 1993/11412/3781 1994/11413/3781 1990/11414/3781 
f 1994/11415/3782 1993/11416/3782 1995/11417/3782 
f 1993/11418/3783 1910/11419/3783 1995/11420/3783 
f 1993/11421/3784 1909/11422/3784 1910/11423/3784 
f 1995/11424/3785 1910/11425/3785 1911/11426/3785 
f 1915/11427/3786 1995/11428/3786 1911/11429/3786 
f 1994/11430/3787 1995/11431/3787 1915/11432/3787 
f 1996/11433/3788 1994/11434/3788 1915/11435/3788 
f 1996/11436/3789 1997/11437/3789 1994/11438/3789 
f 1998/11439/3790 1997/11440/3790 1996/11441/3790 
f 1998/11442/3791 1986/11443/3791 1997/11444/3791 
f 1986/11445/3792 1998/11446/3792 1919/11447/3792 
f 1919/11448/3793 1998/11449/3793 1917/11450/3793 
f 1917/11451/3794 1998/11452/3794 1996/11453/3794 
f 1917/11454/3795 1996/11455/3795 1915/11456/3795 
f 1985/11457/3796 1986/11458/3796 1919/11459/3796 
f 1921/11460/3797 1985/11461/3797 1919/11462/3797 
f 1986/11463/3798 1987/11464/3798 1997/11465/3798 
f 1988/11466/3799 1990/11467/3799 1997/11468/3799 1987/11469/3799 
f 1997/11470/3800 1990/11471/3800 1994/11472/3800 
f 1984/11473/3801 1923/11474/3801 1999/11475/3801 
f 1923/11476/3802 1922/11477/3802 1999/11478/3802 
f 1999/11479/3803 1922/11480/3803 1933/11481/3803 
f 1999/11482/3804 1933/11483/3804 2000/11484/3804 
f 2000/11485/3805 1933/11486/3805 2001/11487/3805 
f 1933/11488/3806 1934/11489/3806 2001/11490/3806 
f 2001/11491/3807 1934/11492/3807 2002/11493/3807 
f 1934/11494/3808 1935/11495/3808 2002/11496/3808 
f 2002/11497/3809 1935/11498/3809 2003/11499/3809 
f 1935/11500/3810 1936/11501/3810 2003/11502/3810 
f 1936/11503/3811 2004/11504/3811 2003/11505/3811 
f 2004/11506/3812 1936/11507/3812 1937/11508/3812 
f 2004/11509/3813 1937/11510/3813 2005/11511/3813 
f 2006/11512/3814 2005/11513/3814 1937/11514/3814 
f 2005/11515/3815 2006/11516/3815 2007/11517/3815 
f 2006/11518/3816 1944/11519/3816 2007/11520/3816 
f 2006/11521/3817 1939/11522/3817 1944/11523/3817 
f 2006/11524/3818 1938/11525/3818 1939/11526/3818 
f 2006/11527/3819 1937/11528/3819 1938/11529/3819 
f 2007/11530/3820 1944/11531/3820 1947/11532/3820 
f 1947/11533/3821 1944/11534/3821 1945/11535/3821 
f 2008/11536/3822 2007/11537/3822 1947/11538/3822 
f 2007/11539/3823 2008/11540/3823 2009/11541/3823 
f 2008/11542/3824 2010/11543/3824 2009/11544/3824 
f 1948/11545/3825 2010/11546/3825 2008/11547/3825 
f 1948/11548/3826 2011/11549/3826 2010/11550/3826 
f 2011/11551/3827 1948/11552/3827 1949/11553/3827 
f 1949/11554/3828 2012/11555/3828 2011/11556/3828 
f 1949/11557/3829 2013/11558/3829 2012/11559/3829 
f 2013/11560/3830 1949/11561/3830 1950/11562/3830 
f 1951/11563/3831 2013/11564/3831 1950/11565/3831 
f 1951/11566/3832 1952/11567/3832 2013/11568/3832 
f 2013/11569/3833 1952/11570/3833 1954/11571/3833 
f 2013/11572/3834 1954/11573/3834 2012/11574/3834 
f 2014/11575/3835 2012/11576/3835 1954/11577/3835 1957/11578/3835 
f 2012/11579/3836 2014/11580/3836 2015/11581/3836 
f 2014/11582/3837 1963/11583/3837 2015/11584/3837 
f 2014/11585/3838 1961/11586/3838 1963/11587/3838 
f 1958/11588/3839 1961/11589/3839 2014/11590/3839 
f 1961/11591/3840 1958/11592/3840 1959/11593/3840 
f 1957/11594/3841 1958/11595/3841 2014/11596/3841 
f 2015/11597/3842 1963/11598/3842 2016/11599/3842 
f 1963/11600/3843 2017/11601/3843 2016/11602/3843 
f 2017/11603/3844 1963/11604/3844 1964/11605/3844 
f 2017/11606/3845 1964/11607/3845 2018/11608/3845 
f 2019/11609/3846 2018/11610/3846 1964/11611/3846 
f 2018/11612/3847 2019/11613/3847 2020/11614/3847 
f 2019/11615/3848 1965/11616/3848 2020/11617/3848 
f 1965/11618/3849 2019/11619/3849 1964/11620/3849 
f 1965/11621/3850 1969/11622/3850 2020/11623/3850 
f 1969/11624/3851 1965/11625/3851 1966/11626/3851 
f 1968/11627/3852 1969/11628/3852 1966/11629/3852 
f 1968/11630/3853 1966/11631/3853 1967/11632/3853 
f 1969/11633/3854 1970/11634/3854 2020/11635/3854 
f 1970/11636/3855 2021/11637/3855 2020/11638/3855 
f 1970/11639/3856 1971/11640/3856 2021/11641/3856 
f 1971/11642/3857 2022/11643/3857 2021/11644/3857 
f 2023/11645/3858 2022/11646/3858 1971/11647/3858 
f 2023/11648/3859 2024/11649/3859 2022/11650/3859 
f 2023/11651/3860 2025/11652/3860 2024/11653/3860 
f 2026/11654/3861 2025/11655/3861 2023/11656/3861 
f 2027/11657/3862 2025/11658/3862 2026/11659/3862 
f 2025/11660/3863 2027/11661/3863 2028/11662/3863 
f 2027/11663/3864 2029/11664/3864 2028/11665/3864 
f 2027/11666/3865 2030/11667/3865 2029/11668/3865 
f 2030/11669/3866 2027/11670/3866 2031/11671/3866 
f 2031/11672/3867 2027/11673/3867 2026/11674/3867 
f 1974/11675/3868 2031/11676/3868 2026/11677/3868 
f 1974/11678/3869 1976/11679/3869 2031/11680/3869 
f 1975/11681/3870 1976/11682/3870 1974/11683/3870 
f 1976/11684/3871 1977/11685/3871 2031/11686/3871 
f 1977/11687/3872 2030/11688/3872 2031/11689/3872 
f 2032/11690/3873 2030/11691/3873 1977/11692/3873 
f 2030/11693/3874 2032/11694/3874 2033/11695/3874 
f 2032/11696/3875 2034/11697/3875 2033/11698/3875 
f 2032/11699/3876 1980/11700/3876 2034/11701/3876 
f 2032/11702/3877 1978/11703/3877 1979/11704/3877 1980/11705/3877 
f 1978/11706/3878 2032/11707/3878 1977/11708/3878 
f 1980/11709/3879 1981/11710/3879 2034/11711/3879 
f 1981/11712/3880 1982/11713/3880 2034/11714/3880 
f 1982/11715/3881 2035/11716/3881 2034/11717/3881 
f 1982/11718/3882 1983/11719/3882 2035/11720/3882 
f 1983/11721/3883 2036/11722/3883 2035/11723/3883 
f 2036/11724/3884 1983/11725/3884 1999/11726/3884 
f 1983/11727/3885 1984/11728/3885 1999/11729/3885 
f 2036/11730/3886 1999/11731/3886 2000/11732/3886 
f 2000/11733/3887 2037/11734/3887 2035/11735/3887 2036/11736/3887 
f 2037/11737/3888 2000/11738/3888 2038/11739/3888 
f 2000/11740/3889 2001/11741/3889 2038/11742/3889 
f 2038/11743/3890 2001/11744/3890 2039/11745/3890 
f 2001/11746/3891 2002/11747/3891 2039/11748/3891 
f 2039/11749/3892 2002/11750/3892 1359/11751/3892 2040/11752/3892 1358/11753/3892 
f 2002/11754/3893 2041/11755/3893 2040/11756/3893 1359/11757/3893 
f 2041/11758/3894 2002/11759/3894 2003/11760/3894 
f 2041/11761/3895 2003/11762/3895 2042/11763/3895 
f 2003/11764/3896 2043/11765/3896 2042/11766/3896 
f 2044/11767/3897 2043/11768/3897 2003/11769/3897 
f 2043/11770/3898 2044/11771/3898 2045/11772/3898 
f 2044/11773/3899 2046/11774/3899 2045/11775/3899 
f 2044/11776/3900 2005/11777/3900 2046/11778/3900 
f 2044/11779/3901 2004/11780/3901 2005/11781/3901 
f 2044/11782/3902 2003/11783/3902 2004/11784/3902 
f 2005/11785/3903 2007/11786/3903 2046/11787/3903 
f 2046/11788/3904 2007/11789/3904 2009/11790/3904 
f 2046/11791/3905 2009/11792/3905 2047/11793/3905 
f 2048/11794/3906 2047/11795/3906 2009/11796/3906 
f 2048/11797/3907 2049/11798/3907 2047/11799/3907 
f 2016/11800/3908 2049/11801/3908 2048/11802/3908 
f 2016/11803/3909 2017/11804/3909 2049/11805/3909 
f 2017/11806/3910 2050/11807/3910 2049/11808/3910 
f 2050/11809/3911 2017/11810/3911 2018/11811/3911 
f 2050/11812/3912 2018/11813/3912 2051/11814/3912 
f 2051/11815/3913 2018/11816/3913 2020/11817/3913 
f 2052/11818/3914 2051/11819/3914 2020/11820/3914 
f 2052/11821/3915 2053/11822/3915 2051/11823/3915 
f 2054/11824/3916 2053/11825/3916 2052/11826/3916 
f 2054/11827/3917 2042/11828/3917 2053/11829/3917 
f 2041/11830/3918 2042/11831/3918 2054/11832/3918 
f 2040/11833/3919 2041/11834/3919 2054/11835/3919 
f 2040/11836/3920 2054/11837/3920 2055/11838/3920 
f 2055/11839/3921 2054/11840/3921 2052/11841/3921 
f 2055/11842/3922 2052/11843/3922 2021/11844/3922 2022/11845/3922 
f 2021/11846/3923 2052/11847/3923 2020/11848/3923 
f 2024/11849/3924 2055/11850/3924 2022/11851/3924 
f 2024/11852/3925 2040/11853/3925 2055/11854/3925 
f 2039/11855/3926 1358/11856/3926 2040/11857/3926 2024/11858/3926 
f 2028/11859/3927 2039/11860/3927 2024/11861/3927 
f 2038/11862/3928 2039/11863/3928 2028/11864/3928 
f 2029/11865/3929 2038/11866/3929 2028/11867/3929 
f 2037/11868/3930 2038/11869/3930 2029/11870/3930 
f 2033/11871/3931 2037/11872/3931 2029/11873/3931 
f 2035/11874/3932 2037/11875/3932 2033/11876/3932 
f 2034/11877/3933 2035/11878/3933 2033/11879/3933 
f 2030/11880/3934 2033/11881/3934 2029/11882/3934 
f 2025/11883/3935 2028/11884/3935 2024/11885/3935 
f 2042/11886/3936 2056/11887/3936 2053/11888/3936 
f 2042/11889/3937 2043/11890/3937 2056/11891/3937 
f 2043/11892/3938 2045/11893/3938 2056/11894/3938 
f 2056/11895/3939 2045/11896/3939 2057/11897/3939 
f 2045/11898/3940 2047/11899/3940 2057/11900/3940 
f 2045/11901/3941 2046/11902/3941 2047/11903/3941 
f 2049/11904/3942 2057/11905/3942 2047/11906/3942 
f 2049/11907/3943 2050/11908/3943 2057/11909/3943 
f 2050/11910/3944 2058/11911/3944 2057/11912/3944 
f 2058/11913/3945 2050/11914/3945 2051/11915/3945 
f 2053/11916/3946 2058/11917/3946 2051/11918/3946 
f 2053/11919/3947 2056/11920/3947 2058/11921/3947 
f 2056/11922/3948 2057/11923/3948 2058/11924/3948 
f 2059/11925/3949 2016/11926/3949 2048/11927/3949 
f 2015/11928/3950 2016/11929/3950 2059/11930/3950 
f 2011/11931/3951 2015/11932/3951 2059/11933/3951 
f 2012/11934/3952 2015/11935/3952 2011/11936/3952 
f 2011/11937/3953 2059/11938/3953 2010/11939/3953 
f 2060/11940/3954 2010/11941/3954 2059/11942/3954 
f 2010/11943/3955 2060/11944/3955 2009/11945/3955 
f 2060/11946/3956 2048/11947/3956 2009/11948/3956 
f 2048/11949/3957 2060/11950/3957 2059/11951/3957 
f 1973/11952/3958 1974/11953/3958 2026/11954/3958 
f 1973/11955/3959 2026/11956/3959 1972/11957/3959 
f 1972/11958/3960 2026/11959/3960 2023/11960/3960 
f 1972/11961/3961 2023/11962/3961 1971/11963/3961 
f 1955/11964/3962 1957/11965/3962 1954/11966/3962 
f 1947/11967/3963 1948/11968/3963 2008/11969/3963 
f 1847/11970/3964 1848/11971/3964 1953/11972/3964 
f 1847/11973/3965 1953/11974/3965 1846/11975/3965 
f 1903/11976/3966 1866/11977/3966 1862/11978/3966 
f 2061/11979/3967 1866/11980/3967 1903/11981/3967 
f 2061/11982/3968 1868/11983/3968 1866/11984/3968 
f 1904/11985/3969 2061/11986/3969 1903/11987/3969 

g Mesh51 average_male_1_1 Model
usemtl Patient_Eye
f 2062/11988/3970 2063/11989/3970 2064/11990/3970 
f 2062/11991/3971 2065/11992/3971 2063/11993/3971 
f 2066/11994/3972 2065/11995/3972 2062/11996/3972 
f 2066/11997/3973 2067/11998/3973 2065/11999/3973 
f 2068/12000/3974 2067/12001/3974 2066/12002/3974 
f 2067/12003/3975 2068/12004/3975 2069/12005/3975 
f 2070/12006/3976 2069/12007/3976 2068/12008/3976 
f 2070/12009/3977 2071/12010/3977 2069/12011/3977 
f 2071/12012/3978 2070/12013/3978 2072/12014/3978 2073/12015/3978 
f 2074/12016/3979 2072/12017/3979 2070/12018/3979 
f 2074/12019/3980 2066/12020/3980 2072/12021/3980 
f 2074/12022/3981 2068/12023/3981 2066/12024/3981 
f 2070/12025/3982 2068/12026/3982 2074/12027/3982 
f 2066/12028/3983 2062/12029/3983 2072/12030/3983 
f 2062/12031/3984 2075/12032/3984 2072/12033/3984 
f 2075/12034/3985 2062/12035/3985 2064/12036/3985 
f 2076/12037/3986 2075/12038/3986 2064/12039/3986 
f 2076/12040/3987 2077/12041/3987 2075/12042/3987 
f 2076/12043/3988 2078/12044/3988 2077/12045/3988 
f 2078/12046/3989 2076/12047/3989 2079/12048/3989 
f 2079/12049/3990 2076/12050/3990 2064/12051/3990 
f 2079/12052/3991 2064/12053/3991 2080/12054/3991 
f 2064/12055/3992 2081/12056/3992 2080/12057/3992 
f 2064/12058/3993 2063/12059/3993 2081/12060/3993 
f 2063/12061/3994 2082/12062/3994 2081/12063/3994 
f 2063/12064/3995 2083/12065/3995 2082/12066/3995 
f 2065/12067/3996 2083/12068/3996 2063/12069/3996 
f 2065/12070/3997 2084/12071/3997 2083/12072/3997 
f 2065/12073/3998 2085/12074/3998 2084/12075/3998 
f 2067/12076/3999 2085/12077/3999 2065/12078/3999 
f 2086/12079/4000 2085/12080/4000 2067/12081/4000 
f 2086/12082/4001 2087/12083/4001 2085/12084/4001 
f 2086/12085/4002 2088/12086/4002 2087/12087/4002 
f 2088/12088/4003 2086/12089/4003 2089/12090/4003 
f 2089/12091/4004 2086/12092/4004 2090/12093/4004 
f 2086/12094/4005 2069/12095/4005 2090/12096/4005 
f 2067/12097/4006 2069/12098/4006 2086/12099/4006 
f 2071/12100/4007 2090/12101/4007 2069/12102/4007 
f 2090/12103/4008 2071/12104/4008 2091/12105/4008 2092/12106/4008 
f 2071/12107/4009 2073/12108/4009 2091/12109/4009 
f 2091/12110/4010 2073/12111/4010 2093/12112/4010 2094/12113/4010 
f 2095/12114/4011 2093/12115/4011 2073/12116/4011 
f 2096/12117/4012 2093/12118/4012 2095/12119/4012 
f 2096/12120/4013 2097/12121/4013 2093/12122/4013 
f 2098/12123/4014 2097/12124/4014 2096/12125/4014 
f 2099/12126/4015 2097/12127/4015 2098/12128/4015 
f 2100/12129/4016 2097/12130/4016 2099/12131/4016 
f 2100/12132/4017 2093/12133/4017 2097/12134/4017 
f 2100/12135/4018 2094/12136/4018 2093/12137/4018 
f 2101/12138/4019 2094/12139/4019 2100/12140/4019 
f 2094/12141/4020 2101/12142/4020 2102/12143/4020 
f 2103/12144/4021 2102/12145/4021 2101/12146/4021 
f 2103/12147/4022 2104/12148/4022 2102/12149/4022 
f 2105/12150/4023 2104/12151/4023 2103/12152/4023 
f 2104/12153/4024 2105/12154/4024 2106/12155/4024 
f 2105/12156/4025 2107/12157/4025 2106/12158/4025 
f 2108/12159/4026 2107/12160/4026 2105/12161/4026 
f 2107/12162/4027 2108/12163/4027 2109/12164/4027 
f 2108/12165/4028 2110/12166/4028 2109/12167/4028 
f 2111/12168/4029 2110/12169/4029 2108/12170/4029 
f 2110/12171/4030 2111/12172/4030 2112/12173/4030 
f 2111/12174/4031 2113/12175/4031 2112/12176/4031 
f 2114/12177/4032 2113/12178/4032 2111/12179/4032 2115/12180/4032 
f 2113/12181/4033 2114/12182/4033 2116/12183/4033 
f 2114/12184/4034 2117/12185/4034 2116/12186/4034 
f 2118/12187/4035 2117/12188/4035 2114/12189/4035 
f 2119/12190/4036 2117/12191/4036 2118/12192/4036 2120/12193/4036 
f 2119/12194/4037 2121/12195/4037 2116/12196/4037 2117/12197/4037 
f 2119/12198/4038 2122/12199/4038 2121/12200/4038 
f 2123/12201/4039 2122/12202/4039 2119/12203/4039 
f 2122/12204/4040 2123/12205/4040 2124/12206/4040 
f 2123/12207/4041 2125/12208/4041 2124/12209/4041 
f 2123/12210/4042 2126/12211/4042 2125/12212/4042 
f 2126/12213/4043 2123/12214/4043 2120/12215/4043 
f 2120/12216/4044 2123/12217/4044 2119/12218/4044 
f 2127/12219/4045 2126/12220/4045 2120/12221/4045 
f 2127/12222/4046 2120/12223/4046 2118/12224/4046 
f 2128/12225/4047 2127/12226/4047 2118/12227/4047 
f 2128/12228/4048 2118/12229/4048 2129/12230/4048 
f 2129/12231/4049 2118/12232/4049 2114/12233/4049 
f 2129/12234/4050 2114/12235/4050 2115/12236/4050 
f 2130/12237/4051 2129/12238/4051 2115/12239/4051 
f 2131/12240/4052 2129/12241/4052 2130/12242/4052 
f 2131/12243/4053 2128/12244/4053 2129/12245/4053 
f 2132/12246/4054 2131/12247/4054 2130/12248/4054 
f 2132/12249/4055 2130/12250/4055 2133/12251/4055 
f 2133/12252/4056 2130/12253/4056 2134/12254/4056 
f 2130/12255/4057 2115/12256/4057 2134/12257/4057 
f 2111/12258/4058 2135/12259/4058 2134/12260/4058 2115/12261/4058 
f 2135/12262/4059 2111/12263/4059 2108/12264/4059 
f 2135/12265/4060 2108/12266/4060 2136/12267/4060 
f 2136/12268/4061 2108/12269/4061 2105/12270/4061 
f 2136/12271/4062 2105/12272/4062 2137/12273/4062 
f 2137/12274/4063 2105/12275/4063 2103/12276/4063 
f 2137/12277/4064 2103/12278/4064 2138/12279/4064 
f 2138/12280/4065 2103/12281/4065 2101/12282/4065 
f 2138/12283/4066 2101/12284/4066 2139/12285/4066 
f 2139/12286/4067 2101/12287/4067 2100/12288/4067 
f 2140/12289/4068 2139/12290/4068 2100/12291/4068 
f 2141/12292/4069 2139/12293/4069 2140/12294/4069 
f 2141/12295/4070 2138/12296/4070 2139/12297/4070 
f 2142/12298/4071 2138/12299/4071 2141/12300/4071 
f 2142/12301/4072 2137/12302/4072 2138/12303/4072 
f 2143/12304/4073 2137/12305/4073 2142/12306/4073 
f 2143/12307/4074 2136/12308/4074 2137/12309/4074 
f 2144/12310/4075 2136/12311/4075 2143/12312/4075 
f 2144/12313/4076 2135/12314/4076 2136/12315/4076 
f 2134/12316/4077 2135/12317/4077 2144/12318/4077 
f 2145/12319/4078 2134/12320/4078 2144/12321/4078 
f 2133/12322/4079 2134/12323/4079 2145/12324/4079 
f 2146/12325/4080 2133/12326/4080 2145/12327/4080 
f 2146/12328/4081 2147/12329/4081 2133/12330/4081 
f 2146/12331/4082 2148/12332/4082 2149/12333/4082 2147/12334/4082 
f 2148/12335/4083 2146/12336/4083 2150/12337/4083 
f 2146/12338/4084 2145/12339/4084 2150/12340/4084 
f 2150/12341/4085 2145/12342/4085 2151/12343/4085 
f 2145/12344/4086 2144/12345/4086 2151/12346/4086 
f 2151/12347/4087 2144/12348/4087 2143/12349/4087 
f 2151/12350/4088 2143/12351/4088 2152/12352/4088 
f 2152/12353/4089 2143/12354/4089 2142/12355/4089 
f 2152/12356/4090 2142/12357/4090 2153/12358/4090 
f 2153/12359/4091 2142/12360/4091 2141/12361/4091 
f 2153/12362/4092 2141/12363/4092 2154/12364/4092 
f 2154/12365/4093 2141/12366/4093 2140/12367/4093 
f 2154/12368/4094 2140/12369/4094 2155/12370/4094 
f 2099/12371/4095 2155/12372/4095 2140/12373/4095 
f 2156/12374/4096 2155/12375/4096 2099/12376/4096 
f 2156/12377/4097 2157/12378/4097 2155/12379/4097 
f 2158/12380/4098 2157/12381/4098 2156/12382/4098 
f 2159/12383/4099 2157/12384/4099 2158/12385/4099 2160/12386/4099 
f 2157/12387/4100 2159/12388/4100 2161/12389/4100 
f 2159/12390/4101 2162/12391/4101 2161/12392/4101 
f 2159/12393/4102 2163/12394/4102 2162/12395/4102 
f 2164/12396/4103 2163/12397/4103 2159/12398/4103 
f 2164/12399/4104 2165/12400/4104 2163/12401/4104 
f 2166/12402/4105 2165/12403/4105 2164/12404/4105 
f 2166/12405/4106 2167/12406/4106 2165/12407/4106 
f 2168/12408/4107 2167/12409/4107 2166/12410/4107 
f 2168/12411/4108 2169/12412/4108 2167/12413/4108 
f 2169/12414/4109 2168/12415/4109 2170/12416/4109 
f 2170/12417/4110 2168/12418/4110 2171/12419/4110 
f 2168/12420/4111 2172/12421/4111 2171/12422/4111 
f 2172/12423/4112 2168/12424/4112 2166/12425/4112 
f 2172/12426/4113 2166/12427/4113 2173/12428/4113 
f 2173/12429/4114 2166/12430/4114 2164/12431/4114 
f 2173/12432/4115 2164/12433/4115 2174/12434/4115 
f 2164/12435/4116 2160/12436/4116 2174/12437/4116 
f 2160/12438/4117 2164/12439/4117 2159/12440/4117 
f 2174/12441/4118 2160/12442/4118 2158/12443/4118 
f 2175/12444/4119 2174/12445/4119 2158/12446/4119 
f 2174/12447/4120 2175/12448/4120 2176/12449/4120 
f 2176/12450/4121 2175/12451/4121 2177/12452/4121 
f 2158/12453/4122 2178/12454/4122 2177/12455/4122 2175/12456/4122 
f 2178/12457/4123 2158/12458/4123 2156/12459/4123 
f 2178/12460/4124 2156/12461/4124 2179/12462/4124 
f 2179/12463/4125 2156/12464/4125 2099/12465/4125 
f 2179/12466/4126 2099/12467/4126 2098/12468/4126 
f 2098/12469/4127 2180/12470/4127 2179/12471/4127 
f 2098/12472/4128 2181/12473/4128 2180/12474/4128 
f 2182/12475/4129 2181/12476/4129 2098/12477/4129 
f 2183/12478/4130 2181/12479/4130 2182/12480/4130 
f 2181/12481/4131 2183/12482/4131 2180/12483/4131 
f 2180/12484/4132 2183/12485/4132 2184/12486/4132 
f 2184/12487/4133 2183/12488/4133 2185/12489/4133 
f 2186/12490/4134 2185/12491/4134 2183/12492/4134 
f 2185/12493/4135 2186/12494/4135 2187/12495/4135 
f 2188/12496/4136 2187/12497/4136 2186/12498/4136 
f 2188/12499/4137 2189/12500/4137 2187/12501/4137 
f 2082/12502/4138 2189/12503/4138 2188/12504/4138 
f 2190/12505/4139 2189/12506/4139 2082/12507/4139 
f 2191/12508/4140 2189/12509/4140 2190/12510/4140 
f 2187/12511/4141 2189/12512/4141 2191/12513/4141 
f 2192/12514/4142 2187/12515/4142 2191/12516/4142 
f 2192/12517/4143 2185/12518/4143 2187/12519/4143 
f 2185/12520/4144 2192/12521/4144 2193/12522/4144 
f 2193/12523/4145 2192/12524/4145 2194/12525/4145 
f 2194/12526/4146 2192/12527/4146 2191/12528/4146 
f 2194/12529/4147 2191/12530/4147 2195/12531/4147 
f 2195/12532/4148 2191/12533/4148 2190/12534/4148 
f 2195/12535/4149 2190/12536/4149 2196/12537/4149 
f 2197/12538/4150 2196/12539/4150 2190/12540/4150 
f 2196/12541/4151 2197/12542/4151 2087/12543/4151 
f 2197/12544/4152 2084/12545/4152 2087/12546/4152 
f 2084/12547/4153 2197/12548/4153 2083/12549/4153 
f 2197/12550/4154 2082/12551/4154 2083/12552/4154 
f 2197/12553/4155 2190/12554/4155 2082/12555/4155 
f 2087/12556/4156 2084/12557/4156 2085/12558/4156 
f 2087/12559/4157 2088/12560/4157 2196/12561/4157 
f 2088/12562/4158 2198/12563/4158 2196/12564/4158 
f 2198/12565/4159 2088/12566/4159 2089/12567/4159 
f 2199/12568/4160 2198/12569/4160 2089/12570/4160 
f 2198/12571/4161 2199/12572/4161 2200/12573/4161 
f 2199/12574/4162 2201/12575/4162 2200/12576/4162 
f 2202/12577/4163 2201/12578/4163 2199/12579/4163 
f 2202/12580/4164 2203/12581/4164 2201/12582/4164 
f 2204/12583/4165 2203/12584/4165 2202/12585/4165 
f 2204/12586/4166 2109/12587/4166 2203/12588/4166 
f 2107/12589/4167 2109/12590/4167 2204/12591/4167 
f 2106/12592/4168 2107/12593/4168 2204/12594/4168 
f 2106/12595/4169 2204/12596/4169 2205/12597/4169 
f 2205/12598/4170 2204/12599/4170 2202/12600/4170 
f 2205/12601/4171 2202/12602/4171 2206/12603/4171 
f 2206/12604/4172 2202/12605/4172 2199/12606/4172 
f 2199/12607/4173 2089/12608/4173 2206/12609/4173 
f 2089/12610/4174 2207/12611/4174 2206/12612/4174 
f 2207/12613/4175 2089/12614/4175 2090/12615/4175 
f 2092/12616/4176 2207/12617/4176 2090/12618/4176 
f 2205/12619/4177 2207/12620/4177 2092/12621/4177 
f 2207/12622/4178 2205/12623/4178 2206/12624/4178 
f 2205/12625/4179 2092/12626/4179 2208/12627/4179 
f 2208/12628/4180 2092/12629/4180 2091/12630/4180 
f 2209/12631/4181 2208/12632/4181 2091/12633/4181 
f 2106/12634/4182 2208/12635/4182 2209/12636/4182 
f 2208/12637/4183 2106/12638/4183 2205/12639/4183 
f 2104/12640/4184 2106/12641/4184 2209/12642/4184 
f 2104/12643/4185 2209/12644/4185 2102/12645/4185 
f 2102/12646/4186 2209/12647/4186 2091/12648/4186 
f 2094/12649/4187 2102/12650/4187 2091/12651/4187 
f 2109/12652/4188 2210/12653/4188 2203/12654/4188 
f 2109/12655/4189 2110/12656/4189 2210/12657/4189 
f 2110/12658/4190 2112/12659/4190 2210/12660/4190 
f 2210/12661/4191 2112/12662/4191 2211/12663/4191 
f 2112/12664/4192 2212/12665/4192 2211/12666/4192 
f 2112/12667/4193 2113/12668/4193 2212/12669/4193 
f 2113/12670/4194 2116/12671/4194 2212/12672/4194 
f 2212/12673/4195 2116/12674/4195 2213/12675/4195 
f 2116/12676/4196 2121/12677/4196 2213/12678/4196 
f 2121/12679/4197 2214/12680/4197 2213/12681/4197 
f 2122/12682/4198 2214/12683/4198 2121/12684/4198 
f 2214/12685/4199 2122/12686/4199 2215/12687/4199 
f 2122/12688/4200 2124/12689/4200 2215/12690/4200 
f 2124/12691/4201 2216/12692/4201 2215/12693/4201 
f 2217/12694/4202 2216/12695/4202 2124/12696/4202 
f 2216/12697/4203 2217/12698/4203 2218/12699/4203 
f 2217/12700/4204 2219/12701/4204 2218/12702/4204 
f 2217/12703/4205 2220/12704/4205 2219/12705/4205 
f 2217/12706/4206 2125/12707/4206 2221/12708/4206 2220/12709/4206 
f 2125/12710/4207 2217/12711/4207 2124/12712/4207 
f 2126/12713/4208 2221/12714/4208 2125/12715/4208 
f 2220/12716/4209 2222/12717/4209 2219/12718/4209 
f 2219/12719/4210 2222/12720/4210 2223/12721/4210 
f 2222/12722/4211 2224/12723/4211 2223/12724/4211 
f 2225/12725/4212 2169/12726/4212 2223/12727/4212 2224/12728/4212 
f 2169/12729/4213 2225/12730/4213 2226/12731/4213 
f 2225/12732/4214 2227/12733/4214 2226/12734/4214 
f 2226/12735/4215 2227/12736/4215 2228/12737/4215 
f 2227/12738/4216 2229/12739/4216 2228/12740/4216 
f 2228/12741/4217 2229/12742/4217 2230/12743/4217 
f 2229/12744/4218 2231/12745/4218 2230/12746/4218 
f 2230/12747/4219 2231/12748/4219 2232/12749/4219 
f 2231/12750/4220 2233/12751/4220 2232/12752/4220 
f 2232/12753/4221 2233/12754/4221 2234/12755/4221 
f 2233/12756/4222 2235/12757/4222 2234/12758/4222 
f 2235/12759/4223 2236/12760/4223 2234/12761/4223 
f 2236/12762/4224 2237/12763/4224 2234/12764/4224 
f 2237/12765/4225 2236/12766/4225 2238/12767/4225 
f 2236/12768/4226 2239/12769/4226 2238/12770/4226 
f 2148/12771/4227 2238/12772/4227 2239/12773/4227 2149/12774/4227 
f 2238/12775/4228 2148/12776/4228 2150/12777/4228 
f 2240/12778/4229 2238/12779/4229 2150/12780/4229 
f 2237/12781/4230 2238/12782/4230 2240/12783/4230 
f 2241/12784/4231 2237/12785/4231 2240/12786/4231 
f 2241/12787/4232 2242/12788/4232 2234/12789/4232 2237/12790/4232 
f 2242/12791/4233 2241/12792/4233 2243/12793/4233 
f 2241/12794/4234 2244/12795/4234 2243/12796/4234 
f 2244/12797/4235 2241/12798/4235 2245/12799/4235 
f 2241/12800/4236 2240/12801/4236 2245/12802/4236 
f 2240/12803/4237 2150/12804/4237 2245/12805/4237 
f 2150/12806/4238 2151/12807/4238 2245/12808/4238 
f 2245/12809/4239 2151/12810/4239 2152/12811/4239 
f 2244/12812/4240 2245/12813/4240 2152/12814/4240 
f 2246/12815/4241 2244/12816/4241 2152/12817/4241 
f 2244/12818/4242 2246/12819/4242 2247/12820/4242 2243/12821/4242 
f 2247/12822/4243 2246/12823/4243 2248/12824/4243 
f 2246/12825/4244 2153/12826/4244 2248/12827/4244 
f 2246/12828/4245 2152/12829/4245 2153/12830/4245 
f 2248/12831/4246 2153/12832/4246 2154/12833/4246 
f 2248/12834/4247 2154/12835/4247 2161/12836/4247 2162/12837/4247 
f 2161/12838/4248 2154/12839/4248 2155/12840/4248 
f 2157/12841/4249 2161/12842/4249 2155/12843/4249 
f 2162/12844/4250 2249/12845/4250 2248/12846/4250 
f 2163/12847/4251 2249/12848/4251 2162/12849/4251 
f 2163/12850/4252 2250/12851/4252 2249/12852/4252 
f 2165/12853/4253 2250/12854/4253 2163/12855/4253 
f 2165/12856/4254 2251/12857/4254 2250/12858/4254 
f 2167/12859/4255 2251/12860/4255 2165/12861/4255 
f 2167/12862/4256 2226/12863/4256 2251/12864/4256 
f 2169/12865/4257 2226/12866/4257 2167/12867/4257 
f 2226/12868/4258 2228/12869/4258 2251/12870/4258 
f 2251/12871/4259 2228/12872/4259 2252/12873/4259 
f 2228/12874/4260 2230/12875/4260 2252/12876/4260 
f 2252/12877/4261 2230/12878/4261 2253/12879/4261 
f 2230/12880/4262 2232/12881/4262 2253/12882/4262 
f 2232/12883/4263 2234/12884/4263 2253/12885/4263 
f 2234/12886/4264 2242/12887/4264 2253/12888/4264 
f 2253/12889/4265 2242/12890/4265 2243/12891/4265 
f 2254/12892/4266 2253/12893/4266 2243/12894/4266 
f 2253/12895/4267 2254/12896/4267 2250/12897/4267 2252/12898/4267 
f 2250/12899/4268 2254/12900/4268 2249/12901/4268 
f 2249/12902/4269 2254/12903/4269 2247/12904/4269 
f 2254/12905/4270 2243/12906/4270 2247/12907/4270 
f 2249/12908/4271 2247/12909/4271 2248/12910/4271 
f 2251/12911/4272 2252/12912/4272 2250/12913/4272 
f 2223/12914/4273 2169/12915/4273 2170/12916/4273 
f 2223/12917/4274 2170/12918/4274 2218/12919/4274 2219/12920/4274 
f 2218/12921/4275 2170/12922/4275 2171/12923/4275 
f 2255/12924/4276 2218/12925/4276 2171/12926/4276 
f 2218/12927/4277 2255/12928/4277 2256/12929/4277 
f 2256/12930/4278 2255/12931/4278 2257/12932/4278 
f 2255/12933/4279 2258/12934/4279 2257/12935/4279 
f 2255/12936/4280 2171/12937/4280 2258/12938/4280 
f 2171/12939/4281 2259/12940/4281 2258/12941/4281 
f 2171/12942/4282 2172/12943/4282 2259/12944/4282 
f 2172/12945/4283 2260/12946/4283 2259/12947/4283 
f 2260/12948/4284 2172/12949/4284 2173/12950/4284 
f 2260/12951/4285 2173/12952/4285 2261/12953/4285 
f 2173/12954/4286 2174/12955/4286 2261/12956/4286 
f 2261/12957/4287 2174/12958/4287 2176/12959/4287 
f 2261/12960/4288 2176/12961/4288 2262/12962/4288 
f 2262/12963/4289 2176/12964/4289 2263/12965/4289 
f 2176/12966/4290 2264/12967/4290 2263/12968/4290 
f 2264/12969/4291 2176/12970/4291 2177/12971/4291 
f 2264/12972/4292 2177/12973/4292 2180/12974/4292 
f 2180/12975/4293 2177/12976/4293 2178/12977/4293 
f 2180/12978/4294 2178/12979/4294 2179/12980/4294 
f 2184/12981/4295 2264/12982/4295 2180/12983/4295 
f 2184/12984/4296 2263/12985/4296 2264/12986/4296 
f 2263/12987/4297 2184/12988/4297 1362/12989/4297 2193/12990/4297 
f 1362/12991/4298 2184/12992/4298 2185/12993/4298 2193/12994/4298 
f 2265/12995/4299 2263/12996/4299 2193/12997/4299 
f 2265/12998/4300 2266/12999/4300 2263/13000/4300 
f 2266/13001/4301 2265/13002/4301 1360/13003/4301 2267/13004/4301 
f 2267/13005/4302 1360/13006/4302 2265/13007/4302 2193/13008/4302 
f 2194/13009/4303 2267/13010/4303 2193/13011/4303 
f 2194/13012/4304 2268/13013/4304 2267/13014/4304 
f 2269/13015/4305 2268/13016/4305 2194/13017/4305 2270/13018/4305 
f 2271/13019/4306 2268/13020/4306 2269/13021/4306 
f 2271/13022/4307 2272/13023/4307 2268/13024/4307 
f 2273/13025/4308 2272/13026/4308 2271/13027/4308 
f 2273/13028/4309 2274/13029/4309 2272/13030/4309 
f 2258/13031/4310 2274/13032/4310 2273/13033/4310 
f 2258/13034/4311 2259/13035/4311 2274/13036/4311 
f 2259/13037/4312 2275/13038/4312 2274/13039/4312 
f 2261/13040/4313 2275/13041/4313 2259/13042/4313 2260/13043/4313 
f 2275/13044/4314 2261/13045/4314 2262/13046/4314 
f 2275/13047/4315 2262/13048/4315 2266/13049/4315 
f 2266/13050/4316 2262/13051/4316 2263/13052/4316 
f 2274/13053/4317 2275/13054/4317 2266/13055/4317 
f 2274/13056/4318 2266/13057/4318 2272/13058/4318 
f 2272/13059/4319 2266/13060/4319 2267/13061/4319 
f 2272/13062/4320 2267/13063/4320 2268/13064/4320 
f 2257/13065/4321 2258/13066/4321 2273/13067/4321 
f 2257/13068/4322 2273/13069/4322 2276/13070/4322 
f 2276/13071/4323 2273/13072/4323 2271/13073/4323 
f 2277/13074/4324 2276/13075/4324 2271/13076/4324 
f 2277/13077/4325 2278/13078/4325 2276/13079/4325 
f 2278/13080/4326 2277/13081/4326 2279/13082/4326 
f 2279/13083/4327 2277/13084/4327 2280/13085/4327 
f 2277/13086/4328 2281/13087/4328 2280/13088/4328 
f 2281/13089/4329 2277/13090/4329 2271/13091/4329 
f 2281/13092/4330 2271/13093/4330 2269/13094/4330 
f 2280/13095/4331 2281/13096/4331 2269/13097/4331 
f 2282/13098/4332 2280/13099/4332 2269/13100/4332 
f 2280/13101/4333 2282/13102/4333 2201/13103/4333 2283/13104/4333 
f 2201/13105/4334 2282/13106/4334 2200/13107/4334 
f 2282/13108/4335 2269/13109/4335 2200/13110/4335 
f 2269/13111/4336 2270/13112/4336 2200/13113/4336 
f 2270/13114/4337 2198/13115/4337 2200/13116/4337 
f 2270/13117/4338 2195/13118/4338 2198/13119/4338 
f 2270/13120/4339 2194/13121/4339 2195/13122/4339 
f 2198/13123/4340 2195/13124/4340 2196/13125/4340 
f 2203/13126/4341 2283/13127/4341 2201/13128/4341 
f 2203/13129/4342 2210/13130/4342 2283/13131/4342 
f 2210/13132/4343 2211/13133/4343 2283/13134/4343 
f 2283/13135/4344 2211/13136/4344 2280/13137/4344 
f 2211/13138/4345 2279/13139/4345 2280/13140/4345 
f 2211/13141/4346 2212/13142/4346 2279/13143/4346 
f 2212/13144/4347 2213/13145/4347 2279/13146/4347 
f 2213/13147/4348 2278/13148/4348 2279/13149/4348 
f 2214/13150/4349 2278/13151/4349 2213/13152/4349 
f 2278/13153/4350 2214/13154/4350 2284/13155/4350 
f 2214/13156/4351 2215/13157/4351 2284/13158/4351 
f 2215/13159/4352 2256/13160/4352 2284/13161/4352 
f 2216/13162/4353 2256/13163/4353 2215/13164/4353 
f 2216/13165/4354 2218/13166/4354 2256/13167/4354 
f 2256/13168/4355 2257/13169/4355 2284/13170/4355 
f 2284/13171/4356 2257/13172/4356 2276/13173/4356 
f 2278/13174/4357 2284/13175/4357 2276/13176/4357 
f 2082/13177/4358 2188/13178/4358 2081/13179/4358 
f 2188/13180/4359 2285/13181/4359 2081/13182/4359 
f 2285/13183/4360 2188/13184/4360 2186/13185/4360 
f 2286/13186/4361 2285/13187/4361 2186/13188/4361 
f 2287/13189/4362 2285/13190/4362 2286/13191/4362 
f 2287/13192/4363 2288/13193/4363 2285/13194/4363 
f 2288/13195/4364 2287/13196/4364 2078/13197/4364 
f 2287/13198/4365 2182/13199/4365 2078/13200/4365 
f 2286/13201/4366 2182/13202/4366 2287/13203/4366 
f 2286/13204/4367 2183/13205/4367 2182/13206/4367 
f 2183/13207/4368 2286/13208/4368 2186/13209/4368 
f 2078/13210/4369 2182/13211/4369 2289/13212/4369 
f 2182/13213/4370 2098/13214/4370 2289/13215/4370 
f 2289/13216/4371 2098/13217/4371 2096/13218/4371 
f 2289/13219/4372 2096/13220/4372 2290/13221/4372 
f 2290/13222/4373 2096/13223/4373 2095/13224/4373 
f 2290/13225/4374 2095/13226/4374 2291/13227/4374 
f 2291/13228/4375 2095/13229/4375 2072/13230/4375 
f 2095/13231/4376 2073/13232/4376 2072/13233/4376 
f 2075/13234/4377 2077/13235/4377 2291/13236/4377 2072/13237/4377 
f 2291/13238/4378 2077/13239/4378 2292/13240/4378 
f 2078/13241/4379 2292/13242/4379 2077/13243/4379 
f 2289/13244/4380 2292/13245/4380 2078/13246/4380 
f 2292/13247/4381 2289/13248/4381 2290/13249/4381 
f 2290/13250/4382 2291/13251/4382 2292/13252/4382 
f 2079/13253/4383 2288/13254/4383 2078/13255/4383 
f 2079/13256/4384 2080/13257/4384 2288/13258/4384 
f 2288/13259/4385 2080/13260/4385 2285/13261/4385 
f 2285/13262/4386 2080/13263/4386 2081/13264/4386 
f 2140/13265/4387 2100/13266/4387 2099/13267/4387 
f 2147/13268/4388 2293/13269/4388 2133/13270/4388 
f 2293/13271/4389 2132/13272/4389 2133/13273/4389 

g Mesh52 average_male_1_1 Model
usemtl Patient_Eye
f 2294/13274/4390 2295/13275/4390 2296/13276/4390 
f 2297/13277/4391 2298/13278/4391 2295/13279/4391 2294/13280/4391 
f 2297/13281/4392 2299/13282/4392 2298/13283/4392 
f 2297/13284/4393 2300/13285/4393 2299/13286/4393 
f 2301/13287/4394 2300/13288/4394 2297/13289/4394 
f 2301/13290/4395 2302/13291/4395 2300/13292/4395 
f 2302/13293/4396 2301/13294/4396 2303/13295/4396 2304/13296/4396 
f 2303/13297/4397 2301/13298/4397 2294/13299/4397 
f 2294/13300/4398 2301/13301/4398 2297/13302/4398 
f 2305/13303/4399 2303/13304/4399 2294/13305/4399 
f 2303/13306/4400 2305/13307/4400 2306/13308/4400 
f 2296/13309/4401 2307/13310/4401 2306/13311/4401 2305/13312/4401 
f 2307/13313/4402 2296/13314/4402 2308/13315/4402 
f 2295/13316/4403 2309/13317/4403 2308/13318/4403 2296/13319/4403 
f 2309/13320/4404 2295/13321/4404 2310/13322/4404 
f 2295/13323/4405 2298/13324/4405 2310/13325/4405 
f 2298/13326/4406 2311/13327/4406 2310/13328/4406 
f 2299/13329/4407 2311/13330/4407 2298/13331/4407 
f 2299/13332/4408 2312/13333/4408 2311/13334/4408 
f 2313/13335/4409 2312/13336/4409 2299/13337/4409 2314/13338/4409 
f 2313/13339/4410 2315/13340/4410 2312/13341/4410 
f 2313/13342/4411 2316/13343/4411 2315/13344/4411 
f 2317/13345/4412 2316/13346/4412 2313/13347/4412 
f 2318/13348/4413 2316/13349/4413 2317/13350/4413 2319/13351/4413 
f 2316/13352/4414 2318/13353/4414 2320/13354/4414 
f 2318/13355/4415 2321/13356/4415 2320/13357/4415 
f 2322/13358/4416 2321/13359/4416 2318/13360/4416 2323/13361/4416 
f 2321/13362/4417 2322/13363/4417 2324/13364/4417 
f 2322/13365/4418 2325/13366/4418 2324/13367/4418 
f 2326/13368/4419 2325/13369/4419 2322/13370/4419 
f 2327/13371/4420 2325/13372/4420 2326/13373/4420 
f 2327/13374/4421 2328/13375/4421 2325/13376/4421 
f 2329/13377/4422 1307/13378/4422 2328/13379/4422 2327/13380/4422 
f 1307/13381/4423 2329/13382/4423 2330/13383/4423 2328/13384/4423 
f 2329/13385/4424 2331/13386/4424 2330/13387/4424 
f 2329/13388/4425 2332/13389/4425 2331/13390/4425 
f 2329/13391/4426 2333/13392/4426 2332/13393/4426 
f 2329/13394/4427 2334/13395/4427 1310/13396/4427 2333/13397/4427 
f 2334/13398/4428 2329/13399/4428 2327/13400/4428 
f 2335/13401/4429 2334/13402/4429 2327/13403/4429 
f 2333/13404/4430 1310/13405/4430 2334/13406/4430 2335/13407/4430 
f 2336/13408/4431 2333/13409/4431 2335/13410/4431 
f 2337/13411/4432 2333/13412/4432 2336/13413/4432 
f 2333/13414/4433 2337/13415/4433 2332/13416/4433 
f 2332/13417/4434 2337/13418/4434 2338/13419/4434 2339/13420/4434 
f 2338/13421/4435 2337/13422/4435 2340/13423/4435 
f 2340/13424/4436 2337/13425/4436 2336/13426/4436 
f 2340/13427/4437 2336/13428/4437 2341/13429/4437 
f 2341/13430/4438 2336/13431/4438 2342/13432/4438 
f 2336/13433/4439 2335/13434/4439 2342/13435/4439 
f 2342/13436/4440 2335/13437/4440 2343/13438/4440 
f 2335/13439/4441 2344/13440/4441 2343/13441/4441 
f 2344/13442/4442 2335/13443/4442 2327/13444/4442 
f 2344/13445/4443 2327/13446/4443 2326/13447/4443 
f 2344/13448/4444 2326/13449/4444 2345/13450/4444 
f 2345/13451/4445 2326/13452/4445 2346/13453/4445 
f 2326/13454/4446 2323/13455/4446 2346/13456/4446 
f 2323/13457/4447 2326/13458/4447 2322/13459/4447 
f 2346/13460/4448 2323/13461/4448 2318/13462/4448 
f 2319/13463/4449 2346/13464/4449 2318/13465/4449 
f 2346/13466/4450 2319/13467/4450 2347/13468/4450 
f 2347/13469/4451 2319/13470/4451 2317/13471/4451 
f 2348/13472/4452 2347/13473/4452 2317/13474/4452 
f 2349/13475/4453 2347/13476/4453 2348/13477/4453 
f 2349/13478/4454 2350/13479/4454 2347/13480/4454 
f 2351/13481/4455 2350/13482/4455 2349/13483/4455 
f 2351/13484/4456 2352/13485/4456 2350/13486/4456 
f 2353/13487/4457 2352/13488/4457 2351/13489/4457 
f 2354/13490/4458 2352/13491/4458 2353/13492/4458 
f 2354/13493/4459 2355/13494/4459 2352/13495/4459 
f 2354/13496/4460 2356/13497/4460 2355/13498/4460 
f 2356/13499/4461 2354/13500/4461 2357/13501/4461 2358/13502/4461 
f 2357/13503/4462 2354/13504/4462 2353/13505/4462 
f 2359/13506/4463 2360/13507/4463 2357/13508/4463 2353/13509/4463 
f 2360/13510/4464 2361/13511/4464 2357/13512/4464 
f 2361/13513/4465 2358/13514/4465 2357/13515/4465 
f 2361/13516/4466 2362/13517/4466 2358/13518/4466 
f 2362/13519/4467 2363/13520/4467 2358/13521/4467 
f 2363/13522/4468 2362/13523/4468 2364/13524/4468 2365/13525/4468 
f 2364/13526/4469 2366/13527/4469 2365/13528/4469 
f 2366/13529/4470 2367/13530/4470 2365/13531/4470 
f 2368/13532/4471 2367/13533/4471 2366/13534/4471 
f 2368/13535/4472 2369/13536/4472 2367/13537/4472 
f 2369/13538/4473 2368/13539/4473 2370/13540/4473 2371/13541/4473 
f 2370/13542/4474 2368/13543/4474 2372/13544/4474 
f 2372/13545/4475 2368/13546/4475 2366/13547/4475 
f 2373/13548/4476 2370/13549/4476 2372/13550/4476 
f 2374/13551/4477 2370/13552/4477 2373/13553/4477 
f 2374/13554/4478 2375/13555/4478 2370/13556/4478 
f 2376/13557/4479 2375/13558/4479 2374/13559/4479 
f 2377/13560/4480 2378/13561/4480 2375/13562/4480 2376/13563/4480 
f 2378/13564/4481 2377/13565/4481 2379/13566/4481 
f 2377/13567/4482 2380/13568/4482 2379/13569/4482 
f 2381/13570/4483 2380/13571/4483 2377/13572/4483 
f 2380/13573/4484 2381/13574/4484 2382/13575/4484 
f 2381/13576/4485 2383/13577/4485 2382/13578/4485 
f 2384/13579/4486 2383/13580/4486 2381/13581/4486 
f 2383/13582/4487 2384/13583/4487 2385/13584/4487 
f 2384/13585/4488 2386/13586/4488 2385/13587/4488 
f 2387/13588/4489 2386/13589/4489 2384/13590/4489 
f 2387/13591/4490 2388/13592/4490 2386/13593/4490 
f 2389/13594/4491 2388/13595/4491 2387/13596/4491 
f 2389/13597/4492 2390/13598/4492 2388/13599/4492 
f 2391/13600/4493 2390/13601/4493 2389/13602/4493 
f 2390/13603/4494 2391/13604/4494 2392/13605/4494 
f 2391/13606/4495 2393/13607/4495 2392/13608/4495 
f 2394/13609/4496 2393/13610/4496 2391/13611/4496 
f 2395/13612/4497 2393/13613/4497 2394/13614/4497 
f 2393/13615/4498 2395/13616/4498 2396/13617/4498 
f 2395/13618/4499 2397/13619/4499 2396/13620/4499 
f 2398/13621/4500 2397/13622/4500 2395/13623/4500 
f 2398/13624/4501 2399/13625/4501 2397/13626/4501 
f 2398/13627/4502 2400/13628/4502 2399/13629/4502 
f 2398/13630/4503 2401/13631/4503 2400/13632/4503 
f 2402/13633/4504 2401/13634/4504 2398/13635/4504 
f 2403/13636/4505 2401/13637/4505 2402/13638/4505 
f 2401/13639/4506 2403/13640/4506 2400/13641/4506 
f 2403/13642/4507 2404/13643/4507 2400/13644/4507 
f 2405/13645/4508 2404/13646/4508 2403/13647/4508 
f 2404/13648/4509 2405/13649/4509 2406/13650/4509 
f 2407/13651/4510 2406/13652/4510 2405/13653/4510 
f 2406/13654/4511 2407/13655/4511 2408/13656/4511 
f 2409/13657/4512 2408/13658/4512 2407/13659/4512 
f 2409/13660/4513 2410/13661/4513 2408/13662/4513 
f 2411/13663/4514 2410/13664/4514 2409/13665/4514 
f 2412/13666/4515 2410/13667/4515 2411/13668/4515 
f 2408/13669/4516 2410/13670/4516 2412/13671/4516 
f 2408/13672/4517 2412/13673/4517 2413/13674/4517 
f 2412/13675/4518 2414/13676/4518 2413/13677/4518 
f 2415/13678/4519 2414/13679/4519 2412/13680/4519 
f 2415/13681/4520 2416/13682/4520 2414/13683/4520 
f 2416/13684/4521 2415/13685/4521 2417/13686/4521 
f 2415/13687/4522 2418/13688/4522 2417/13689/4522 
f 2415/13690/4523 2419/13691/4523 2418/13692/4523 
f 2419/13693/4524 2415/13694/4524 2412/13695/4524 
f 2412/13696/4525 2411/13697/4525 2419/13698/4525 
f 2411/13699/4526 2420/13700/4526 2419/13701/4526 
f 2421/13702/4527 2420/13703/4527 2411/13704/4527 
f 2420/13705/4528 2421/13706/4528 2422/13707/4528 
f 2422/13708/4529 2421/13709/4529 2423/13710/4529 
f 2421/13711/4530 2424/13712/4530 2423/13713/4530 
f 2409/13714/4531 2424/13715/4531 2421/13716/4531 
f 2424/13717/4532 2409/13718/4532 2407/13719/4532 
f 2424/13720/4533 2407/13721/4533 2425/13722/4533 
f 2425/13723/4534 2407/13724/4534 2426/13725/4534 
f 2407/13726/4535 2405/13727/4535 2426/13728/4535 
f 2405/13729/4536 2403/13730/4536 2426/13731/4536 
f 2426/13732/4537 2403/13733/4537 2427/13734/4537 
f 2427/13735/4538 2403/13736/4538 2402/13737/4538 
f 2328/13738/4539 2427/13739/4539 2402/13740/4539 
f 2427/13741/4540 2328/13742/4540 2330/13743/4540 
f 2330/13744/4541 2426/13745/4541 2427/13746/4541 
f 2425/13747/4542 2426/13748/4542 2330/13749/4542 
f 2331/13750/4543 2425/13751/4543 2330/13752/4543 
f 2425/13753/4544 2331/13754/4544 2423/13755/4544 
f 2332/13756/4545 2423/13757/4545 2331/13758/4545 
f 2423/13759/4546 2332/13760/4546 2422/13761/4546 
f 2332/13762/4547 2339/13763/4547 2422/13764/4547 
f 2428/13765/4548 2422/13766/4548 2339/13767/4548 
f 2428/13768/4549 2420/13769/4549 2422/13770/4549 
f 2429/13771/4550 2420/13772/4550 2428/13773/4550 
f 2429/13774/4551 2419/13775/4551 2420/13776/4551 
f 2419/13777/4552 2429/13778/4552 2418/13779/4552 
f 2418/13780/4553 2429/13781/4553 2430/13782/4553 
f 2429/13783/4554 2428/13784/4554 2430/13785/4554 
f 2431/13786/4555 2430/13787/4555 2428/13788/4555 
f 2430/13789/4556 2431/13790/4556 2432/13791/4556 
f 2433/13792/4557 2432/13793/4557 2431/13794/4557 
f 2433/13795/4558 2434/13796/4558 2432/13797/4558 
f 2435/13798/4559 2434/13799/4559 2433/13800/4559 
f 2435/13801/4560 2385/13802/4560 2434/13803/4560 
f 2383/13804/4561 2385/13805/4561 2435/13806/4561 
f 2382/13807/4562 2383/13808/4562 2435/13809/4562 
f 2382/13810/4563 2435/13811/4563 2436/13812/4563 
f 2436/13813/4564 2435/13814/4564 2433/13815/4564 
f 2436/13816/4565 2433/13817/4565 2437/13818/4565 
f 2437/13819/4566 2433/13820/4566 2431/13821/4566 
f 2437/13822/4567 2431/13823/4567 2438/13824/4567 
f 2431/13825/4568 2428/13826/4568 2438/13827/4568 
f 2428/13828/4569 2339/13829/4569 2438/13830/4569 
f 2339/13831/4570 2338/13832/4570 2438/13833/4570 
f 2338/13834/4571 2439/13835/4571 2438/13836/4571 
f 2440/13837/4572 2439/13838/4572 2338/13839/4572 
f 2437/13840/4573 2439/13841/4573 2440/13842/4573 2441/13843/4573 
f 2439/13844/4574 2437/13845/4574 2438/13846/4574 
f 2442/13847/4575 2441/13848/4575 2440/13849/4575 
f 2442/13850/4576 2443/13851/4576 2441/13852/4576 
f 2379/13853/4577 2443/13854/4577 2442/13855/4577 
f 2379/13856/4578 2380/13857/4578 2443/13858/4578 
f 2380/13859/4579 2382/13860/4579 2443/13861/4579 
f 2443/13862/4580 2382/13863/4580 2436/13864/4580 
f 2443/13865/4581 2436/13866/4581 2441/13867/4581 
f 2441/13868/4582 2436/13869/4582 2437/13870/4582 
f 2444/13871/4583 2379/13872/4583 2442/13873/4583 
f 2378/13874/4584 2379/13875/4584 2444/13876/4584 
f 2445/13877/4585 2378/13878/4585 2444/13879/4585 
f 2375/13880/4586 2378/13881/4586 2445/13882/4586 
f 2371/13883/4587 2375/13884/4587 2445/13885/4587 
f 2375/13886/4588 2371/13887/4588 2370/13888/4588 
f 2445/13889/4589 2446/13890/4589 2369/13891/4589 2371/13892/4589 
f 2446/13893/4590 2445/13894/4590 2447/13895/4590 
f 2445/13896/4591 2444/13897/4591 2447/13898/4591 
f 2447/13899/4592 2444/13900/4592 2448/13901/4592 
f 2444/13902/4593 2442/13903/4593 2448/13904/4593 
f 2448/13905/4594 2442/13906/4594 2440/13907/4594 
f 2448/13908/4595 2440/13909/4595 2449/13910/4595 
f 2440/13911/4596 2450/13912/4596 2449/13913/4596 
f 2450/13914/4597 2440/13915/4597 2338/13916/4597 
f 2450/13917/4598 2338/13918/4598 2340/13919/4598 
f 2449/13920/4599 2450/13921/4599 2340/13922/4599 
f 2451/13923/4600 2449/13924/4600 2340/13925/4600 
f 2452/13926/4601 2449/13927/4601 2451/13928/4601 
f 2448/13929/4602 2449/13930/4602 2452/13931/4602 
f 2447/13932/4603 2448/13933/4603 2452/13934/4603 
f 2447/13935/4604 2452/13936/4604 2453/13937/4604 
f 2453/13938/4605 2452/13939/4605 2454/13940/4605 
f 2454/13941/4606 2452/13942/4606 2451/13943/4606 
f 2454/13944/4607 2451/13945/4607 2455/13946/4607 
f 2451/13947/4608 2341/13948/4608 2455/13949/4608 
f 2451/13950/4609 2340/13951/4609 2341/13952/4609 
f 2455/13953/4610 2341/13954/4610 2456/13955/4610 
f 2341/13956/4611 2342/13957/4611 2456/13958/4611 
f 2456/13959/4612 2342/13960/4612 2457/13961/4612 
f 2342/13962/4613 2343/13963/4613 2457/13964/4613 
f 2345/13965/4614 2458/13966/4614 2457/13967/4614 2343/13968/4614 
f 2458/13969/4615 2345/13970/4615 2459/13971/4615 
f 2345/13972/4616 2346/13973/4616 2459/13974/4616 
f 2459/13975/4617 2346/13976/4617 2347/13977/4617 
f 2350/13978/4618 2459/13979/4618 2347/13980/4618 
f 2350/13981/4619 2460/13982/4619 2459/13983/4619 
f 2352/13984/4620 2460/13985/4620 2350/13986/4620 
f 2355/13987/4621 2460/13988/4621 2352/13989/4621 
f 2355/13990/4622 2457/13991/4622 2460/13992/4622 
f 2456/13993/4623 2457/13994/4623 2355/13995/4623 
f 2461/13996/4624 2456/13997/4624 2355/13998/4624 
f 2455/13999/4625 2456/14000/4625 2461/14001/4625 
f 2462/14002/4626 2455/14003/4626 2461/14004/4626 
f 2454/14005/4627 2455/14006/4627 2462/14007/4627 
f 2463/14008/4628 2454/14009/4628 2462/14010/4628 
f 2463/14011/4629 2453/14012/4629 2454/14013/4629 
f 2464/14014/4630 2453/14015/4630 2463/14016/4630 
f 2446/14017/4631 2453/14018/4631 2464/14019/4631 
f 2446/14020/4632 2447/14021/4632 2453/14022/4632 
f 2369/14023/4633 2446/14024/4633 2464/14025/4633 
f 2369/14026/4634 2464/14027/4634 2367/14028/4634 
f 2367/14029/4635 2464/14030/4635 2465/14031/4635 
f 2465/14032/4636 2464/14033/4636 2463/14034/4636 
f 2465/14035/4637 2463/14036/4637 2466/14037/4637 
f 2463/14038/4638 2462/14039/4638 2466/14040/4638 
f 2466/14041/4639 2462/14042/4639 2356/14043/4639 
f 2462/14044/4640 2461/14045/4640 2356/14046/4640 
f 2356/14047/4641 2461/14048/4641 2355/14049/4641 
f 2363/14050/4642 2466/14051/4642 2356/14052/4642 
f 2465/14053/4643 2466/14054/4643 2363/14055/4643 
f 2365/14056/4644 2465/14057/4644 2363/14058/4644 
f 2365/14059/4645 2367/14060/4645 2465/14061/4645 
f 2358/14062/4646 2363/14063/4646 2356/14064/4646 
f 2457/14065/4647 2458/14066/4647 2460/14067/4647 
f 2460/14068/4648 2458/14069/4648 2459/14070/4648 
f 2343/14071/4649 2344/14072/4649 2345/14073/4649 
f 2385/14074/4650 2467/14075/4650 2434/14076/4650 
f 2468/14077/4651 2467/14078/4651 2385/14079/4651 
f 2467/14080/4652 2468/14081/4652 2469/14082/4652 
f 2468/14083/4653 2388/14084/4653 2469/14085/4653 
f 2388/14086/4654 2468/14087/4654 2386/14088/4654 
f 2386/14089/4655 2468/14090/4655 2385/14091/4655 
f 2388/14092/4656 2390/14093/4656 2469/14094/4656 
f 2390/14095/4657 2470/14096/4657 2469/14097/4657 
f 2392/14098/4658 2470/14099/4658 2390/14100/4658 
f 2470/14101/4659 2392/14102/4659 2471/14103/4659 
f 2396/14104/4660 2471/14105/4660 2392/14106/4660 
f 2396/14107/4661 2472/14108/4661 2471/14109/4661 
f 2396/14110/4662 2397/14111/4662 2473/14112/4662 2472/14113/4662 
f 2399/14114/4663 2473/14115/4663 2397/14116/4663 
f 2399/14117/4664 2474/14118/4664 2473/14119/4664 
f 2474/14120/4665 2399/14121/4665 2475/14122/4665 
f 2400/14123/4666 2475/14124/4666 2399/14125/4666 
f 2475/14126/4667 2400/14127/4667 2404/14128/4667 
f 2476/14129/4668 2475/14130/4668 2404/14131/4668 
f 2476/14132/4669 2474/14133/4669 2475/14134/4669 
f 2477/14135/4670 2474/14136/4670 2476/14137/4670 
f 2474/14138/4671 2477/14139/4671 2478/14140/4671 
f 2478/14141/4672 2477/14142/4672 2413/14143/4672 
f 2477/14144/4673 2408/14145/4673 2413/14146/4673 
f 2477/14147/4674 2406/14148/4674 2408/14149/4674 
f 2477/14150/4675 2476/14151/4675 2406/14152/4675 
f 2476/14153/4676 2404/14154/4676 2406/14155/4676 
f 2479/14156/4677 2478/14157/4677 2413/14158/4677 
f 2478/14159/4678 2479/14160/4678 2480/14161/4678 2473/14162/4678 
f 2471/14163/4679 2480/14164/4679 2479/14165/4679 
f 2480/14166/4680 2471/14167/4680 2472/14168/4680 
f 2480/14169/4681 2472/14170/4681 2473/14171/4681 
f 2471/14172/4682 2479/14173/4682 2470/14174/4682 
f 2470/14175/4683 2479/14176/4683 2481/14177/4683 
f 2479/14178/4684 2416/14179/4684 2481/14180/4684 
f 2479/14181/4685 2413/14182/4685 2416/14183/4685 
f 2413/14184/4686 2414/14185/4686 2416/14186/4686 
f 2416/14187/4687 2417/14188/4687 2481/14189/4687 
f 2417/14190/4688 2482/14191/4688 2481/14192/4688 
f 2418/14193/4689 2482/14194/4689 2417/14195/4689 
f 2418/14196/4690 2430/14197/4690 2482/14198/4690 
f 2483/14199/4691 2482/14200/4691 2430/14201/4691 
f 2483/14202/4692 2484/14203/4692 2482/14204/4692 
f 2484/14205/4693 2483/14206/4693 2434/14207/4693 
f 2434/14208/4694 2483/14209/4694 2432/14210/4694 
f 2483/14211/4695 2430/14212/4695 2432/14213/4695 
f 2484/14214/4696 2434/14215/4696 2467/14216/4696 
f 2484/14217/4697 2467/14218/4697 2469/14219/4697 
f 2484/14220/4698 2469/14221/4698 2481/14222/4698 
f 2469/14223/4699 2470/14224/4699 2481/14225/4699 
f 2481/14226/4700 2482/14227/4700 2484/14228/4700 
f 2473/14229/4701 2474/14230/4701 2478/14231/4701 
f 2392/14232/4702 2393/14233/4702 2396/14234/4702 
f 2424/14235/4703 2425/14236/4703 2423/14237/4703 
f 2324/14238/4704 2328/14239/4704 2402/14240/4704 
f 2325/14241/4705 2328/14242/4705 2324/14243/4705 
f 2324/14244/4706 2402/14245/4706 2485/14246/4706 
f 2485/14247/4707 2402/14248/4707 2398/14249/4707 
f 2485/14250/4708 2398/14251/4708 2395/14252/4708 
f 2324/14253/4709 2485/14254/4709 2395/14255/4709 
f 2324/14256/4710 2395/14257/4710 2486/14258/4710 
f 2395/14259/4711 2394/14260/4711 2486/14261/4711 
f 2320/14262/4712 2486/14263/4712 2394/14264/4712 
f 2486/14265/4713 2320/14266/4713 2321/14267/4713 
f 2486/14268/4714 2321/14269/4714 2324/14270/4714 
f 2315/14271/4715 2320/14272/4715 2394/14273/4715 
f 2316/14274/4716 2320/14275/4716 2315/14276/4716 
f 2487/14277/4717 2315/14278/4717 2394/14279/4717 
f 2315/14280/4718 2487/14281/4718 2312/14282/4718 
f 2312/14283/4719 2487/14284/4719 2488/14285/4719 
f 2487/14286/4720 2489/14287/4720 2488/14288/4720 
f 2489/14289/4721 2487/14290/4721 2391/14291/4721 
f 2487/14292/4722 2394/14293/4722 2391/14294/4722 
f 2489/14295/4723 2391/14296/4723 2389/14297/4723 
f 2489/14298/4724 2389/14299/4724 2490/14300/4724 
f 2490/14301/4725 2389/14302/4725 2387/14303/4725 
f 2490/14304/4726 2387/14305/4726 2491/14306/4726 
f 2491/14307/4727 2387/14308/4727 2384/14309/4727 
f 2491/14310/4728 2384/14311/4728 2492/14312/4728 
f 2492/14313/4729 2384/14314/4729 2381/14315/4729 
f 2492/14316/4730 2381/14317/4730 2493/14318/4730 
f 2493/14319/4731 2381/14320/4731 2377/14321/4731 
f 2377/14322/4732 2376/14323/4732 2494/14324/4732 2493/14325/4732 
f 2494/14326/4733 2376/14327/4733 2495/14328/4733 
f 2495/14329/4734 2376/14330/4734 2374/14331/4734 
f 2495/14332/4735 2374/14333/4735 2496/14334/4735 
f 2496/14335/4736 2374/14336/4736 2373/14337/4736 
f 2497/14338/4737 2495/14339/4737 2496/14340/4737 
f 2498/14341/4738 2495/14342/4738 2497/14343/4738 
f 2498/14344/4739 2494/14345/4739 2495/14346/4739 
f 2499/14347/4740 2494/14348/4740 2498/14349/4740 
f 2499/14350/4741 2500/14351/4741 2494/14352/4741 
f 2501/14353/4742 2500/14354/4742 2499/14355/4742 
f 2501/14356/4743 2502/14357/4743 2500/14358/4743 
f 2502/14359/4744 2501/14360/4744 2309/14361/4744 2310/14362/4744 
f 2309/14363/4745 2501/14364/4745 2503/14365/4745 
f 2503/14366/4746 2501/14367/4746 2499/14368/4746 
f 2503/14369/4747 2499/14370/4747 2504/14371/4747 
f 2504/14372/4748 2499/14373/4748 2498/14374/4748 
f 2505/14375/4749 2504/14376/4749 2498/14377/4749 
f 2504/14378/4750 2505/14379/4750 2506/14380/4750 2507/14381/4750 
f 2507/14382/4751 2506/14383/4751 2508/14384/4751 2509/14385/4751 
f 2508/14386/4752 2510/14387/4752 2509/14388/4752 
f 2510/14389/4753 2307/14390/4753 2509/14391/4753 
f 2306/14392/4754 2307/14393/4754 2510/14394/4754 
f 2511/14395/4755 2306/14396/4755 2510/14397/4755 
f 2511/14398/4756 2512/14399/4756 2306/14400/4756 
f 2512/14401/4757 2513/14402/4757 2306/14403/4757 
f 2512/14404/4758 2514/14405/4758 2513/14406/4758 
f 2514/14407/4759 2515/14408/4759 2513/14409/4759 
f 2514/14410/4760 2516/14411/4760 2515/14412/4760 
f 2516/14413/4761 2517/14414/4761 2515/14415/4761 
f 2516/14416/4762 2518/14417/4762 2517/14418/4762 
f 2518/14419/4763 2519/14420/4763 2517/14421/4763 
f 2518/14422/4764 2359/14423/4764 2519/14424/4764 
f 2359/14425/4765 2353/14426/4765 2519/14427/4765 
f 2519/14428/4766 2353/14429/4766 2351/14430/4766 
f 2519/14431/4767 2351/14432/4767 2520/14433/4767 
f 2520/14434/4768 2351/14435/4768 2349/14436/4768 
f 2520/14437/4769 2349/14438/4769 2302/14439/4769 
f 2302/14440/4770 2349/14441/4770 2348/14442/4770 
f 2302/14443/4771 2348/14444/4771 2300/14445/4771 
f 2300/14446/4772 2348/14447/4772 2314/14448/4772 
f 2348/14449/4773 2317/14450/4773 2314/14451/4773 
f 2314/14452/4774 2317/14453/4774 2313/14454/4774 
f 2300/14455/4775 2314/14456/4775 2299/14457/4775 
f 2304/14458/4776 2520/14459/4776 2302/14460/4776 
f 2517/14461/4777 2520/14462/4777 2304/14463/4777 
f 2517/14464/4778 2519/14465/4778 2520/14466/4778 
f 2515/14467/4779 2517/14468/4779 2304/14469/4779 
f 2515/14470/4780 2304/14471/4780 2303/14472/4780 
f 2513/14473/4781 2515/14474/4781 2303/14475/4781 
f 2513/14476/4782 2303/14477/4782 2306/14478/4782 
f 2509/14479/4783 2307/14480/4783 2308/14481/4783 
f 2509/14482/4784 2308/14483/4784 2503/14484/4784 
f 2308/14485/4785 2309/14486/4785 2503/14487/4785 
f 2507/14488/4786 2509/14489/4786 2503/14490/4786 
f 2507/14491/4787 2503/14492/4787 2504/14493/4787 
f 2521/14494/4788 2505/14495/4788 2498/14496/4788 
f 2521/14497/4789 2498/14498/4789 2497/14499/4789 
f 2310/14500/4790 2522/14501/4790 2502/14502/4790 
f 2311/14503/4791 2522/14504/4791 2310/14505/4791 
f 2311/14506/4792 2488/14507/4792 2522/14508/4792 
f 2312/14509/4793 2488/14510/4793 2311/14511/4793 
f 2488/14512/4794 2490/14513/4794 2522/14514/4794 
f 2488/14515/4795 2489/14516/4795 2490/14517/4795 
f 2522/14518/4796 2490/14519/4796 2491/14520/4796 
f 2522/14521/4797 2491/14522/4797 2502/14523/4797 
f 2502/14524/4798 2491/14525/4798 2492/14526/4798 
f 2502/14527/4799 2492/14528/4799 2500/14529/4799 
f 2500/14530/4800 2492/14531/4800 2493/14532/4800 
f 2500/14533/4801 2493/14534/4801 2494/14535/4801 
f 2409/14536/4802 2421/14537/4802 2411/14538/4802 
f 2305/14539/4803 2294/14540/4803 2296/14541/4803 
